"transaction_id","client_id","produit_id","quantite","date_achat","paiement_valide","temps_livraison_jours","nom","saison","local","prix_unitaire","montant_total","age","region","prefere_produit_local"
1,972,9,6,2023-01-04,TRUE,50,"Onion","Unknown",TRUE,5.01,30.06,23,"Urban - Medium Density",TRUE
2,1648,37,0,2023-03-19,TRUE,7,"Radish","Unknown",TRUE,7.32,0,34,"Rural",FALSE
3,947,50,9,2023-09-11,TRUE,-2,"Sweet Potato","Unknown",FALSE,1.01,9.09,5,"Urban - High Density",TRUE
4,844,27,-3,2023-10-17,TRUE,50,"Peach","Winter",TRUE,13.88,-41.64,20,"Urban - High Density",TRUE
5,1639,43,8,2023-11-21,TRUE,3,"Pear","Unknown",TRUE,4.62,36.96,49,"Urban - High Density",TRUE
6,1655,47,0,2023-01-31,TRUE,5,"Mango","Summer",FALSE,2.32,0,63,"Urban - High Density",FALSE
7,1447,13,3,2023-04-06,TRUE,2,"Cucumber","All Seasons",NA,8.17,24.51,74,"Urban - High Density",TRUE
8,1183,28,2,2023-06-05,FALSE,5,"Raspberry","Unknown",TRUE,14.97,29.94,76,"Rural",TRUE
9,1206,50,3,2023-08-07,TRUE,6,"Sweet Potato","Unknown",FALSE,1.01,3.03,37,"Urban - High Density",FALSE
10,1769,28,-3,2023-05-17,TRUE,-2,"Raspberry","Unknown",TRUE,14.97,-44.91,62,"Urban - High Density",FALSE
11,1789,22,3,2023-03-05,FALSE,-2,"Green Bean","All Seasons",FALSE,-4.21,-12.63,36,"Urban - Medium Density",TRUE
12,490,31,10,2023-04-16,TRUE,1,"Chestnut","All Seasons",NA,0.13,1.3,26,"Urban - Medium Density",FALSE
13,491,30,7,2023-10-06,TRUE,5,"Lychee","All Seasons",TRUE,1.21,8.47,75,"Urban - Medium Density",TRUE
14,949,7,0,2023-08-30,TRUE,4,"Lettuce","Unknown",TRUE,8.68,0,29,"Urban - High Density",FALSE
15,1546,30,0,2023-05-06,TRUE,5,"Lychee","All Seasons",TRUE,1.21,0,54,"Rural",TRUE
16,7,10,5,2023-07-16,TRUE,2,"Blueberry","Summer",FALSE,4.44,22.2,29,"Urban - Medium Density",TRUE
17,1234,7,7,2023-12-17,TRUE,2,"Lettuce","Unknown",TRUE,8.68,60.76,63,"Urban - High Density",FALSE
18,1870,13,1,2023-05-28,TRUE,4,"Cucumber","All Seasons",NA,8.17,8.17,52,"Rural",TRUE
19,1925,21,10,2023-05-06,TRUE,1,"Sweet Potato","All Seasons",TRUE,12.3,123,67,"Unknown",TRUE
20,393,17,2,2023-09-29,TRUE,6,"Pea","All Seasons",TRUE,-2.07,-4.14,56,"Urban - High Density",FALSE
21,692,41,7,2023-01-11,FALSE,7,"Strawberry","Summer",TRUE,4.94,34.58,63,"Urban - Medium Density",TRUE
22,1625,22,0,2023-12-27,TRUE,7,"Green Bean","All Seasons",FALSE,-4.21,0,67,"Urban - High Density",FALSE
23,171,3,9,2023-08-11,TRUE,2,"Raspberry","Unknown",FALSE,10.26,92.34,60,"Urban - Medium Density",FALSE
24,1603,7,4,2023-06-15,TRUE,2,"Lettuce","Unknown",TRUE,8.68,34.72,48,"Urban - Medium Density",TRUE
25,1372,21,8,2023-04-29,TRUE,-2,"Sweet Potato","All Seasons",TRUE,12.3,98.4,54,"Urban - High Density",TRUE
26,529,34,9,2023-11-04,TRUE,2,"Celery","Winter",TRUE,5.77,51.93,58,"Urban - High Density",FALSE
27,1673,14,2,2023-10-03,NA,-2,"Fig","Summer",TRUE,3.67,7.34,52,"",FALSE
28,653,49,1,2023-01-06,FALSE,5,"Cherry","Summer",NA,1.84,1.84,5,"Urban - Medium Density",FALSE
29,201,49,10,2023-10-31,NA,7,"Cherry","Summer",NA,1.84,18.4,63,"Urban - High Density",FALSE
30,1434,3,9,2023-09-08,TRUE,3,"Raspberry","Unknown",FALSE,10.26,92.34,68,"Rural",TRUE
31,169,29,4,2023-11-12,TRUE,6,"Orange","Summer",FALSE,9.07,36.28,23,"Urban - High Density",FALSE
32,1104,42,2,2023-07-07,TRUE,6,"Pomegranate","Winter",TRUE,10.95,21.9,37,"Urban - Medium Density",TRUE
33,1868,7,9,2023-04-07,NA,4,"Lettuce","Unknown",TRUE,8.68,78.12,30,"Urban - Medium Density",FALSE
34,890,46,4,2023-02-10,TRUE,1,"Chestnut","All Seasons",TRUE,-4.08,-16.32,58,"Urban - High Density",NA
35,737,2,10,2023-10-16,TRUE,5,"Grape","Unknown",TRUE,10.56,105.6,46,"Urban - High Density",TRUE
36,325,11,6,2023-05-19,TRUE,4,"Strawberry","Summer",TRUE,5.35,32.1,55,"Rural",TRUE
37,1149,2,3,2023-10-17,TRUE,-2,"Grape","Unknown",TRUE,10.56,31.68,51,"Urban - Medium Density",TRUE
38,1362,26,0,2023-06-02,TRUE,5,"Mango","Summer",TRUE,-1.79,0,41,"Urban - High Density",TRUE
39,1675,10,1,2023-11-19,TRUE,3,"Blueberry","Summer",FALSE,4.44,4.44,60,"Urban - High Density",FALSE
40,1987,10,-3,2023-06-08,TRUE,4,"Blueberry","Summer",FALSE,4.44,-13.32,69,"",FALSE
41,1862,2,10,2023-09-18,TRUE,2,"Grape","Unknown",TRUE,10.56,105.6,44,"Urban - High Density",NA
42,811,17,-3,2023-04-26,TRUE,2,"Pea","All Seasons",TRUE,-2.07,6.21,49,"Urban - High Density",TRUE
43,1263,30,4,2023-12-28,TRUE,6,"Lychee","All Seasons",TRUE,1.21,4.84,76,"Rural",TRUE
44,927,25,2,2023-05-25,TRUE,1,"Broccoli","All Seasons",TRUE,3.11,6.22,42,"Urban - High Density",FALSE
45,274,7,7,2023-04-24,FALSE,4,"Lettuce","Unknown",TRUE,8.68,60.76,71,"Urban - High Density",FALSE
46,818,35,1,2023-10-03,TRUE,50,"Hazelnut","All Seasons",TRUE,6.96,6.96,35,"Urban - High Density",FALSE
47,1448,25,7,2023-12-22,TRUE,4,"Broccoli","All Seasons",TRUE,3.11,21.77,79,"Rural",FALSE
48,98,19,10,2023-02-24,TRUE,50,"Banana","Winter",TRUE,-0.17,-1.7,35,"",TRUE
49,1949,19,10,2023-07-01,TRUE,3,"Banana","Winter",TRUE,-0.17,-1.7,36,"",FALSE
50,868,12,-3,2023-07-11,TRUE,4,"Banana","All Seasons",TRUE,10.29,-30.87,36,"Urban - Medium Density",TRUE
51,1675,44,1,2023-12-16,TRUE,3,"Apple","Summer",TRUE,9.24,9.24,60,"Urban - High Density",FALSE
52,391,30,-3,2023-11-28,TRUE,4,"Lychee","All Seasons",TRUE,1.21,-3.63,5,"Urban - Medium Density",TRUE
53,530,47,-3,2023-04-16,TRUE,3,"Mango","Summer",FALSE,2.32,-6.96,20,"Urban - High Density",FALSE
54,931,38,10,2023-02-06,TRUE,3,"Apricot","Summer",TRUE,8.8,88,34,"Urban - Medium Density",FALSE
55,826,11,1,2023-10-02,NA,3,"Strawberry","Summer",TRUE,5.35,5.35,66,"Urban - High Density",FALSE
56,1268,39,2,2023-07-25,TRUE,5,"Mango","All Seasons",TRUE,10.84,21.68,55,"Urban - Medium Density",TRUE
57,536,31,-3,2023-01-17,TRUE,7,"Chestnut","All Seasons",NA,0.13,-0.39,22,"Urban - Medium Density",TRUE
58,82,31,3,2023-11-01,TRUE,5,"Chestnut","All Seasons",NA,0.13,0.39,47,"Urban - Medium Density",NA
59,1235,40,3,2023-07-09,FALSE,1,"Orange","Winter",FALSE,3.87,11.61,120,"Urban - Medium Density",TRUE
60,1644,9,7,2023-05-01,TRUE,2,"Onion","Unknown",TRUE,5.01,35.07,47,"Urban - High Density",NA
61,512,49,4,2023-06-24,TRUE,3,"Cherry","Summer",NA,1.84,7.36,68,"Urban - Medium Density",NA
62,341,24,8,2023-05-22,TRUE,4,"Asparagus","Winter",FALSE,2.01,16.08,76,"Urban - Medium Density",FALSE
63,307,27,8,2023-06-08,TRUE,50,"Peach","Winter",TRUE,13.88,111.04,58,"Urban - High Density",FALSE
64,64,19,10,2023-12-12,FALSE,4,"Banana","Winter",TRUE,-0.17,-1.7,65,"Urban - Medium Density",FALSE
65,875,12,9,2023-06-01,TRUE,-2,"Banana","All Seasons",TRUE,10.29,92.61,36,"Urban - Medium Density",TRUE
66,345,18,10,2023-11-09,TRUE,4,"Apple","All Seasons",TRUE,14.07,140.7,49,"Urban - Medium Density",TRUE
67,1567,38,2,2023-04-21,TRUE,5,"Apricot","Summer",TRUE,8.8,17.6,78,"Urban - Medium Density",TRUE
68,1259,34,0,2023-02-02,FALSE,-2,"Celery","Winter",TRUE,5.77,0,27,"Urban - Medium Density",FALSE
69,1991,7,1,2023-09-02,TRUE,-2,"Lettuce","Unknown",TRUE,8.68,8.68,50,"Urban - High Density",TRUE
70,234,6,1,2023-05-05,TRUE,-2,"Walnut","Summer",TRUE,-3.25,-3.25,34,"Rural",FALSE
71,1642,5,9,2023-03-21,TRUE,2,"Apricot","Summer",FALSE,10.18,91.62,45,"Rural",FALSE
72,1839,30,9,2023-11-15,TRUE,6,"Lychee","All Seasons",TRUE,1.21,10.89,69,"Urban - High Density",FALSE
73,372,14,10,2023-07-06,TRUE,7,"Fig","Summer",TRUE,3.67,36.7,75,"Urban - High Density",TRUE
74,1666,49,1,2023-09-20,TRUE,2,"Cherry","Summer",NA,1.84,1.84,59,"Urban - Medium Density",FALSE
75,382,36,6,2023-07-26,NA,5,"Raspberry","Summer",TRUE,5.87,35.22,51,"Rural",TRUE
76,898,43,10,2023-10-20,TRUE,4,"Pear","Unknown",TRUE,4.62,46.2,50,"Urban - High Density",TRUE
77,1714,15,10,2023-07-11,TRUE,3,"Cabbage","All Seasons",FALSE,3.34,33.4,33,"Urban - Medium Density",TRUE
78,1478,4,5,2023-12-09,TRUE,-2,"Watermelon","Unknown",TRUE,12.08,60.4,78,"Urban - Medium Density",TRUE
79,1162,19,9,2023-11-08,TRUE,7,"Banana","Winter",TRUE,-0.17,-1.53,22,"Urban - High Density",TRUE
80,1574,18,2,2023-03-24,TRUE,6,"Apple","All Seasons",TRUE,14.07,28.14,38,"Urban - Medium Density",TRUE
81,681,16,5,2023-08-15,TRUE,6,"Chestnut","Summer",TRUE,3.39,16.95,50,"Urban - Medium Density",TRUE
82,1363,25,4,2023-10-20,TRUE,2,"Broccoli","All Seasons",TRUE,3.11,12.44,58,"Urban - Medium Density",TRUE
83,1117,36,1,2023-06-07,TRUE,7,"Raspberry","Summer",TRUE,5.87,5.87,71,"Urban - Medium Density",FALSE
84,1532,20,2,2023-12-03,TRUE,3,"Corn","All Seasons",TRUE,12.25,24.5,71,"Urban - High Density",TRUE
85,1413,13,8,2023-10-07,TRUE,50,"Cucumber","All Seasons",NA,8.17,65.36,28,"Urban - Medium Density",NA
86,1721,4,4,2023-05-03,TRUE,5,"Watermelon","Unknown",TRUE,12.08,48.32,65,"Urban - High Density",TRUE
87,1704,7,7,2023-03-29,FALSE,50,"Lettuce","Unknown",TRUE,8.68,60.76,38,"Urban - High Density",TRUE
88,1358,37,6,2023-03-11,TRUE,4,"Radish","Unknown",TRUE,7.32,43.92,20,"Urban - Medium Density",NA
89,1098,35,1,2023-08-11,TRUE,3,"Hazelnut","All Seasons",TRUE,6.96,6.96,72,"Urban - High Density",TRUE
90,611,49,2,2023-05-06,TRUE,-2,"Cherry","Summer",NA,1.84,3.68,39,"Urban - Medium Density",FALSE
91,760,10,6,2023-04-12,TRUE,5,"Blueberry","Summer",FALSE,4.44,26.64,63,"Unknown",TRUE
92,741,21,7,2023-10-26,TRUE,7,"Sweet Potato","All Seasons",TRUE,12.3,86.1,20,"Urban - High Density",TRUE
93,1503,28,7,2023-08-20,TRUE,2,"Raspberry","Unknown",TRUE,14.97,104.79,43,"Urban - High Density",FALSE
94,498,32,-3,2023-01-01,FALSE,7,"Raspberry","All Seasons",TRUE,12.49,-37.47,32,"Urban - High Density",TRUE
95,204,23,1,2023-01-13,TRUE,50,"Corn","Winter",FALSE,1.53,1.53,76,"Urban - Medium Density",TRUE
96,65,18,5,2023-12-09,TRUE,6,"Apple","All Seasons",TRUE,14.07,70.35,61,"Rural",TRUE
97,145,33,10,2023-01-07,TRUE,3,"Banana","All Seasons",TRUE,13.25,132.5,38,"Urban - High Density",TRUE
98,1551,17,4,2023-06-06,TRUE,4,"Pea","All Seasons",TRUE,-2.07,-8.28,63,"Urban - High Density",TRUE
99,723,43,9,2023-01-24,TRUE,4,"Pear","Unknown",TRUE,4.62,41.58,38,"Urban - High Density",FALSE
100,588,40,-3,2023-01-16,TRUE,-2,"Orange","Winter",FALSE,3.87,-11.61,31,"Rural",TRUE
101,387,10,2,2023-02-24,TRUE,7,"Blueberry","Summer",FALSE,4.44,8.88,68,"Urban - High Density",NA
102,103,8,2,2023-12-22,TRUE,5,"Garlic","Winter",TRUE,3.66,7.32,57,"Urban - Medium Density",TRUE
103,943,50,2,2023-05-27,TRUE,5,"Sweet Potato","Unknown",FALSE,1.01,2.02,55,"Urban - Medium Density",FALSE
104,1978,1,1,2023-06-13,FALSE,2,"Strawberry","Unknown",TRUE,4.42,4.42,71,"Urban - Medium Density",TRUE
105,1071,27,6,2023-11-04,TRUE,5,"Peach","Winter",TRUE,13.88,83.28,51,"Urban - High Density",TRUE
106,667,21,9,2023-08-20,TRUE,2,"Sweet Potato","All Seasons",TRUE,12.3,110.7,18,"Urban - Medium Density",TRUE
107,1119,36,8,2023-06-20,TRUE,-2,"Raspberry","Summer",TRUE,5.87,46.96,60,"Urban - Medium Density",FALSE
108,168,6,0,2023-08-17,FALSE,3,"Walnut","Summer",TRUE,-3.25,0,40,"Urban - Medium Density",TRUE
109,1220,6,3,2023-04-25,TRUE,-2,"Walnut","Summer",TRUE,-3.25,-9.75,48,"Rural",NA
110,1761,45,5,2023-02-13,TRUE,5,"Apricot","All Seasons",TRUE,7.43,37.15,50,"Urban - High Density",TRUE
111,273,37,0,2023-08-29,TRUE,50,"Radish","Unknown",TRUE,7.32,0,21,"Rural",FALSE
112,8,14,6,2023-06-21,TRUE,1,"Fig","Summer",TRUE,3.67,22.02,40,"",FALSE
113,148,19,8,2023-02-02,TRUE,4,"Banana","Winter",TRUE,-0.17,-1.36,5,"Rural",FALSE
114,351,38,5,2023-10-01,TRUE,50,"Apricot","Summer",TRUE,8.8,44,66,"Urban - Medium Density",TRUE
115,905,9,8,2023-10-28,TRUE,6,"Onion","Unknown",TRUE,5.01,40.08,20,"Rural",TRUE
116,1583,40,10,2023-01-15,TRUE,6,"Orange","Winter",FALSE,3.87,38.7,34,"Urban - High Density",TRUE
117,319,25,7,2023-01-12,TRUE,50,"Broccoli","All Seasons",TRUE,3.11,21.77,36,"Urban - High Density",TRUE
118,51,10,3,2023-10-17,TRUE,50,"Blueberry","Summer",FALSE,4.44,13.32,40,"Urban - High Density",TRUE
119,42,29,1,2023-04-14,TRUE,50,"Orange","Summer",FALSE,9.07,9.07,46,"Urban - High Density",NA
120,210,8,4,2023-12-02,TRUE,3,"Garlic","Winter",TRUE,3.66,14.64,56,"Urban - High Density",TRUE
121,826,20,3,2023-10-04,TRUE,2,"Corn","All Seasons",TRUE,12.25,36.75,66,"Urban - High Density",FALSE
122,1961,26,7,2023-08-12,FALSE,7,"Mango","Summer",TRUE,-1.79,-12.53,5,"Urban - High Density",TRUE
123,869,4,0,2023-03-24,TRUE,3,"Watermelon","Unknown",TRUE,12.08,0,77,"Urban - High Density",FALSE
124,856,45,2,2023-08-28,FALSE,3,"Apricot","All Seasons",TRUE,7.43,14.86,30,"Urban - High Density",TRUE
125,613,43,10,2023-12-20,TRUE,4,"Pear","Unknown",TRUE,4.62,46.2,30,"Urban - Medium Density",FALSE
126,1226,44,10,2023-02-13,TRUE,-2,"Apple","Summer",TRUE,9.24,92.4,25,"Urban - High Density",NA
127,1547,22,5,2023-12-24,TRUE,2,"Green Bean","All Seasons",FALSE,-4.21,-21.05,78,"Urban - High Density",TRUE
128,722,50,5,2023-05-19,FALSE,3,"Sweet Potato","Unknown",FALSE,1.01,5.05,80,"Urban - Medium Density",FALSE
129,575,10,0,2023-06-18,TRUE,2,"Blueberry","Summer",FALSE,4.44,0,37,"Urban - High Density",FALSE
130,83,2,10,2023-06-30,TRUE,4,"Grape","Unknown",TRUE,10.56,105.6,36,"Urban - High Density",TRUE
131,339,50,5,2023-02-24,TRUE,1,"Sweet Potato","Unknown",FALSE,1.01,5.05,64,"Urban - High Density",TRUE
132,1128,20,-3,2023-03-17,TRUE,6,"Corn","All Seasons",TRUE,12.25,-36.75,79,"Urban - High Density",TRUE
133,1783,10,3,2023-02-14,TRUE,50,"Blueberry","Summer",FALSE,4.44,13.32,75,"Urban - High Density",TRUE
134,1208,25,5,NA,TRUE,4,"Broccoli","All Seasons",TRUE,3.11,15.55,70,"Unknown",TRUE
135,1227,46,2,2023-04-21,TRUE,4,"Chestnut","All Seasons",TRUE,-4.08,-8.16,43,"Urban - High Density",FALSE
136,1323,27,4,2023-03-07,TRUE,1,"Peach","Winter",TRUE,13.88,55.52,55,"Urban - Medium Density",FALSE
137,894,43,5,2023-02-06,TRUE,6,"Pear","Unknown",TRUE,4.62,23.1,65,"Urban - Medium Density",FALSE
138,884,5,10,2023-10-06,TRUE,2,"Apricot","Summer",FALSE,10.18,101.8,24,"Rural",TRUE
139,1269,35,0,2023-02-13,FALSE,50,"Hazelnut","All Seasons",TRUE,6.96,0,74,"Urban - High Density",FALSE
140,545,38,0,2023-01-10,TRUE,3,"Apricot","Summer",TRUE,8.8,0,80,"Urban - High Density",FALSE
141,1838,42,7,2023-11-17,FALSE,7,"Pomegranate","Winter",TRUE,10.95,76.65,5,"Urban - High Density",TRUE
142,309,30,10,2023-01-29,TRUE,7,"Lychee","All Seasons",TRUE,1.21,12.1,76,"Urban - High Density",TRUE
143,361,5,6,2023-11-07,TRUE,1,"Apricot","Summer",FALSE,10.18,61.08,40,"Urban - High Density",TRUE
144,247,45,5,2023-09-25,TRUE,3,"Apricot","All Seasons",TRUE,7.43,37.15,43,"Urban - High Density",TRUE
145,320,44,4,2023-09-27,TRUE,5,"Apple","Summer",TRUE,9.24,36.96,72,"Urban - Medium Density",TRUE
146,1734,21,8,2023-03-23,TRUE,2,"Sweet Potato","All Seasons",TRUE,12.3,98.4,42,"Urban - High Density",FALSE
147,1041,41,-3,2023-07-16,TRUE,2,"Strawberry","Summer",TRUE,4.94,-14.82,61,"Rural",FALSE
148,1258,36,1,2023-08-31,TRUE,1,"Raspberry","Summer",TRUE,5.87,5.87,42,"Urban - High Density",FALSE
149,1711,23,10,2023-10-01,TRUE,4,"Corn","Winter",FALSE,1.53,15.3,23,"Urban - Medium Density",TRUE
150,689,17,0,2023-03-21,TRUE,7,"Pea","All Seasons",TRUE,-2.07,0,77,"Urban - High Density",FALSE
151,1352,3,7,2023-10-06,TRUE,2,"Raspberry","Unknown",FALSE,10.26,71.82,68,"Urban - High Density",TRUE
152,205,20,2,2023-10-10,TRUE,-2,"Corn","All Seasons",TRUE,12.25,24.5,54,"Urban - Medium Density",TRUE
153,1562,11,2,2023-11-10,TRUE,7,"Strawberry","Summer",TRUE,5.35,10.7,35,"Urban - Medium Density",TRUE
154,1838,7,8,2023-04-05,TRUE,6,"Lettuce","Unknown",TRUE,8.68,69.44,5,"Urban - High Density",TRUE
155,1717,22,5,2023-05-28,TRUE,4,"Green Bean","All Seasons",FALSE,-4.21,-21.05,49,"Urban - High Density",NA
156,1448,21,4,2023-02-10,TRUE,7,"Sweet Potato","All Seasons",TRUE,12.3,49.2,79,"Rural",FALSE
157,66,47,9,2023-10-14,TRUE,3,"Mango","Summer",FALSE,2.32,20.88,32,"Urban - High Density",TRUE
158,1483,28,10,2023-12-06,TRUE,5,"Raspberry","Unknown",TRUE,14.97,149.7,76,"Unknown",TRUE
159,1638,24,6,2023-07-16,TRUE,6,"Asparagus","Winter",FALSE,2.01,12.06,53,"Rural",TRUE
160,589,23,-3,2023-06-30,TRUE,-2,"Corn","Winter",FALSE,1.53,-4.59,67,"Urban - High Density",TRUE
161,1742,8,5,2023-07-23,TRUE,50,"Garlic","Winter",TRUE,3.66,18.3,58,"Urban - High Density",TRUE
162,1575,25,3,2023-01-13,TRUE,-2,"Broccoli","All Seasons",TRUE,3.11,9.33,31,"Rural",FALSE
163,267,6,6,2023-12-27,TRUE,3,"Walnut","Summer",TRUE,-3.25,-19.5,23,"Urban - Medium Density",FALSE
164,1532,48,3,2023-03-11,TRUE,3,"Blueberry","Winter",TRUE,0.78,2.34,71,"Urban - High Density",TRUE
165,1963,6,5,2023-01-24,TRUE,3,"Walnut","Summer",TRUE,-3.25,-16.25,27,"Unknown",TRUE
166,1143,31,0,2023-08-01,TRUE,6,"Chestnut","All Seasons",NA,0.13,0,65,"Urban - High Density",TRUE
167,156,21,3,2023-11-08,TRUE,5,"Sweet Potato","All Seasons",TRUE,12.3,36.9,56,"Rural",TRUE
168,81,33,-3,2023-10-05,TRUE,-2,"Banana","All Seasons",TRUE,13.25,-39.75,39,"Urban - High Density",FALSE
169,348,5,2,2023-04-16,TRUE,7,"Apricot","Summer",FALSE,10.18,20.36,44,"Urban - High Density",FALSE
170,1705,15,-3,2023-08-30,TRUE,5,"Cabbage","All Seasons",FALSE,3.34,-10.02,69,"Urban - High Density",TRUE
171,949,14,9,2023-03-30,TRUE,50,"Fig","Summer",TRUE,3.67,33.03,29,"Urban - High Density",FALSE
172,609,25,1,2023-08-22,TRUE,2,"Broccoli","All Seasons",TRUE,3.11,3.11,59,"Urban - High Density",FALSE
173,1269,16,-3,2023-02-01,TRUE,6,"Chestnut","Summer",TRUE,3.39,-10.17,74,"Urban - High Density",FALSE
174,1013,29,0,2023-02-10,TRUE,4,"Orange","Summer",FALSE,9.07,0,80,"Urban - Medium Density",TRUE
175,949,2,6,2023-12-20,TRUE,6,"Grape","Unknown",TRUE,10.56,63.36,29,"Urban - High Density",FALSE
176,1075,10,2,2023-06-25,TRUE,1,"Blueberry","Summer",FALSE,4.44,8.88,48,"Rural",FALSE
177,1751,21,-3,2023-01-24,TRUE,2,"Sweet Potato","All Seasons",TRUE,12.3,-36.9,44,"Urban - High Density",FALSE
178,1734,40,8,2023-08-25,TRUE,6,"Orange","Winter",FALSE,3.87,30.96,42,"Urban - High Density",FALSE
179,1798,31,3,2023-01-26,TRUE,5,"Chestnut","All Seasons",NA,0.13,0.39,78,"Rural",TRUE
180,1842,14,-3,2023-03-01,TRUE,3,"Fig","Summer",TRUE,3.67,-11.01,54,"Urban - High Density",TRUE
181,292,31,9,2023-04-01,TRUE,50,"Chestnut","All Seasons",NA,0.13,1.17,75,"Rural",TRUE
182,1526,22,0,2023-11-17,TRUE,3,"Green Bean","All Seasons",FALSE,-4.21,0,50,"Urban - High Density",FALSE
183,1957,12,2,2023-05-01,TRUE,3,"Banana","All Seasons",TRUE,10.29,20.58,56,"Rural",FALSE
184,1950,17,7,2023-12-28,TRUE,50,"Pea","All Seasons",TRUE,-2.07,-14.49,46,"Rural",TRUE
185,737,13,5,2023-10-17,TRUE,-2,"Cucumber","All Seasons",NA,8.17,40.85,46,"Urban - High Density",TRUE
186,854,21,-3,2023-03-24,TRUE,-2,"Sweet Potato","All Seasons",TRUE,12.3,-36.9,67,"Urban - High Density",FALSE
187,948,39,3,2023-09-11,TRUE,5,"Mango","All Seasons",TRUE,10.84,32.52,49,"Rural",TRUE
188,1481,22,-3,2023-08-31,TRUE,5,"Green Bean","All Seasons",FALSE,-4.21,12.63,23,"Urban - High Density",TRUE
189,1256,43,10,2023-05-04,TRUE,-2,"Pear","Unknown",TRUE,4.62,46.2,20,"Urban - High Density",TRUE
190,1154,10,1,2023-07-10,TRUE,-2,"Blueberry","Summer",FALSE,4.44,4.44,45,"Urban - High Density",TRUE
191,1107,6,3,2023-12-01,TRUE,50,"Walnut","Summer",TRUE,-3.25,-9.75,59,"Urban - High Density",TRUE
192,727,22,2,2023-12-08,TRUE,5,"Green Bean","All Seasons",FALSE,-4.21,-8.42,78,"Urban - Medium Density",FALSE
193,704,13,3,2023-04-10,TRUE,1,"Cucumber","All Seasons",NA,8.17,24.51,69,"Urban - High Density",TRUE
194,999,12,1,2023-11-06,TRUE,4,"Banana","All Seasons",TRUE,10.29,10.29,42,"Urban - High Density",FALSE
195,455,4,9,2023-11-29,TRUE,50,"Watermelon","Unknown",TRUE,12.08,108.72,39,"Urban - Medium Density",NA
196,329,50,4,2023-08-10,TRUE,4,"Sweet Potato","Unknown",FALSE,1.01,4.04,64,"Unknown",TRUE
197,1944,24,1,2023-05-16,TRUE,2,"Asparagus","Winter",FALSE,2.01,2.01,74,"Urban - Medium Density",FALSE
198,1875,32,0,2023-12-07,TRUE,7,"Raspberry","All Seasons",TRUE,12.49,0,56,"Urban - High Density",FALSE
199,302,23,2,2023-07-27,TRUE,50,"Corn","Winter",FALSE,1.53,3.06,63,"Urban - High Density",FALSE
200,1302,15,6,2023-01-07,TRUE,5,"Cabbage","All Seasons",FALSE,3.34,20.04,19,"Urban - High Density",TRUE
201,1555,31,10,2023-12-13,TRUE,7,"Chestnut","All Seasons",NA,0.13,1.3,62,"Urban - Medium Density",TRUE
202,429,4,10,2023-05-22,TRUE,2,"Watermelon","Unknown",TRUE,12.08,120.8,5,"Rural",FALSE
203,1908,12,1,2023-01-28,TRUE,3,"Banana","All Seasons",TRUE,10.29,10.29,71,"Rural",TRUE
204,1929,1,1,2023-08-05,TRUE,2,"Strawberry","Unknown",TRUE,4.42,4.42,56,"Rural",TRUE
205,1770,27,4,2023-11-30,TRUE,1,"Peach","Winter",TRUE,13.88,55.52,19,"Urban - High Density",TRUE
206,682,40,3,2023-01-12,TRUE,50,"Orange","Winter",FALSE,3.87,11.61,45,"Urban - Medium Density",FALSE
207,1248,2,0,2023-11-11,TRUE,5,"Grape","Unknown",TRUE,10.56,0,39,"Urban - Medium Density",FALSE
208,804,50,-3,2023-02-22,TRUE,5,"Sweet Potato","Unknown",FALSE,1.01,-3.03,56,"Urban - High Density",FALSE
209,523,47,8,2023-05-21,TRUE,6,"Mango","Summer",FALSE,2.32,18.56,77,"Urban - High Density",FALSE
210,172,19,8,2023-04-08,TRUE,2,"Banana","Winter",TRUE,-0.17,-1.36,33,"Urban - High Density",FALSE
211,1560,5,5,2023-01-05,TRUE,4,"Apricot","Summer",FALSE,10.18,50.9,37,"Urban - High Density",FALSE
212,62,11,6,2023-08-24,TRUE,7,"Strawberry","Summer",TRUE,5.35,32.1,23,"Urban - Medium Density",FALSE
213,1508,24,7,2023-02-04,TRUE,7,"Asparagus","Winter",FALSE,2.01,14.07,35,"Urban - High Density",FALSE
214,509,14,4,2023-01-05,TRUE,50,"Fig","Summer",TRUE,3.67,14.68,33,"Urban - High Density",TRUE
215,312,3,4,2023-05-22,TRUE,5,"Raspberry","Unknown",FALSE,10.26,41.04,49,"Urban - Medium Density",TRUE
216,1843,39,2,2023-10-16,TRUE,2,"Mango","All Seasons",TRUE,10.84,21.68,60,"Rural",TRUE
217,470,46,0,2023-03-31,TRUE,2,"Chestnut","All Seasons",TRUE,-4.08,0,47,"Urban - High Density",FALSE
218,1483,22,4,2023-10-18,TRUE,4,"Green Bean","All Seasons",FALSE,-4.21,-16.84,76,"Unknown",TRUE
219,894,16,2,2023-10-01,TRUE,-2,"Chestnut","Summer",TRUE,3.39,6.78,65,"Urban - Medium Density",FALSE
220,369,46,9,2023-03-09,TRUE,2,"Chestnut","All Seasons",TRUE,-4.08,-36.72,46,"Urban - High Density",FALSE
221,678,24,7,2023-08-31,TRUE,7,"Asparagus","Winter",FALSE,2.01,14.07,37,"Urban - High Density",FALSE
222,1212,49,1,2023-09-01,TRUE,2,"Cherry","Summer",NA,1.84,1.84,30,"Urban - Medium Density",NA
223,1934,41,10,2023-07-27,TRUE,50,"Strawberry","Summer",TRUE,4.94,49.4,5,"Urban - Medium Density",FALSE
224,717,47,5,2023-10-03,TRUE,4,"Mango","Summer",FALSE,2.32,11.6,77,"Urban - High Density",TRUE
225,1261,12,7,2023-01-02,TRUE,2,"Banana","All Seasons",TRUE,10.29,72.03,120,"Urban - High Density",TRUE
226,254,8,7,2023-02-06,TRUE,-2,"Garlic","Winter",TRUE,3.66,25.62,74,"Urban - Medium Density",FALSE
227,897,47,0,2023-07-14,TRUE,7,"Mango","Summer",FALSE,2.32,0,66,"Urban - High Density",FALSE
228,233,19,3,2023-12-28,TRUE,-2,"Banana","Winter",TRUE,-0.17,-0.51,120,"Urban - High Density",FALSE
229,491,3,5,2023-05-11,FALSE,2,"Raspberry","Unknown",FALSE,10.26,51.3,75,"Urban - Medium Density",TRUE
230,495,27,8,2023-07-30,FALSE,7,"Peach","Winter",TRUE,13.88,111.04,23,"Urban - High Density",TRUE
231,403,9,9,2023-01-11,TRUE,7,"Onion","Unknown",TRUE,5.01,45.09,22,"Urban - Medium Density",TRUE
232,1334,26,9,2023-04-15,TRUE,2,"Mango","Summer",TRUE,-1.79,-16.11,30,"Urban - High Density",FALSE
233,329,17,6,2023-06-07,TRUE,1,"Pea","All Seasons",TRUE,-2.07,-12.42,64,"Unknown",TRUE
234,1593,48,1,2023-03-06,TRUE,5,"Blueberry","Winter",TRUE,0.78,0.78,46,"",TRUE
235,852,20,7,2023-01-14,NA,1,"Corn","All Seasons",TRUE,12.25,85.75,40,"Urban - Medium Density",FALSE
236,1569,1,7,2023-10-05,TRUE,3,"Strawberry","Unknown",TRUE,4.42,30.94,58,"Urban - Medium Density",TRUE
237,1641,28,5,2023-01-04,TRUE,50,"Raspberry","Unknown",TRUE,14.97,74.85,50,"Urban - Medium Density",FALSE
238,206,1,7,2023-02-10,TRUE,3,"Strawberry","Unknown",TRUE,4.42,30.94,46,"Rural",TRUE
239,1157,49,6,2023-12-01,TRUE,-2,"Cherry","Summer",NA,1.84,11.04,38,"Rural",FALSE
240,990,14,6,2023-08-14,TRUE,5,"Fig","Summer",TRUE,3.67,22.02,42,"Urban - High Density",TRUE
241,504,20,1,2023-05-23,TRUE,5,"Corn","All Seasons",TRUE,12.25,12.25,61,"Urban - High Density",TRUE
242,1897,33,5,2023-04-03,TRUE,1,"Banana","All Seasons",TRUE,13.25,66.25,49,"Urban - High Density",TRUE
243,1960,17,10,2023-03-10,TRUE,-2,"Pea","All Seasons",TRUE,-2.07,-20.7,19,"Urban - High Density",FALSE
244,1989,39,2,2023-05-13,TRUE,5,"Mango","All Seasons",TRUE,10.84,21.68,58,"Urban - High Density",TRUE
245,926,13,0,2023-09-08,TRUE,6,"Cucumber","All Seasons",NA,8.17,0,66,"Rural",FALSE
246,855,48,2,2023-04-14,TRUE,2,"Blueberry","Winter",TRUE,0.78,1.56,26,"Urban - High Density",TRUE
247,34,48,10,2023-06-11,TRUE,50,"Blueberry","Winter",TRUE,0.78,7.8,53,"",FALSE
248,30,22,9,2023-11-10,TRUE,50,"Green Bean","All Seasons",FALSE,-4.21,-37.89,49,"Urban - High Density",FALSE
249,860,10,9,2023-03-02,TRUE,2,"Blueberry","Summer",FALSE,4.44,39.96,32,"Urban - Medium Density",TRUE
250,657,27,3,2023-11-26,TRUE,4,"Peach","Winter",TRUE,13.88,41.64,51,"Rural",TRUE
251,1196,15,8,2023-07-04,TRUE,4,"Cabbage","All Seasons",FALSE,3.34,26.72,38,"Urban - High Density",TRUE
252,796,4,8,2023-02-20,TRUE,1,"Watermelon","Unknown",TRUE,12.08,96.64,34,"Urban - Medium Density",TRUE
253,1713,31,9,2023-12-22,TRUE,50,"Chestnut","All Seasons",NA,0.13,1.17,35,"Urban - Medium Density",TRUE
254,457,8,4,2023-12-19,TRUE,-2,"Garlic","Winter",TRUE,3.66,14.64,20,"Urban - High Density",FALSE
255,527,27,6,2023-02-11,TRUE,3,"Peach","Winter",TRUE,13.88,83.28,25,"Urban - High Density",FALSE
256,1845,19,6,2023-11-04,TRUE,5,"Banana","Winter",TRUE,-0.17,-1.02,59,"Urban - Medium Density",FALSE
257,693,34,4,2023-09-30,TRUE,6,"Celery","Winter",TRUE,5.77,23.08,30,"Urban - High Density",TRUE
258,1720,13,7,2023-06-03,TRUE,6,"Cucumber","All Seasons",NA,8.17,57.19,43,"Urban - High Density",TRUE
259,1734,48,-3,2023-08-26,TRUE,4,"Blueberry","Winter",TRUE,0.78,-2.34,42,"Urban - High Density",FALSE
260,901,31,9,2023-04-05,TRUE,50,"Chestnut","All Seasons",NA,0.13,1.17,69,"Urban - High Density",FALSE
261,1437,47,1,2023-05-01,TRUE,2,"Mango","Summer",FALSE,2.32,2.32,78,"Urban - High Density",TRUE
262,544,12,9,2023-08-20,TRUE,6,"Banana","All Seasons",TRUE,10.29,92.61,23,"Rural",FALSE
263,1082,11,5,2023-12-18,TRUE,4,"Strawberry","Summer",TRUE,5.35,26.75,71,"Urban - Medium Density",TRUE
264,289,2,10,2023-09-04,NA,7,"Grape","Unknown",TRUE,10.56,105.6,39,"Rural",TRUE
265,207,48,2,2023-04-17,TRUE,2,"Blueberry","Winter",TRUE,0.78,1.56,51,"Urban - High Density",TRUE
266,150,24,1,2023-08-31,TRUE,4,"Asparagus","Winter",FALSE,2.01,2.01,44,"Urban - Medium Density",TRUE
267,1907,45,4,2023-11-03,TRUE,6,"Apricot","All Seasons",TRUE,7.43,29.72,29,"Urban - High Density",FALSE
268,1273,13,7,2023-01-31,FALSE,7,"Cucumber","All Seasons",NA,8.17,57.19,72,"Urban - Medium Density",TRUE
269,834,30,2,2023-01-16,TRUE,2,"Lychee","All Seasons",TRUE,1.21,2.42,37,"Urban - High Density",TRUE
270,311,6,10,2023-12-17,TRUE,1,"Walnut","Summer",TRUE,-3.25,-32.5,76,"Urban - Medium Density",TRUE
271,1011,35,7,2023-03-24,TRUE,50,"Hazelnut","All Seasons",TRUE,6.96,48.72,57,"Urban - High Density",TRUE
272,901,40,3,2023-11-10,TRUE,50,"Orange","Winter",FALSE,3.87,11.61,69,"Urban - High Density",FALSE
273,913,22,4,2023-06-08,FALSE,2,"Green Bean","All Seasons",FALSE,-4.21,-16.84,79,"Rural",FALSE
274,468,31,-3,2023-11-26,TRUE,2,"Chestnut","All Seasons",NA,0.13,-0.39,59,"Urban - High Density",FALSE
275,59,35,-3,2023-11-30,TRUE,3,"Hazelnut","All Seasons",TRUE,6.96,-20.88,29,"Urban - High Density",FALSE
276,762,24,-3,2023-07-27,TRUE,-2,"Asparagus","Winter",FALSE,2.01,-6.03,41,"Urban - Medium Density",TRUE
277,649,31,5,2023-11-10,TRUE,1,"Chestnut","All Seasons",NA,0.13,0.65,74,"Urban - High Density",FALSE
278,242,47,6,2023-08-08,TRUE,50,"Mango","Summer",FALSE,2.32,13.92,48,"Urban - High Density",FALSE
279,897,19,2,2023-10-11,TRUE,7,"Banana","Winter",TRUE,-0.17,-0.34,66,"Urban - High Density",FALSE
280,259,39,0,2023-03-31,TRUE,1,"Mango","All Seasons",TRUE,10.84,0,25,"Urban - High Density",TRUE
281,1931,25,1,2023-05-23,TRUE,5,"Broccoli","All Seasons",TRUE,3.11,3.11,120,"Urban - High Density",TRUE
282,1504,8,1,2023-10-23,TRUE,6,"Garlic","Winter",TRUE,3.66,3.66,70,"Urban - Medium Density",FALSE
283,11,8,4,2024-01-01,TRUE,6,"Garlic","Winter",TRUE,3.66,14.64,41,"Urban - High Density",TRUE
284,1713,35,6,2023-11-23,TRUE,1,"Hazelnut","All Seasons",TRUE,6.96,41.76,35,"Urban - Medium Density",TRUE
285,926,7,9,2023-09-21,TRUE,3,"Lettuce","Unknown",TRUE,8.68,78.12,66,"Rural",FALSE
286,357,19,7,2023-06-01,TRUE,2,"Banana","Winter",TRUE,-0.17,-1.19,79,"Urban - High Density",TRUE
287,1309,28,7,2023-09-22,TRUE,7,"Raspberry","Unknown",TRUE,14.97,104.79,53,"Urban - High Density",FALSE
288,680,45,6,2023-06-07,TRUE,4,"Apricot","All Seasons",TRUE,7.43,44.58,30,"Urban - High Density",FALSE
289,911,17,-3,2023-05-05,TRUE,6,"Pea","All Seasons",TRUE,-2.07,6.21,48,"Urban - Medium Density",TRUE
290,469,25,8,2023-09-07,TRUE,5,"Broccoli","All Seasons",TRUE,3.11,24.88,57,"Urban - High Density",TRUE
291,143,26,1,2023-02-03,FALSE,2,"Mango","Summer",TRUE,-1.79,-1.79,39,"Rural",TRUE
292,1426,39,1,2023-05-21,TRUE,1,"Mango","All Seasons",TRUE,10.84,10.84,70,"Unknown",TRUE
293,639,40,2,2023-12-11,TRUE,4,"Orange","Winter",FALSE,3.87,7.74,76,"Urban - High Density",FALSE
294,882,33,9,2023-12-25,TRUE,1,"Banana","All Seasons",TRUE,13.25,119.25,48,"Urban - High Density",FALSE
295,1078,11,3,2023-12-13,FALSE,6,"Strawberry","Summer",TRUE,5.35,16.05,77,"Urban - High Density",TRUE
296,1058,22,4,2023-02-16,TRUE,-2,"Green Bean","All Seasons",FALSE,-4.21,-16.84,79,"Rural",FALSE
297,1447,32,7,2023-10-09,TRUE,50,"Raspberry","All Seasons",TRUE,12.49,87.43,74,"Urban - High Density",TRUE
298,1053,21,8,2023-05-28,TRUE,5,"Sweet Potato","All Seasons",TRUE,12.3,98.4,26,"Urban - High Density",FALSE
299,1991,10,7,2023-04-17,TRUE,6,"Blueberry","Summer",FALSE,4.44,31.08,50,"Urban - High Density",TRUE
300,1847,25,10,2023-02-23,TRUE,4,"Broccoli","All Seasons",TRUE,3.11,31.1,19,"Urban - High Density",FALSE
301,863,4,1,2023-08-13,TRUE,4,"Watermelon","Unknown",TRUE,12.08,12.08,39,"Urban - High Density",FALSE
302,585,3,3,2023-12-13,TRUE,7,"Raspberry","Unknown",FALSE,10.26,30.78,50,"Urban - High Density",TRUE
303,752,48,8,2023-07-18,TRUE,2,"Blueberry","Winter",TRUE,0.78,6.24,39,"Rural",TRUE
304,374,36,5,2023-06-22,TRUE,-2,"Raspberry","Summer",TRUE,5.87,29.35,38,"Urban - High Density",FALSE
305,195,8,0,2023-05-30,TRUE,7,"Garlic","Winter",TRUE,3.66,0,57,"Urban - High Density",TRUE
306,364,9,9,2023-10-29,TRUE,50,"Onion","Unknown",TRUE,5.01,45.09,37,"Rural",FALSE
307,1619,44,9,2023-11-16,TRUE,7,"Apple","Summer",TRUE,9.24,83.16,26,"Urban - Medium Density",TRUE
308,1555,24,3,2023-08-31,TRUE,-2,"Asparagus","Winter",FALSE,2.01,6.03,62,"Urban - Medium Density",TRUE
309,1605,26,0,2023-02-02,TRUE,4,"Mango","Summer",TRUE,-1.79,0,51,"Urban - Medium Density",TRUE
310,376,26,9,2023-05-28,TRUE,1,"Mango","Summer",TRUE,-1.79,-16.11,74,"",NA
311,1111,13,10,2023-06-28,TRUE,2,"Cucumber","All Seasons",NA,8.17,81.7,59,"Urban - High Density",TRUE
312,1412,13,3,2023-08-28,TRUE,6,"Cucumber","All Seasons",NA,8.17,24.51,79,"Urban - Medium Density",FALSE
313,553,8,2,2023-12-22,TRUE,6,"Garlic","Winter",TRUE,3.66,7.32,33,"Urban - Medium Density",TRUE
314,213,23,7,2023-04-06,TRUE,50,"Corn","Winter",FALSE,1.53,10.71,52,"Urban - High Density",FALSE
315,1625,7,8,2023-05-17,TRUE,4,"Lettuce","Unknown",TRUE,8.68,69.44,67,"Urban - High Density",FALSE
316,892,2,4,2023-07-30,NA,50,"Grape","Unknown",TRUE,10.56,42.24,31,"Urban - High Density",TRUE
317,991,25,2,2023-01-30,TRUE,3,"Broccoli","All Seasons",TRUE,3.11,6.22,77,"Urban - High Density",TRUE
318,1029,46,6,2023-02-19,TRUE,1,"Chestnut","All Seasons",TRUE,-4.08,-24.48,64,"Urban - High Density",TRUE
319,1412,43,-3,2023-04-30,TRUE,5,"Pear","Unknown",TRUE,4.62,-13.86,79,"Urban - Medium Density",FALSE
320,1969,11,1,2023-07-13,TRUE,7,"Strawberry","Summer",TRUE,5.35,5.35,74,"Urban - High Density",TRUE
321,1670,17,4,2023-08-16,TRUE,5,"Pea","All Seasons",TRUE,-2.07,-8.28,32,"Urban - High Density",TRUE
322,1209,46,0,2023-01-15,TRUE,7,"Chestnut","All Seasons",TRUE,-4.08,0,75,"Urban - Medium Density",TRUE
323,128,11,5,2023-11-06,TRUE,6,"Strawberry","Summer",TRUE,5.35,26.75,38,"Urban - High Density",FALSE
324,1639,32,1,2023-12-21,TRUE,7,"Raspberry","All Seasons",TRUE,12.49,12.49,49,"Urban - High Density",TRUE
325,573,25,0,2023-09-25,FALSE,4,"Broccoli","All Seasons",TRUE,3.11,0,58,"Urban - High Density",TRUE
326,637,22,5,2023-02-22,TRUE,4,"Green Bean","All Seasons",FALSE,-4.21,-21.05,21,"Rural",FALSE
327,1619,15,6,2023-08-29,TRUE,1,"Cabbage","All Seasons",FALSE,3.34,20.04,26,"Urban - Medium Density",TRUE
328,292,48,3,2023-04-09,TRUE,2,"Blueberry","Winter",TRUE,0.78,2.34,75,"Rural",TRUE
329,305,44,-3,2023-12-19,TRUE,-2,"Apple","Summer",TRUE,9.24,-27.72,24,"Urban - High Density",TRUE
330,801,40,3,2023-02-08,TRUE,4,"Orange","Winter",FALSE,3.87,11.61,78,"Urban - Medium Density",FALSE
331,1757,21,6,2023-06-26,TRUE,5,"Sweet Potato","All Seasons",TRUE,12.3,73.8,26,"Urban - Medium Density",TRUE
332,438,11,5,2023-12-27,TRUE,4,"Strawberry","Summer",TRUE,5.35,26.75,78,"Rural",FALSE
333,1297,32,-3,2023-01-18,TRUE,7,"Raspberry","All Seasons",TRUE,12.49,-37.47,41,"Urban - High Density",FALSE
334,1687,36,7,2023-10-23,TRUE,4,"Raspberry","Summer",TRUE,5.87,41.09,42,"Urban - High Density",TRUE
335,1766,48,5,2023-11-02,NA,50,"Blueberry","Winter",TRUE,0.78,3.9,31,"Urban - High Density",FALSE
336,63,20,7,2023-07-04,TRUE,6,"Corn","All Seasons",TRUE,12.25,85.75,66,"Urban - Medium Density",FALSE
337,1538,43,1,2023-10-21,TRUE,2,"Pear","Unknown",TRUE,4.62,4.62,74,"Urban - High Density",TRUE
338,347,22,2,2023-04-30,TRUE,2,"Green Bean","All Seasons",FALSE,-4.21,-8.42,69,"Urban - High Density",FALSE
339,840,50,0,2023-02-25,TRUE,50,"Sweet Potato","Unknown",FALSE,1.01,0,63,"Rural",FALSE
340,1601,23,8,2023-06-01,TRUE,2,"Corn","Winter",FALSE,1.53,12.24,34,"Urban - Medium Density",FALSE
341,829,40,2,2023-06-27,TRUE,50,"Orange","Winter",FALSE,3.87,7.74,59,"Urban - High Density",TRUE
342,586,21,3,2023-08-12,TRUE,3,"Sweet Potato","All Seasons",TRUE,12.3,36.9,78,"Urban - High Density",TRUE
343,4,12,9,2023-05-14,TRUE,7,"Banana","All Seasons",TRUE,10.29,92.61,57,"Urban - Medium Density",TRUE
344,572,42,4,2023-10-28,TRUE,1,"Pomegranate","Winter",TRUE,10.95,43.8,71,"Urban - High Density",FALSE
345,30,25,1,2023-07-02,TRUE,3,"Broccoli","All Seasons",TRUE,3.11,3.11,49,"Urban - High Density",FALSE
346,167,22,1,2023-11-18,TRUE,2,"Green Bean","All Seasons",FALSE,-4.21,-4.21,20,"Urban - High Density",TRUE
347,344,17,3,2023-08-02,TRUE,4,"Pea","All Seasons",TRUE,-2.07,-6.21,38,"Urban - High Density",FALSE
348,1697,47,7,2023-09-19,TRUE,5,"Mango","Summer",FALSE,2.32,16.24,63,"Urban - Medium Density",TRUE
349,1304,42,6,2023-10-25,TRUE,6,"Pomegranate","Winter",TRUE,10.95,65.7,70,"Urban - High Density",TRUE
350,246,50,4,2023-09-16,TRUE,2,"Sweet Potato","Unknown",FALSE,1.01,4.04,68,"Urban - High Density",FALSE
351,619,42,5,2023-04-15,TRUE,1,"Pomegranate","Winter",TRUE,10.95,54.75,40,"Urban - High Density",FALSE
352,222,24,9,2023-03-13,TRUE,3,"Asparagus","Winter",FALSE,2.01,18.09,55,"Urban - Medium Density",FALSE
353,1197,29,10,2023-01-27,TRUE,3,"Orange","Summer",FALSE,9.07,90.7,34,"Urban - High Density",FALSE
354,380,12,9,2023-05-17,TRUE,3,"Banana","All Seasons",TRUE,10.29,92.61,60,"Urban - High Density",FALSE
355,1001,45,2,2023-06-16,TRUE,5,"Apricot","All Seasons",TRUE,7.43,14.86,64,"Urban - High Density",FALSE
356,1087,18,1,2023-05-27,TRUE,4,"Apple","All Seasons",TRUE,14.07,14.07,77,"Urban - High Density",FALSE
357,1080,6,3,2023-11-08,TRUE,5,"Walnut","Summer",TRUE,-3.25,-9.75,55,"Rural",TRUE
358,837,4,9,2024-01-01,TRUE,1,"Watermelon","Unknown",TRUE,12.08,108.72,120,"Urban - High Density",TRUE
359,1209,1,10,2023-11-19,TRUE,6,"Strawberry","Unknown",TRUE,4.42,44.2,75,"Urban - Medium Density",TRUE
360,1222,31,1,2023-04-17,TRUE,50,"Chestnut","All Seasons",NA,0.13,0.13,30,"Rural",TRUE
361,828,21,10,2023-05-16,TRUE,1,"Sweet Potato","All Seasons",TRUE,12.3,123,21,"Urban - High Density",FALSE
362,903,16,4,2023-04-13,TRUE,2,"Chestnut","Summer",TRUE,3.39,13.56,55,"Urban - High Density",TRUE
363,1661,11,3,2023-09-25,TRUE,1,"Strawberry","Summer",TRUE,5.35,16.05,76,"Rural",TRUE
364,141,28,4,2023-12-17,TRUE,5,"Raspberry","Unknown",TRUE,14.97,59.88,40,"Urban - Medium Density",TRUE
365,13,40,0,2023-12-08,TRUE,5,"Orange","Winter",FALSE,3.87,0,57,"Urban - Medium Density",FALSE
366,1033,33,4,2023-08-14,TRUE,50,"Banana","All Seasons",TRUE,13.25,53,44,"Urban - High Density",TRUE
367,563,19,10,2023-11-18,TRUE,4,"Banana","Winter",TRUE,-0.17,-1.7,40,"Urban - High Density",TRUE
368,637,48,4,2023-09-10,TRUE,50,"Blueberry","Winter",TRUE,0.78,3.12,21,"Rural",FALSE
369,1539,47,9,2023-08-19,TRUE,7,"Mango","Summer",FALSE,2.32,20.88,40,"Urban - Medium Density",FALSE
370,589,18,8,2023-09-04,TRUE,1,"Apple","All Seasons",TRUE,14.07,112.56,67,"Urban - High Density",TRUE
371,1695,25,2,2023-03-10,TRUE,50,"Broccoli","All Seasons",TRUE,3.11,6.22,60,"Unknown",FALSE
372,342,45,5,2023-06-12,TRUE,50,"Apricot","All Seasons",TRUE,7.43,37.15,53,"Urban - High Density",TRUE
373,1387,15,3,2023-04-25,FALSE,50,"Cabbage","All Seasons",FALSE,3.34,10.02,26,"Urban - High Density",TRUE
374,1721,42,-3,2023-05-31,TRUE,-2,"Pomegranate","Winter",TRUE,10.95,-32.85,65,"Urban - High Density",TRUE
375,788,47,4,2023-03-25,TRUE,7,"Mango","Summer",FALSE,2.32,9.28,37,"Urban - High Density",FALSE
376,1153,31,4,2023-05-13,TRUE,1,"Chestnut","All Seasons",NA,0.13,0.52,26,"Rural",FALSE
377,1365,47,8,2023-02-25,TRUE,7,"Mango","Summer",FALSE,2.32,18.56,80,"Urban - High Density",TRUE
378,1056,48,7,2023-02-01,TRUE,5,"Blueberry","Winter",TRUE,0.78,5.46,57,"Urban - High Density",FALSE
379,943,11,0,2023-05-22,TRUE,5,"Strawberry","Summer",TRUE,5.35,0,55,"Urban - Medium Density",FALSE
380,1224,22,0,2023-10-22,TRUE,5,"Green Bean","All Seasons",FALSE,-4.21,0,63,"Urban - High Density",TRUE
381,604,27,8,2023-05-29,TRUE,2,"Peach","Winter",TRUE,13.88,111.04,28,"Urban - High Density",TRUE
382,1816,22,2,2023-02-12,TRUE,1,"Green Bean","All Seasons",FALSE,-4.21,-8.42,62,"Urban - High Density",TRUE
383,39,38,6,2023-05-29,TRUE,1,"Apricot","Summer",TRUE,8.8,52.8,31,"Unknown",FALSE
384,433,36,8,2023-10-19,TRUE,-2,"Raspberry","Summer",TRUE,5.87,46.96,50,"Urban - High Density",FALSE
385,1342,26,5,2023-01-02,TRUE,-2,"Mango","Summer",TRUE,-1.79,-8.95,23,"Urban - High Density",TRUE
386,747,14,7,2023-12-23,TRUE,7,"Fig","Summer",TRUE,3.67,25.69,21,"Rural",FALSE
387,1787,26,7,2023-01-05,TRUE,7,"Mango","Summer",TRUE,-1.79,-12.53,69,"Urban - Medium Density",FALSE
388,1019,44,8,2023-06-04,TRUE,5,"Apple","Summer",TRUE,9.24,73.92,67,"Rural",TRUE
389,693,39,8,2023-05-19,TRUE,5,"Mango","All Seasons",TRUE,10.84,86.72,30,"Urban - High Density",TRUE
390,636,1,8,2023-10-26,TRUE,6,"Strawberry","Unknown",TRUE,4.42,35.36,54,"Urban - Medium Density",FALSE
391,591,32,7,2023-01-26,TRUE,3,"Raspberry","All Seasons",TRUE,12.49,87.43,69,"Urban - Medium Density",TRUE
392,1152,9,6,2023-08-11,TRUE,2,"Onion","Unknown",TRUE,5.01,30.06,27,"Rural",TRUE
393,1328,26,3,2023-12-12,TRUE,5,"Mango","Summer",TRUE,-1.79,-5.37,63,"Urban - High Density",TRUE
394,1858,20,-3,2023-03-19,TRUE,1,"Corn","All Seasons",TRUE,12.25,-36.75,79,"Urban - High Density",TRUE
395,1170,34,0,2023-09-01,TRUE,6,"Celery","Winter",TRUE,5.77,0,76,"Urban - High Density",NA
396,1820,3,6,2023-04-10,TRUE,7,"Raspberry","Unknown",FALSE,10.26,61.56,27,"Urban - High Density",FALSE
397,447,27,8,2023-03-17,TRUE,-2,"Peach","Winter",TRUE,13.88,111.04,71,"Urban - High Density",FALSE
398,188,35,8,2023-06-12,TRUE,50,"Hazelnut","All Seasons",TRUE,6.96,55.68,28,"Urban - High Density",FALSE
399,1566,39,-3,2023-08-24,TRUE,-2,"Mango","All Seasons",TRUE,10.84,-32.52,32,"Urban - High Density",FALSE
400,231,22,5,2023-01-11,TRUE,3,"Green Bean","All Seasons",FALSE,-4.21,-21.05,78,"Urban - Medium Density",TRUE
401,1444,23,5,2023-07-24,TRUE,-2,"Corn","Winter",FALSE,1.53,7.65,29,"Urban - Medium Density",TRUE
402,622,1,8,2023-03-04,TRUE,2,"Strawberry","Unknown",TRUE,4.42,35.36,42,"Urban - Medium Density",TRUE
403,1726,48,7,2023-11-21,TRUE,5,"Blueberry","Winter",TRUE,0.78,5.46,47,"Urban - Medium Density",TRUE
404,1326,48,7,2023-09-19,TRUE,50,"Blueberry","Winter",TRUE,0.78,5.46,20,"Urban - High Density",FALSE
405,1227,24,8,2023-04-17,TRUE,5,"Asparagus","Winter",FALSE,2.01,16.08,43,"Urban - High Density",FALSE
406,1524,24,10,2023-12-09,TRUE,-2,"Asparagus","Winter",FALSE,2.01,20.1,22,"Urban - High Density",FALSE
407,1370,46,7,2023-02-26,TRUE,1,"Chestnut","All Seasons",TRUE,-4.08,-28.56,38,"Urban - High Density",FALSE
408,1248,4,5,2023-01-19,TRUE,-2,"Watermelon","Unknown",TRUE,12.08,60.4,39,"Urban - Medium Density",FALSE
409,588,44,8,2023-05-05,TRUE,1,"Apple","Summer",TRUE,9.24,73.92,31,"Rural",TRUE
410,1488,17,8,2023-11-18,TRUE,2,"Pea","All Seasons",TRUE,-2.07,-16.56,67,"Urban - High Density",FALSE
411,1136,6,3,NA,TRUE,6,"Walnut","Summer",TRUE,-3.25,-9.75,62,"Urban - High Density",TRUE
412,114,29,0,2023-02-10,TRUE,50,"Orange","Summer",FALSE,9.07,0,29,"Urban - High Density",TRUE
413,1026,15,2,2023-07-19,TRUE,1,"Cabbage","All Seasons",FALSE,3.34,6.68,74,"Urban - Medium Density",FALSE
414,1092,25,-3,2023-10-09,TRUE,4,"Broccoli","All Seasons",TRUE,3.11,-9.33,43,"Urban - Medium Density",TRUE
415,1500,44,2,2023-06-19,TRUE,1,"Apple","Summer",TRUE,9.24,18.48,26,"Urban - Medium Density",FALSE
416,436,18,7,2023-10-23,TRUE,-2,"Apple","All Seasons",TRUE,14.07,98.49,38,"Urban - High Density",TRUE
417,1568,31,7,2023-05-23,TRUE,50,"Chestnut","All Seasons",NA,0.13,0.91,48,"Urban - High Density",TRUE
418,991,4,8,2023-06-27,TRUE,6,"Watermelon","Unknown",TRUE,12.08,96.64,77,"Urban - High Density",TRUE
419,383,44,8,2023-11-15,TRUE,3,"Apple","Summer",TRUE,9.24,73.92,54,"Rural",FALSE
420,799,25,8,2023-12-18,TRUE,7,"Broccoli","All Seasons",TRUE,3.11,24.88,66,"Urban - High Density",TRUE
421,633,38,1,2023-02-20,TRUE,5,"Apricot","Summer",TRUE,8.8,8.8,25,"Rural",TRUE
422,1135,27,1,2023-12-01,TRUE,1,"Peach","Winter",TRUE,13.88,13.88,41,"Unknown",TRUE
423,1974,37,3,2023-06-25,TRUE,4,"Radish","Unknown",TRUE,7.32,21.96,50,"Urban - High Density",NA
424,1801,17,4,2023-01-28,TRUE,5,"Pea","All Seasons",TRUE,-2.07,-8.28,27,"Urban - High Density",TRUE
425,1441,42,1,2023-02-09,TRUE,1,"Pomegranate","Winter",TRUE,10.95,10.95,29,"Urban - High Density",FALSE
426,593,31,9,2023-02-01,TRUE,6,"Chestnut","All Seasons",NA,0.13,1.17,28,"Urban - High Density",NA
427,680,34,5,2023-11-24,TRUE,4,"Celery","Winter",TRUE,5.77,28.85,30,"Urban - High Density",FALSE
428,427,34,0,2023-02-19,TRUE,1,"Celery","Winter",TRUE,5.77,0,79,"Urban - High Density",TRUE
429,216,11,10,2023-12-07,TRUE,4,"Strawberry","Summer",TRUE,5.35,53.5,36,"Urban - Medium Density",FALSE
430,170,2,7,2023-10-26,TRUE,50,"Grape","Unknown",TRUE,10.56,73.92,70,"Urban - High Density",TRUE
431,1590,14,10,2023-01-02,TRUE,2,"Fig","Summer",TRUE,3.67,36.7,30,"Urban - High Density",TRUE
432,1202,48,8,2023-06-12,TRUE,7,"Blueberry","Winter",TRUE,0.78,6.24,26,"Urban - High Density",TRUE
433,901,31,5,2023-10-23,TRUE,2,"Chestnut","All Seasons",NA,0.13,0.65,69,"Urban - High Density",FALSE
434,1745,24,2,2023-08-13,FALSE,7,"Asparagus","Winter",FALSE,2.01,4.02,75,"Urban - Medium Density",TRUE
435,1187,3,2,2023-03-26,TRUE,50,"Raspberry","Unknown",FALSE,10.26,20.52,36,"Urban - Medium Density",NA
436,1432,15,6,2023-09-06,TRUE,1,"Cabbage","All Seasons",FALSE,3.34,20.04,24,"Urban - Medium Density",FALSE
437,284,5,5,2023-01-15,FALSE,5,"Apricot","Summer",FALSE,10.18,50.9,53,"Urban - High Density",TRUE
438,829,47,0,2023-07-12,TRUE,2,"Mango","Summer",FALSE,2.32,0,59,"Urban - High Density",TRUE
439,1596,23,9,2023-12-08,TRUE,7,"Corn","Winter",FALSE,1.53,13.77,39,"Urban - Medium Density",TRUE
440,1697,35,8,2023-01-19,FALSE,4,"Hazelnut","All Seasons",TRUE,6.96,55.68,63,"Urban - Medium Density",TRUE
441,1868,34,2,2023-03-19,TRUE,1,"Celery","Winter",TRUE,5.77,11.54,30,"Urban - Medium Density",FALSE
442,528,36,8,2023-04-17,TRUE,7,"Raspberry","Summer",TRUE,5.87,46.96,120,"Urban - High Density",TRUE
443,121,37,-3,2023-07-28,TRUE,50,"Radish","Unknown",TRUE,7.32,-21.96,22,"Urban - High Density",TRUE
444,1784,32,6,2023-05-27,TRUE,6,"Raspberry","All Seasons",TRUE,12.49,74.94,25,"Urban - Medium Density",FALSE
445,1844,9,2,2023-11-30,TRUE,4,"Onion","Unknown",TRUE,5.01,10.02,39,"Urban - High Density",TRUE
446,1508,36,2,2023-04-18,TRUE,5,"Raspberry","Summer",TRUE,5.87,11.74,35,"Urban - High Density",FALSE
447,245,5,6,2023-08-10,TRUE,3,"Apricot","Summer",FALSE,10.18,61.08,27,"Urban - High Density",TRUE
448,338,8,2,2023-07-03,FALSE,-2,"Garlic","Winter",TRUE,3.66,7.32,74,"Rural",FALSE
449,1744,3,9,2023-11-21,TRUE,5,"Raspberry","Unknown",FALSE,10.26,92.34,53,"Urban - Medium Density",TRUE
450,1292,18,-3,2023-11-29,TRUE,50,"Apple","All Seasons",TRUE,14.07,-42.21,79,"Urban - High Density",TRUE
451,1468,44,7,2023-12-19,TRUE,3,"Apple","Summer",TRUE,9.24,64.68,44,"Rural",TRUE
452,1214,41,0,2023-12-05,TRUE,3,"Strawberry","Summer",TRUE,4.94,0,51,"Urban - High Density",TRUE
453,135,12,9,2023-05-11,TRUE,50,"Banana","All Seasons",TRUE,10.29,92.61,69,"Urban - High Density",FALSE
454,1855,31,7,2023-04-12,TRUE,3,"Chestnut","All Seasons",NA,0.13,0.91,5,"Urban - Medium Density",TRUE
455,1103,8,9,2023-10-18,TRUE,4,"Garlic","Winter",TRUE,3.66,32.94,70,"Urban - High Density",TRUE
456,625,32,10,2023-03-20,TRUE,6,"Raspberry","All Seasons",TRUE,12.49,124.9,78,"Urban - High Density",NA
457,1163,20,0,2023-06-27,TRUE,4,"Corn","All Seasons",TRUE,12.25,0,66,"Urban - Medium Density",TRUE
458,835,38,3,2023-06-03,TRUE,7,"Apricot","Summer",TRUE,8.8,26.4,26,"Urban - High Density",TRUE
459,1272,1,7,2023-11-14,TRUE,6,"Strawberry","Unknown",TRUE,4.42,30.94,24,"Urban - High Density",TRUE
460,1778,24,9,2023-05-03,TRUE,7,"Asparagus","Winter",FALSE,2.01,18.09,55,"Urban - Medium Density",FALSE
461,1099,28,3,2023-10-23,TRUE,7,"Raspberry","Unknown",TRUE,14.97,44.91,61,"Rural",TRUE
462,28,9,0,2023-11-19,TRUE,4,"Onion","Unknown",TRUE,5.01,0,42,"Urban - High Density",FALSE
463,691,43,7,2023-10-01,TRUE,1,"Pear","Unknown",TRUE,4.62,32.34,47,"Urban - High Density",NA
464,517,22,1,2023-12-26,TRUE,-2,"Green Bean","All Seasons",FALSE,-4.21,-4.21,59,"Urban - High Density",FALSE
465,288,40,5,2023-11-04,TRUE,5,"Orange","Winter",FALSE,3.87,19.35,37,"Rural",TRUE
466,657,19,2,2023-04-26,TRUE,7,"Banana","Winter",TRUE,-0.17,-0.34,51,"Rural",TRUE
467,100,37,3,2023-11-22,TRUE,-2,"Radish","Unknown",TRUE,7.32,21.96,67,"Rural",TRUE
468,1290,1,6,2023-06-20,TRUE,6,"Strawberry","Unknown",TRUE,4.42,26.52,29,"Urban - High Density",TRUE
469,1750,7,-3,2023-09-29,TRUE,4,"Lettuce","Unknown",TRUE,8.68,-26.04,47,"Urban - High Density",TRUE
470,1806,19,-3,2023-05-12,TRUE,4,"Banana","Winter",TRUE,-0.17,0.51,75,"Rural",TRUE
471,836,4,8,2023-05-24,TRUE,50,"Watermelon","Unknown",TRUE,12.08,96.64,42,"Urban - High Density",TRUE
472,341,45,5,2023-02-28,TRUE,5,"Apricot","All Seasons",TRUE,7.43,37.15,76,"Urban - Medium Density",FALSE
473,172,40,6,2023-09-27,TRUE,6,"Orange","Winter",FALSE,3.87,23.22,33,"Urban - High Density",FALSE
474,1967,19,4,2023-12-29,TRUE,2,"Banana","Winter",TRUE,-0.17,-0.68,43,"Unknown",TRUE
475,786,32,4,2023-05-23,TRUE,5,"Raspberry","All Seasons",TRUE,12.49,49.96,64,"Urban - Medium Density",TRUE
476,677,14,1,2024-01-01,TRUE,2,"Fig","Summer",TRUE,3.67,3.67,50,"Urban - High Density",TRUE
477,277,39,4,2023-12-17,TRUE,7,"Mango","All Seasons",TRUE,10.84,43.36,55,"Urban - High Density",TRUE
478,1825,27,4,2023-11-16,TRUE,2,"Peach","Winter",TRUE,13.88,55.52,67,"Urban - High Density",TRUE
479,1995,8,7,2023-10-08,TRUE,3,"Garlic","Winter",TRUE,3.66,25.62,33,"Urban - High Density",TRUE
480,1751,22,2,2023-07-20,TRUE,-2,"Green Bean","All Seasons",FALSE,-4.21,-8.42,44,"Urban - High Density",FALSE
481,336,21,7,2023-05-08,TRUE,3,"Sweet Potato","All Seasons",TRUE,12.3,86.1,77,"Urban - High Density",FALSE
482,636,34,0,2023-02-22,TRUE,7,"Celery","Winter",TRUE,5.77,0,54,"Urban - Medium Density",FALSE
483,1561,42,3,2023-12-17,TRUE,1,"Pomegranate","Winter",TRUE,10.95,32.85,38,"Rural",TRUE
484,310,39,9,2023-09-07,TRUE,6,"Mango","All Seasons",TRUE,10.84,97.56,70,"Urban - Medium Density",TRUE
485,1415,3,10,2023-06-03,TRUE,3,"Raspberry","Unknown",FALSE,10.26,102.6,68,"Urban - High Density",FALSE
486,633,29,4,2023-10-07,TRUE,4,"Orange","Summer",FALSE,9.07,36.28,25,"Rural",TRUE
487,1812,40,9,2023-03-29,TRUE,6,"Orange","Winter",FALSE,3.87,34.83,49,"Urban - High Density",TRUE
488,796,11,4,2023-11-22,TRUE,7,"Strawberry","Summer",TRUE,5.35,21.4,34,"Urban - Medium Density",TRUE
489,164,29,-3,2023-10-11,TRUE,3,"Orange","Summer",FALSE,9.07,-27.21,50,"Urban - Medium Density",FALSE
490,1463,42,1,2023-12-03,TRUE,4,"Pomegranate","Winter",TRUE,10.95,10.95,76,"Rural",TRUE
491,885,26,3,2023-10-04,TRUE,3,"Mango","Summer",TRUE,-1.79,-5.37,46,"",FALSE
492,1339,6,4,2023-10-20,TRUE,1,"Walnut","Summer",TRUE,-3.25,-13,72,"Urban - Medium Density",TRUE
493,1008,49,-3,2024-01-01,TRUE,50,"Cherry","Summer",NA,1.84,-5.52,24,"Urban - High Density",TRUE
494,1962,36,7,2023-07-28,TRUE,50,"Raspberry","Summer",TRUE,5.87,41.09,47,"Urban - High Density",FALSE
495,774,19,5,2023-10-28,TRUE,2,"Banana","Winter",TRUE,-0.17,-0.85,41,"Rural",TRUE
496,919,27,2,2023-02-05,TRUE,1,"Peach","Winter",TRUE,13.88,27.76,48,"Urban - Medium Density",TRUE
497,1437,22,6,2023-04-26,TRUE,1,"Green Bean","All Seasons",FALSE,-4.21,-25.26,78,"Urban - High Density",TRUE
498,1890,15,8,2023-01-04,TRUE,50,"Cabbage","All Seasons",FALSE,3.34,26.72,50,"Rural",TRUE
499,1533,5,9,2023-12-10,TRUE,2,"Apricot","Summer",FALSE,10.18,91.62,26,"Urban - Medium Density",FALSE
500,1746,49,2,2023-05-31,TRUE,5,"Cherry","Summer",NA,1.84,3.68,32,"Urban - High Density",TRUE
501,1865,32,10,2023-06-09,TRUE,1,"Raspberry","All Seasons",TRUE,12.49,124.9,74,"Urban - High Density",TRUE
502,702,48,9,2023-03-13,TRUE,2,"Blueberry","Winter",TRUE,0.78,7.02,50,"Urban - High Density",TRUE
503,367,4,9,2023-09-26,TRUE,7,"Watermelon","Unknown",TRUE,12.08,108.72,79,"Urban - High Density",TRUE
504,1005,10,9,2023-04-06,TRUE,3,"Blueberry","Summer",FALSE,4.44,39.96,35,"Urban - Medium Density",TRUE
505,1988,42,7,2023-03-02,TRUE,6,"Pomegranate","Winter",TRUE,10.95,76.65,20,"Urban - Medium Density",TRUE
506,1354,36,1,2023-10-25,TRUE,6,"Raspberry","Summer",TRUE,5.87,5.87,27,"Urban - Medium Density",FALSE
507,62,34,1,2023-08-10,TRUE,4,"Celery","Winter",TRUE,5.77,5.77,23,"Urban - Medium Density",FALSE
508,1969,30,4,2023-12-28,TRUE,50,"Lychee","All Seasons",TRUE,1.21,4.84,74,"Urban - High Density",TRUE
509,1794,32,0,2023-04-02,TRUE,3,"Raspberry","All Seasons",TRUE,12.49,0,19,"Urban - Medium Density",FALSE
510,590,27,10,2023-03-23,TRUE,2,"Peach","Winter",TRUE,13.88,138.8,50,"Unknown",FALSE
511,681,26,10,2023-01-16,TRUE,50,"Mango","Summer",TRUE,-1.79,-17.9,50,"Urban - Medium Density",TRUE
512,1579,14,3,2023-08-20,TRUE,-2,"Fig","Summer",TRUE,3.67,11.01,22,"Urban - Medium Density",TRUE
513,499,19,1,2023-06-30,TRUE,-2,"Banana","Winter",TRUE,-0.17,-0.17,47,"Urban - Medium Density",FALSE
514,413,25,7,2023-09-06,TRUE,3,"Broccoli","All Seasons",TRUE,3.11,21.77,54,"Rural",TRUE
515,555,43,4,2023-03-22,TRUE,2,"Pear","Unknown",TRUE,4.62,18.48,29,"Urban - Medium Density",NA
516,1167,22,8,2023-10-16,TRUE,50,"Green Bean","All Seasons",FALSE,-4.21,-33.68,31,"Urban - High Density",FALSE
517,1902,31,5,2023-09-11,TRUE,1,"Chestnut","All Seasons",NA,0.13,0.65,18,"Urban - High Density",FALSE
518,286,42,7,2023-04-17,TRUE,-2,"Pomegranate","Winter",TRUE,10.95,76.65,19,"Urban - Medium Density",TRUE
519,1792,12,0,2023-12-02,TRUE,6,"Banana","All Seasons",TRUE,10.29,0,21,"Urban - Medium Density",FALSE
520,1537,8,1,2023-08-16,TRUE,3,"Garlic","Winter",TRUE,3.66,3.66,120,"Rural",TRUE
521,1110,14,7,2023-08-28,TRUE,4,"Fig","Summer",TRUE,3.67,25.69,64,"Urban - High Density",TRUE
522,1177,9,-3,2023-10-18,TRUE,4,"Onion","Unknown",TRUE,5.01,-15.03,77,"Unknown",TRUE
523,1474,44,2,2023-03-02,TRUE,50,"Apple","Summer",TRUE,9.24,18.48,26,"Urban - High Density",NA
524,999,33,1,2023-07-19,TRUE,7,"Banana","All Seasons",TRUE,13.25,13.25,42,"Urban - High Density",FALSE
525,1035,50,6,2023-05-25,TRUE,5,"Sweet Potato","Unknown",FALSE,1.01,6.06,76,"Urban - High Density",FALSE
526,1505,9,0,2023-04-11,TRUE,5,"Onion","Unknown",TRUE,5.01,0,76,"Urban - High Density",TRUE
527,873,46,-3,2023-09-09,TRUE,2,"Chestnut","All Seasons",TRUE,-4.08,12.24,41,"Urban - High Density",FALSE
528,289,46,0,2023-05-24,TRUE,4,"Chestnut","All Seasons",TRUE,-4.08,0,39,"Rural",TRUE
529,321,3,8,2023-10-04,TRUE,50,"Raspberry","Unknown",FALSE,10.26,82.08,74,"Urban - High Density",FALSE
530,1213,20,5,2023-01-19,TRUE,4,"Corn","All Seasons",TRUE,12.25,61.25,30,"Rural",FALSE
531,1005,11,1,2023-03-16,TRUE,5,"Strawberry","Summer",TRUE,5.35,5.35,35,"Urban - Medium Density",TRUE
532,297,16,4,2023-08-21,TRUE,50,"Chestnut","Summer",TRUE,3.39,13.56,62,"Urban - High Density",TRUE
533,1768,37,0,2023-01-27,TRUE,1,"Radish","Unknown",TRUE,7.32,0,39,"Urban - High Density",TRUE
534,710,48,3,2023-08-08,TRUE,4,"Blueberry","Winter",TRUE,0.78,2.34,56,"Rural",FALSE
535,1937,5,2,2023-06-28,TRUE,2,"Apricot","Summer",FALSE,10.18,20.36,58,"Urban - High Density",FALSE
536,84,31,8,2023-02-07,TRUE,-2,"Chestnut","All Seasons",NA,0.13,1.04,70,"Urban - High Density",NA
537,22,39,4,2023-02-05,TRUE,3,"Mango","All Seasons",TRUE,10.84,43.36,38,"Urban - High Density",FALSE
538,1899,13,5,2023-08-27,TRUE,7,"Cucumber","All Seasons",NA,8.17,40.85,26,"Urban - High Density",TRUE
539,614,26,7,2023-04-25,TRUE,1,"Mango","Summer",TRUE,-1.79,-12.53,80,"Urban - High Density",TRUE
540,509,43,4,2023-07-07,TRUE,1,"Pear","Unknown",TRUE,4.62,18.48,33,"Urban - High Density",TRUE
541,1780,1,9,2023-08-15,TRUE,3,"Strawberry","Unknown",TRUE,4.42,39.78,51,"Urban - High Density",FALSE
542,1023,14,-3,2023-06-12,TRUE,1,"Fig","Summer",TRUE,3.67,-11.01,33,"Urban - High Density",FALSE
543,1970,15,10,2023-05-02,TRUE,3,"Cabbage","All Seasons",FALSE,3.34,33.4,38,"Urban - High Density",TRUE
544,159,35,3,2023-01-04,TRUE,4,"Hazelnut","All Seasons",TRUE,6.96,20.88,32,"Urban - High Density",FALSE
545,1935,14,7,2023-01-17,TRUE,1,"Fig","Summer",TRUE,3.67,25.69,23,"Urban - High Density",TRUE
546,877,23,10,2023-04-20,TRUE,7,"Corn","Winter",FALSE,1.53,15.3,50,"Urban - High Density",FALSE
547,607,47,5,2023-07-12,TRUE,2,"Mango","Summer",FALSE,2.32,11.6,20,"Rural",TRUE
548,979,15,5,2023-07-08,TRUE,6,"Cabbage","All Seasons",FALSE,3.34,16.7,68,"Urban - Medium Density",TRUE
549,1762,8,2,2023-11-20,TRUE,7,"Garlic","Winter",TRUE,3.66,7.32,19,"Urban - High Density",TRUE
550,1204,32,9,2023-08-16,TRUE,1,"Raspberry","All Seasons",TRUE,12.49,112.41,61,"Urban - Medium Density",TRUE
551,958,3,2,2023-07-08,TRUE,7,"Raspberry","Unknown",FALSE,10.26,20.52,74,"Urban - Medium Density",TRUE
552,1874,47,-3,2023-09-22,TRUE,7,"Mango","Summer",FALSE,2.32,-6.96,51,"Urban - High Density",FALSE
553,279,32,4,2023-09-01,TRUE,3,"Raspberry","All Seasons",TRUE,12.49,49.96,51,"Urban - Medium Density",TRUE
554,815,9,0,2023-03-03,TRUE,-2,"Onion","Unknown",TRUE,5.01,0,69,"Urban - Medium Density",TRUE
555,1580,21,9,2023-08-21,TRUE,4,"Sweet Potato","All Seasons",TRUE,12.3,110.7,18,"Rural",FALSE
556,1267,49,1,2023-11-09,TRUE,3,"Cherry","Summer",NA,1.84,1.84,58,"Rural",TRUE
557,1196,16,3,2023-08-07,TRUE,2,"Chestnut","Summer",TRUE,3.39,10.17,38,"Urban - High Density",TRUE
558,1243,13,5,2023-05-17,TRUE,6,"Cucumber","All Seasons",NA,8.17,40.85,55,"Urban - High Density",TRUE
559,1936,33,-3,2023-05-29,TRUE,2,"Banana","All Seasons",TRUE,13.25,-39.75,77,"Urban - High Density",TRUE
560,180,8,-3,2023-05-31,TRUE,4,"Garlic","Winter",TRUE,3.66,-10.98,78,"Urban - Medium Density",TRUE
561,1796,18,6,2023-09-13,TRUE,6,"Apple","All Seasons",TRUE,14.07,84.42,54,"Urban - Medium Density",TRUE
562,171,30,10,2023-03-24,TRUE,6,"Lychee","All Seasons",TRUE,1.21,12.1,60,"Urban - Medium Density",FALSE
563,944,29,7,2023-04-27,TRUE,6,"Orange","Summer",FALSE,9.07,63.49,36,"Urban - High Density",TRUE
564,857,20,4,2023-03-29,TRUE,50,"Corn","All Seasons",TRUE,12.25,49,26,"Urban - Medium Density",TRUE
565,491,32,4,2023-08-22,TRUE,50,"Raspberry","All Seasons",TRUE,12.49,49.96,75,"Urban - Medium Density",TRUE
566,1158,3,2,2023-03-12,TRUE,6,"Raspberry","Unknown",FALSE,10.26,20.52,69,"Urban - Medium Density",FALSE
567,289,27,1,2023-10-14,TRUE,3,"Peach","Winter",TRUE,13.88,13.88,39,"Rural",TRUE
568,295,40,0,2023-01-01,TRUE,1,"Orange","Winter",FALSE,3.87,0,61,"Urban - Medium Density",TRUE
569,1291,47,3,2023-06-15,TRUE,1,"Mango","Summer",FALSE,2.32,6.96,18,"Rural",TRUE
570,877,18,4,2023-07-19,TRUE,6,"Apple","All Seasons",TRUE,14.07,56.28,50,"Urban - High Density",FALSE
571,785,45,10,2023-08-06,TRUE,5,"Apricot","All Seasons",TRUE,7.43,74.3,23,"Urban - High Density",TRUE
572,1098,46,8,2023-01-19,TRUE,7,"Chestnut","All Seasons",TRUE,-4.08,-32.64,72,"Urban - High Density",TRUE
573,744,49,4,2023-04-21,TRUE,5,"Cherry","Summer",NA,1.84,7.36,52,"Urban - High Density",TRUE
574,914,4,-3,2023-12-24,TRUE,5,"Watermelon","Unknown",TRUE,12.08,-36.24,25,"Urban - High Density",TRUE
575,1376,48,1,2023-12-27,TRUE,1,"Blueberry","Winter",TRUE,0.78,0.78,43,"Urban - High Density",FALSE
576,1940,44,0,2023-09-24,TRUE,6,"Apple","Summer",TRUE,9.24,0,80,"Urban - High Density",TRUE
577,1793,36,-3,2023-10-27,TRUE,4,"Raspberry","Summer",TRUE,5.87,-17.61,51,"Urban - High Density",TRUE
578,528,6,0,2023-09-12,TRUE,50,"Walnut","Summer",TRUE,-3.25,0,120,"Urban - High Density",TRUE
579,300,36,9,2023-05-22,TRUE,2,"Raspberry","Summer",TRUE,5.87,52.83,46,"Urban - High Density",TRUE
580,470,50,8,2023-09-25,TRUE,3,"Sweet Potato","Unknown",FALSE,1.01,8.08,47,"Urban - High Density",FALSE
581,1696,40,6,2023-02-16,TRUE,5,"Orange","Winter",FALSE,3.87,23.22,74,"Urban - High Density",TRUE
582,147,37,1,2023-06-28,TRUE,-2,"Radish","Unknown",TRUE,7.32,7.32,21,"Rural",TRUE
583,1432,27,8,2023-01-01,TRUE,1,"Peach","Winter",TRUE,13.88,111.04,24,"Urban - Medium Density",FALSE
584,5,32,3,2023-08-04,FALSE,7,"Raspberry","All Seasons",TRUE,12.49,37.47,65,"Rural",TRUE
585,639,41,4,2023-02-05,TRUE,7,"Strawberry","Summer",TRUE,4.94,19.76,76,"Urban - High Density",FALSE
586,1309,4,4,2023-05-16,TRUE,3,"Watermelon","Unknown",TRUE,12.08,48.32,53,"Urban - High Density",FALSE
587,83,35,2,2023-07-18,TRUE,1,"Hazelnut","All Seasons",TRUE,6.96,13.92,36,"Urban - High Density",TRUE
588,1251,25,0,2023-06-19,TRUE,5,"Broccoli","All Seasons",TRUE,3.11,0,33,"Urban - Medium Density",TRUE
589,1514,3,-3,2023-08-11,TRUE,2,"Raspberry","Unknown",FALSE,10.26,-30.78,36,"Unknown",TRUE
590,1189,12,10,2023-05-29,TRUE,7,"Banana","All Seasons",TRUE,10.29,102.9,48,"Urban - Medium Density",NA
591,783,6,4,2023-10-30,TRUE,50,"Walnut","Summer",TRUE,-3.25,-13,25,"Urban - High Density",FALSE
592,9,10,0,2023-04-07,TRUE,6,"Blueberry","Summer",FALSE,4.44,0,72,"Urban - High Density",FALSE
593,1127,26,8,2023-09-29,FALSE,3,"Mango","Summer",TRUE,-1.79,-14.32,69,"Rural",TRUE
594,917,2,6,2023-07-01,TRUE,3,"Grape","Unknown",TRUE,10.56,63.36,50,"Urban - High Density",FALSE
595,605,27,7,2023-12-13,TRUE,-2,"Peach","Winter",TRUE,13.88,97.16,50,"Urban - Medium Density",TRUE
596,518,8,3,2023-11-07,TRUE,50,"Garlic","Winter",TRUE,3.66,10.98,36,"Urban - High Density",FALSE
597,1153,6,10,2023-09-10,TRUE,-2,"Walnut","Summer",TRUE,-3.25,-32.5,26,"Rural",FALSE
598,282,4,4,2023-10-17,TRUE,6,"Watermelon","Unknown",TRUE,12.08,48.32,25,"Urban - High Density",TRUE
599,1939,36,8,2023-05-24,TRUE,3,"Raspberry","Summer",TRUE,5.87,46.96,60,"Rural",FALSE
600,970,28,2,2023-11-16,TRUE,2,"Raspberry","Unknown",TRUE,14.97,29.94,30,"Urban - Medium Density",TRUE
601,911,24,-3,2023-03-09,TRUE,50,"Asparagus","Winter",FALSE,2.01,-6.03,48,"Urban - Medium Density",TRUE
602,555,30,10,2023-03-07,TRUE,4,"Lychee","All Seasons",TRUE,1.21,12.1,29,"Urban - Medium Density",NA
603,1038,47,5,2023-07-29,TRUE,4,"Mango","Summer",FALSE,2.32,11.6,57,"Unknown",TRUE
604,943,28,7,2023-05-30,TRUE,3,"Raspberry","Unknown",TRUE,14.97,104.79,55,"Urban - Medium Density",FALSE
605,1886,11,0,2023-04-21,TRUE,7,"Strawberry","Summer",TRUE,5.35,0,66,"Urban - High Density",FALSE
606,1459,11,2,2023-06-27,TRUE,-2,"Strawberry","Summer",TRUE,5.35,10.7,65,"Rural",FALSE
607,973,33,-3,2023-12-22,TRUE,7,"Banana","All Seasons",TRUE,13.25,-39.75,80,"Urban - Medium Density",TRUE
608,1707,8,3,2023-01-30,TRUE,7,"Garlic","Winter",TRUE,3.66,10.98,31,"Urban - Medium Density",TRUE
609,372,18,-3,2023-11-28,TRUE,5,"Apple","All Seasons",TRUE,14.07,-42.21,75,"Urban - High Density",TRUE
610,1703,13,6,2023-07-25,TRUE,5,"Cucumber","All Seasons",NA,8.17,49.02,47,"Urban - High Density",FALSE
611,681,25,8,2023-01-30,TRUE,7,"Broccoli","All Seasons",TRUE,3.11,24.88,50,"Urban - Medium Density",TRUE
612,1951,19,9,2023-01-07,TRUE,3,"Banana","Winter",TRUE,-0.17,-1.53,33,"Urban - High Density",FALSE
613,1142,1,-3,2023-08-26,TRUE,7,"Strawberry","Unknown",TRUE,4.42,-13.26,71,"Urban - High Density",TRUE
614,1103,26,7,2023-02-18,TRUE,7,"Mango","Summer",TRUE,-1.79,-12.53,70,"Urban - High Density",TRUE
615,35,34,3,2023-05-21,TRUE,50,"Celery","Winter",TRUE,5.77,17.31,36,"Urban - High Density",FALSE
616,694,23,3,2023-08-09,TRUE,4,"Corn","Winter",FALSE,1.53,4.59,41,"Urban - Medium Density",TRUE
617,1572,46,3,2023-08-08,TRUE,-2,"Chestnut","All Seasons",TRUE,-4.08,-12.24,32,"Urban - High Density",FALSE
618,142,3,1,2023-12-18,TRUE,6,"Raspberry","Unknown",FALSE,10.26,10.26,47,"Rural",TRUE
619,1183,7,-3,2023-10-10,TRUE,-2,"Lettuce","Unknown",TRUE,8.68,-26.04,76,"Rural",TRUE
620,1612,26,0,2023-03-20,TRUE,-2,"Mango","Summer",TRUE,-1.79,0,58,"Unknown",FALSE
621,1876,16,9,2023-11-18,TRUE,6,"Chestnut","Summer",TRUE,3.39,30.51,71,"Urban - Medium Density",TRUE
622,373,49,9,2023-01-03,TRUE,4,"Cherry","Summer",NA,1.84,16.56,45,"Urban - High Density",TRUE
623,1087,26,9,2023-02-14,TRUE,5,"Mango","Summer",TRUE,-1.79,-16.11,77,"Urban - High Density",FALSE
624,461,12,7,2023-05-26,TRUE,7,"Banana","All Seasons",TRUE,10.29,72.03,46,"Rural",FALSE
625,1632,37,1,2023-04-03,TRUE,2,"Radish","Unknown",TRUE,7.32,7.32,75,"Urban - Medium Density",FALSE
626,1419,16,9,2023-11-17,TRUE,1,"Chestnut","Summer",TRUE,3.39,30.51,20,"Urban - High Density",TRUE
627,1918,33,5,2023-08-01,TRUE,50,"Banana","All Seasons",TRUE,13.25,66.25,58,"Urban - High Density",TRUE
628,1452,20,3,2023-05-27,TRUE,50,"Corn","All Seasons",TRUE,12.25,36.75,72,"Urban - High Density",FALSE
629,1770,34,3,2023-01-04,TRUE,50,"Celery","Winter",TRUE,5.77,17.31,19,"Urban - High Density",TRUE
630,381,24,4,2023-08-13,TRUE,3,"Asparagus","Winter",FALSE,2.01,8.04,23,"Urban - Medium Density",NA
631,652,9,4,2023-01-08,TRUE,6,"Onion","Unknown",TRUE,5.01,20.04,43,"Rural",TRUE
632,1420,15,1,2023-01-17,TRUE,6,"Cabbage","All Seasons",FALSE,3.34,3.34,72,"Urban - Medium Density",TRUE
633,1108,31,3,2023-02-25,TRUE,5,"Chestnut","All Seasons",NA,0.13,0.39,35,"Urban - High Density",TRUE
634,1709,2,1,2023-03-29,TRUE,3,"Grape","Unknown",TRUE,10.56,10.56,25,"Urban - High Density",FALSE
635,1032,41,0,2023-07-27,TRUE,7,"Strawberry","Summer",TRUE,4.94,0,68,"Urban - High Density",FALSE
636,373,22,-3,2023-10-28,FALSE,4,"Green Bean","All Seasons",FALSE,-4.21,12.63,45,"Urban - High Density",TRUE
637,28,9,8,2023-12-01,TRUE,7,"Onion","Unknown",TRUE,5.01,40.08,42,"Urban - High Density",FALSE
638,463,5,3,2023-04-05,TRUE,50,"Apricot","Summer",FALSE,10.18,30.54,74,"Urban - High Density",FALSE
639,1348,20,10,2023-06-17,TRUE,2,"Corn","All Seasons",TRUE,12.25,122.5,23,"Urban - High Density",TRUE
640,198,37,6,2023-03-04,TRUE,3,"Radish","Unknown",TRUE,7.32,43.92,79,"Urban - Medium Density",FALSE
641,1040,28,0,2023-01-26,TRUE,4,"Raspberry","Unknown",TRUE,14.97,0,77,"Urban - High Density",NA
642,1654,35,7,2023-06-22,TRUE,3,"Hazelnut","All Seasons",TRUE,6.96,48.72,18,"Rural",TRUE
643,243,39,5,2023-01-09,TRUE,3,"Mango","All Seasons",TRUE,10.84,54.2,43,"Urban - High Density",FALSE
644,592,28,2,2023-07-01,TRUE,5,"Raspberry","Unknown",TRUE,14.97,29.94,41,"Rural",FALSE
645,1965,28,0,2023-08-19,TRUE,7,"Raspberry","Unknown",TRUE,14.97,0,26,"Urban - High Density",TRUE
646,1275,33,6,2023-03-05,TRUE,7,"Banana","All Seasons",TRUE,13.25,79.5,62,"Rural",FALSE
647,195,10,1,2023-09-12,TRUE,50,"Blueberry","Summer",FALSE,4.44,4.44,57,"Urban - High Density",TRUE
648,1809,16,2,2023-08-26,TRUE,6,"Chestnut","Summer",TRUE,3.39,6.78,71,"Urban - High Density",FALSE
649,65,28,6,2023-12-06,TRUE,2,"Raspberry","Unknown",TRUE,14.97,89.82,61,"Rural",TRUE
650,943,43,8,2023-05-27,TRUE,5,"Pear","Unknown",TRUE,4.62,36.96,55,"Urban - Medium Density",FALSE
651,1575,3,8,2023-06-08,TRUE,-2,"Raspberry","Unknown",FALSE,10.26,82.08,31,"Rural",FALSE
652,1512,12,0,2023-09-21,TRUE,5,"Banana","All Seasons",TRUE,10.29,0,65,"Urban - Medium Density",TRUE
653,9999,4,10,2023-11-16,FALSE,3,"Watermelon","Unknown",TRUE,12.08,120.8,NA,NA,NA
654,21,29,6,2023-08-03,TRUE,5,"Orange","Summer",FALSE,9.07,54.42,56,"Urban - High Density",FALSE
655,934,32,8,2023-12-22,TRUE,6,"Raspberry","All Seasons",TRUE,12.49,99.92,21,"Urban - Medium Density",FALSE
656,1425,48,4,2023-05-15,TRUE,50,"Blueberry","Winter",TRUE,0.78,3.12,52,"Urban - High Density",TRUE
657,883,25,4,2023-11-23,TRUE,6,"Broccoli","All Seasons",TRUE,3.11,12.44,39,"Urban - High Density",FALSE
658,939,18,8,2023-03-09,TRUE,1,"Apple","All Seasons",TRUE,14.07,112.56,60,"Urban - Medium Density",TRUE
659,1338,39,8,2023-05-24,TRUE,5,"Mango","All Seasons",TRUE,10.84,86.72,50,"Urban - High Density",FALSE
660,849,39,1,2023-05-25,TRUE,50,"Mango","All Seasons",TRUE,10.84,10.84,32,"Rural",TRUE
661,1998,46,2,2023-01-22,TRUE,6,"Chestnut","All Seasons",TRUE,-4.08,-8.16,35,"Urban - High Density",FALSE
662,1074,12,2,2023-05-30,TRUE,6,"Banana","All Seasons",TRUE,10.29,20.58,43,"Urban - High Density",FALSE
663,1206,39,-3,2023-10-20,TRUE,1,"Mango","All Seasons",TRUE,10.84,-32.52,37,"Urban - High Density",FALSE
664,636,31,-3,2023-02-03,TRUE,50,"Chestnut","All Seasons",NA,0.13,-0.39,54,"Urban - Medium Density",FALSE
665,1114,11,9,2023-03-22,TRUE,-2,"Strawberry","Summer",TRUE,5.35,48.15,71,"Urban - High Density",TRUE
666,1887,25,6,2023-01-01,TRUE,50,"Broccoli","All Seasons",TRUE,3.11,18.66,19,"Urban - High Density",FALSE
667,1877,28,-3,2023-01-05,TRUE,6,"Raspberry","Unknown",TRUE,14.97,-44.91,46,"Urban - Medium Density",FALSE
668,1906,2,6,2023-12-25,TRUE,-2,"Grape","Unknown",TRUE,10.56,63.36,33,"Urban - High Density",TRUE
669,1093,26,2,2023-09-09,TRUE,50,"Mango","Summer",TRUE,-1.79,-3.58,59,"Urban - Medium Density",TRUE
670,1158,29,4,2023-10-10,TRUE,-2,"Orange","Summer",FALSE,9.07,36.28,69,"Urban - Medium Density",FALSE
671,1267,46,6,2023-09-20,TRUE,-2,"Chestnut","All Seasons",TRUE,-4.08,-24.48,58,"Rural",TRUE
672,445,4,0,2023-10-12,TRUE,4,"Watermelon","Unknown",TRUE,12.08,0,26,"Urban - Medium Density",FALSE
673,1931,12,5,2023-12-29,TRUE,4,"Banana","All Seasons",TRUE,10.29,51.45,120,"Urban - High Density",TRUE
674,1580,16,7,2023-12-08,TRUE,-2,"Chestnut","Summer",TRUE,3.39,23.73,18,"Rural",FALSE
675,971,12,10,2023-10-01,FALSE,2,"Banana","All Seasons",TRUE,10.29,102.9,37,"Urban - High Density",TRUE
676,1962,21,5,2023-08-31,TRUE,5,"Sweet Potato","All Seasons",TRUE,12.3,61.5,47,"Urban - High Density",FALSE
677,979,28,2,2023-03-24,TRUE,-2,"Raspberry","Unknown",TRUE,14.97,29.94,68,"Urban - Medium Density",TRUE
678,83,2,1,2023-05-03,TRUE,6,"Grape","Unknown",TRUE,10.56,10.56,36,"Urban - High Density",TRUE
679,270,44,6,2023-06-14,TRUE,7,"Apple","Summer",TRUE,9.24,55.44,65,"Urban - High Density",TRUE
680,1795,9,1,2023-12-05,TRUE,7,"Onion","Unknown",TRUE,5.01,5.01,53,"Urban - High Density",FALSE
681,529,38,3,2023-11-06,TRUE,-2,"Apricot","Summer",TRUE,8.8,26.4,58,"Urban - High Density",FALSE
682,421,31,1,2023-03-27,TRUE,1,"Chestnut","All Seasons",NA,0.13,0.13,29,"Urban - Medium Density",TRUE
683,631,16,0,2023-03-09,TRUE,7,"Chestnut","Summer",TRUE,3.39,0,62,"Urban - High Density",TRUE
684,1675,1,0,2023-02-14,TRUE,1,"Strawberry","Unknown",TRUE,4.42,0,60,"Urban - High Density",FALSE
685,303,25,9,2023-09-04,TRUE,3,"Broccoli","All Seasons",TRUE,3.11,27.99,75,"Rural",TRUE
686,113,35,5,2023-02-12,FALSE,6,"Hazelnut","All Seasons",TRUE,6.96,34.8,60,"Urban - High Density",TRUE
687,1598,48,0,2023-01-15,TRUE,4,"Blueberry","Winter",TRUE,0.78,0,74,"",FALSE
688,248,45,10,2023-09-11,FALSE,6,"Apricot","All Seasons",TRUE,7.43,74.3,65,"Urban - High Density",FALSE
689,1729,15,3,2023-11-17,TRUE,50,"Cabbage","All Seasons",FALSE,3.34,10.02,23,"Urban - Medium Density",FALSE
690,268,46,4,2023-03-18,TRUE,7,"Chestnut","All Seasons",TRUE,-4.08,-16.32,20,"Urban - High Density",FALSE
691,1774,39,5,2023-02-02,TRUE,5,"Mango","All Seasons",TRUE,10.84,54.2,37,"Urban - Medium Density",TRUE
692,1679,29,8,2023-03-16,TRUE,-2,"Orange","Summer",FALSE,9.07,72.56,51,"Urban - Medium Density",FALSE
693,337,32,7,2023-09-16,FALSE,3,"Raspberry","All Seasons",TRUE,12.49,87.43,25,"Urban - High Density",TRUE
694,7,25,7,2023-02-05,TRUE,4,"Broccoli","All Seasons",TRUE,3.11,21.77,29,"Urban - Medium Density",TRUE
695,28,13,3,2023-06-21,TRUE,2,"Cucumber","All Seasons",NA,8.17,24.51,42,"Urban - High Density",FALSE
696,1881,30,0,2023-11-16,TRUE,1,"Lychee","All Seasons",TRUE,1.21,0,23,"Urban - High Density",TRUE
697,1160,25,2,2023-07-11,TRUE,1,"Broccoli","All Seasons",TRUE,3.11,6.22,56,"",TRUE
698,810,50,8,2023-10-30,TRUE,1,"Sweet Potato","Unknown",FALSE,1.01,8.08,75,"Urban - Medium Density",FALSE
699,1291,40,8,2023-02-27,TRUE,1,"Orange","Winter",FALSE,3.87,30.96,18,"Rural",TRUE
700,562,40,0,2023-12-19,TRUE,-2,"Orange","Winter",FALSE,3.87,0,44,"Urban - Medium Density",TRUE
701,124,50,7,2023-03-14,TRUE,2,"Sweet Potato","Unknown",FALSE,1.01,7.07,76,"Urban - High Density",TRUE
702,1246,36,4,2023-11-03,TRUE,-2,"Raspberry","Summer",TRUE,5.87,23.48,30,"Urban - Medium Density",FALSE
703,1092,49,5,2023-05-23,TRUE,7,"Cherry","Summer",NA,1.84,9.2,43,"Urban - Medium Density",TRUE
704,1378,26,6,2023-02-16,TRUE,1,"Mango","Summer",TRUE,-1.79,-10.74,60,"Urban - Medium Density",FALSE
705,537,8,10,2023-07-07,TRUE,50,"Garlic","Winter",TRUE,3.66,36.6,49,"Urban - High Density",FALSE
706,1864,22,8,2023-03-30,TRUE,-2,"Green Bean","All Seasons",FALSE,-4.21,-33.68,21,"Rural",FALSE
707,600,31,2,2023-12-05,TRUE,7,"Chestnut","All Seasons",NA,0.13,0.26,69,"Urban - Medium Density",FALSE
708,1223,11,9,2023-05-13,TRUE,4,"Strawberry","Summer",TRUE,5.35,48.15,26,"Rural",TRUE
709,1057,40,3,2023-08-06,TRUE,1,"Orange","Winter",FALSE,3.87,11.61,28,"Urban - High Density",FALSE
710,35,17,2,2023-11-02,TRUE,2,"Pea","All Seasons",TRUE,-2.07,-4.14,36,"Urban - High Density",FALSE
711,8,26,1,2023-12-15,TRUE,-2,"Mango","Summer",TRUE,-1.79,-1.79,40,"",FALSE
712,67,4,8,2023-10-28,TRUE,7,"Watermelon","Unknown",TRUE,12.08,96.64,77,"",NA
713,598,1,10,2023-12-13,TRUE,5,"Strawberry","Unknown",TRUE,4.42,44.2,44,"Rural",TRUE
714,31,8,-3,2023-06-28,TRUE,1,"Garlic","Winter",TRUE,3.66,-10.98,78,"Urban - Medium Density",NA
715,1335,27,4,2023-07-16,TRUE,50,"Peach","Winter",TRUE,13.88,55.52,76,"Urban - Medium Density",TRUE
716,206,46,10,2023-01-24,TRUE,3,"Chestnut","All Seasons",TRUE,-4.08,-40.8,46,"Rural",TRUE
717,462,20,10,2023-06-14,FALSE,3,"Corn","All Seasons",TRUE,12.25,122.5,60,"Urban - Medium Density",TRUE
718,231,26,9,2023-12-02,TRUE,1,"Mango","Summer",TRUE,-1.79,-16.11,78,"Urban - Medium Density",TRUE
719,564,32,8,2023-04-20,TRUE,5,"Raspberry","All Seasons",TRUE,12.49,99.92,57,"Urban - High Density",FALSE
720,820,34,3,2024-01-01,TRUE,3,"Celery","Winter",TRUE,5.77,17.31,56,"Urban - Medium Density",TRUE
721,4,9,4,2023-03-27,FALSE,6,"Onion","Unknown",TRUE,5.01,20.04,57,"Urban - Medium Density",TRUE
722,64,23,10,2023-09-06,NA,2,"Corn","Winter",FALSE,1.53,15.3,65,"Urban - Medium Density",FALSE
723,1953,13,9,2023-05-05,TRUE,7,"Cucumber","All Seasons",NA,8.17,73.53,33,"Urban - High Density",TRUE
724,805,41,3,2023-07-05,TRUE,50,"Strawberry","Summer",TRUE,4.94,14.82,80,"Urban - High Density",TRUE
725,270,34,2,2023-09-17,TRUE,50,"Celery","Winter",TRUE,5.77,11.54,65,"Urban - High Density",TRUE
726,632,42,8,2023-05-10,TRUE,1,"Pomegranate","Winter",TRUE,10.95,87.6,5,"Urban - High Density",FALSE
727,1089,45,8,2023-07-31,TRUE,5,"Apricot","All Seasons",TRUE,7.43,59.44,75,"Urban - High Density",TRUE
728,1571,21,6,2023-11-24,TRUE,-2,"Sweet Potato","All Seasons",TRUE,12.3,73.8,55,"Urban - High Density",FALSE
729,1885,20,10,2023-12-20,TRUE,3,"Corn","All Seasons",TRUE,12.25,122.5,67,"Urban - High Density",FALSE
730,661,19,0,2023-07-19,TRUE,-2,"Banana","Winter",TRUE,-0.17,0,65,"Urban - High Density",FALSE
731,434,34,2,2023-07-27,TRUE,6,"Celery","Winter",TRUE,5.77,11.54,48,"Urban - High Density",TRUE
732,1429,5,-3,2023-10-22,TRUE,-2,"Apricot","Summer",FALSE,10.18,-30.54,71,"Urban - High Density",TRUE
733,1240,24,1,2023-05-18,TRUE,2,"Asparagus","Winter",FALSE,2.01,2.01,42,"Rural",TRUE
734,956,19,7,2023-02-19,TRUE,6,"Banana","Winter",TRUE,-0.17,-1.19,32,"Rural",TRUE
735,146,32,10,2023-07-16,TRUE,4,"Raspberry","All Seasons",TRUE,12.49,124.9,29,"Urban - High Density",TRUE
736,1061,12,2,2023-01-05,TRUE,-2,"Banana","All Seasons",TRUE,10.29,20.58,66,"Urban - Medium Density",TRUE
737,1800,47,0,2023-10-23,TRUE,2,"Mango","Summer",FALSE,2.32,0,45,"Unknown",NA
738,797,7,3,2023-12-22,TRUE,7,"Lettuce","Unknown",TRUE,8.68,26.04,37,"Urban - High Density",FALSE
739,871,32,10,2023-08-02,TRUE,-2,"Raspberry","All Seasons",TRUE,12.49,124.9,43,"Rural",TRUE
740,459,8,7,2023-11-02,TRUE,50,"Garlic","Winter",TRUE,3.66,25.62,26,"Urban - High Density",FALSE
741,194,13,1,2023-04-28,TRUE,6,"Cucumber","All Seasons",NA,8.17,8.17,28,"Rural",FALSE
742,1829,35,3,2023-07-05,TRUE,50,"Hazelnut","All Seasons",TRUE,6.96,20.88,29,"Urban - Medium Density",FALSE
743,1998,7,4,2023-06-19,TRUE,7,"Lettuce","Unknown",TRUE,8.68,34.72,35,"Urban - High Density",FALSE
744,1678,44,1,2023-05-20,TRUE,5,"Apple","Summer",TRUE,9.24,9.24,45,"Urban - High Density",TRUE
745,1612,26,9,2023-05-29,TRUE,2,"Mango","Summer",TRUE,-1.79,-16.11,58,"Unknown",FALSE
746,1028,26,0,2023-11-14,TRUE,7,"Mango","Summer",TRUE,-1.79,0,78,"Urban - High Density",FALSE
747,264,8,2,2023-02-17,TRUE,-2,"Garlic","Winter",TRUE,3.66,7.32,24,"Rural",TRUE
748,1693,49,8,2023-12-30,TRUE,1,"Cherry","Summer",NA,1.84,14.72,52,"Urban - High Density",TRUE
749,1584,25,1,2023-06-09,TRUE,1,"Broccoli","All Seasons",TRUE,3.11,3.11,76,"Rural",TRUE
750,935,40,2,2023-05-03,TRUE,7,"Orange","Winter",FALSE,3.87,7.74,31,"Urban - Medium Density",FALSE
751,316,6,2,2023-04-04,TRUE,6,"Walnut","Summer",TRUE,-3.25,-6.5,61,"Urban - High Density",FALSE
752,979,43,2,2023-06-05,TRUE,3,"Pear","Unknown",TRUE,4.62,9.24,68,"Urban - Medium Density",TRUE
753,218,19,9,2023-04-01,TRUE,7,"Banana","Winter",TRUE,-0.17,-1.53,45,"Urban - High Density",TRUE
754,780,45,0,2023-08-15,TRUE,5,"Apricot","All Seasons",TRUE,7.43,0,63,"Urban - Medium Density",TRUE
755,912,26,8,2023-11-16,TRUE,7,"Mango","Summer",TRUE,-1.79,-14.32,49,"Unknown",TRUE
756,390,35,9,2023-10-23,TRUE,6,"Hazelnut","All Seasons",TRUE,6.96,62.64,23,"Urban - Medium Density",TRUE
757,1397,24,9,2023-10-10,TRUE,7,"Asparagus","Winter",FALSE,2.01,18.09,37,"Urban - High Density",TRUE
758,353,18,-3,2023-02-25,TRUE,50,"Apple","All Seasons",TRUE,14.07,-42.21,63,"Urban - High Density",TRUE
759,1413,16,9,2023-09-15,TRUE,4,"Chestnut","Summer",TRUE,3.39,30.51,28,"Urban - Medium Density",NA
760,152,21,2,2023-03-30,FALSE,3,"Sweet Potato","All Seasons",TRUE,12.3,24.6,42,"Urban - High Density",TRUE
761,586,2,-3,2023-05-27,TRUE,7,"Grape","Unknown",TRUE,10.56,-31.68,78,"Urban - High Density",TRUE
762,88,10,3,2023-02-07,TRUE,50,"Blueberry","Summer",FALSE,4.44,13.32,24,"Urban - Medium Density",TRUE
763,739,1,10,2023-02-16,NA,5,"Strawberry","Unknown",TRUE,4.42,44.2,48,"Urban - High Density",TRUE
764,255,48,8,2023-06-06,TRUE,4,"Blueberry","Winter",TRUE,0.78,6.24,18,"Urban - High Density",TRUE
765,1555,49,8,2023-11-25,TRUE,3,"Cherry","Summer",NA,1.84,14.72,62,"Urban - Medium Density",TRUE
766,741,18,4,2023-02-12,TRUE,7,"Apple","All Seasons",TRUE,14.07,56.28,20,"Urban - High Density",TRUE
767,1133,26,6,2023-09-02,TRUE,3,"Mango","Summer",TRUE,-1.79,-10.74,79,"Urban - High Density",TRUE
768,967,5,7,2023-08-09,TRUE,1,"Apricot","Summer",FALSE,10.18,71.26,62,"Rural",TRUE
769,28,10,7,2023-12-27,TRUE,6,"Blueberry","Summer",FALSE,4.44,31.08,42,"Urban - High Density",FALSE
770,1031,14,0,2023-08-21,TRUE,1,"Fig","Summer",TRUE,3.67,0,51,"Urban - Medium Density",FALSE
771,61,18,7,2023-01-02,TRUE,7,"Apple","All Seasons",TRUE,14.07,98.49,52,"Urban - Medium Density",TRUE
772,362,37,6,2023-10-15,TRUE,2,"Radish","Unknown",TRUE,7.32,43.92,55,"Urban - High Density",TRUE
773,1998,29,-3,2023-06-23,TRUE,3,"Orange","Summer",FALSE,9.07,-27.21,35,"Urban - High Density",FALSE
774,1589,18,6,2023-03-29,TRUE,1,"Apple","All Seasons",TRUE,14.07,84.42,73,"Urban - High Density",FALSE
775,244,8,3,2023-06-04,TRUE,-2,"Garlic","Winter",TRUE,3.66,10.98,64,"Urban - High Density",TRUE
776,305,20,0,2023-06-21,TRUE,5,"Corn","All Seasons",TRUE,12.25,0,24,"Urban - High Density",TRUE
777,306,18,9,2023-08-31,FALSE,7,"Apple","All Seasons",TRUE,14.07,126.63,26,"Urban - Medium Density",TRUE
778,1007,5,4,2023-08-21,TRUE,-2,"Apricot","Summer",FALSE,10.18,40.72,71,"Urban - High Density",FALSE
779,183,37,5,2023-11-17,TRUE,50,"Radish","Unknown",TRUE,7.32,36.6,78,"Urban - High Density",FALSE
780,1185,6,0,2023-06-28,TRUE,6,"Walnut","Summer",TRUE,-3.25,0,29,"Urban - High Density",TRUE
781,883,23,4,2023-05-06,TRUE,3,"Corn","Winter",FALSE,1.53,6.12,39,"Urban - High Density",FALSE
782,276,17,1,2023-08-18,TRUE,6,"Pea","All Seasons",TRUE,-2.07,-2.07,43,"Rural",TRUE
783,1281,42,2,2023-04-06,TRUE,6,"Pomegranate","Winter",TRUE,10.95,21.9,77,"Urban - High Density",TRUE
784,954,45,5,2023-07-14,TRUE,50,"Apricot","All Seasons",TRUE,7.43,37.15,80,"Urban - Medium Density",FALSE
785,997,2,4,2023-04-16,TRUE,2,"Grape","Unknown",TRUE,10.56,42.24,39,"Urban - High Density",TRUE
786,505,43,-3,2023-08-22,TRUE,-2,"Pear","Unknown",TRUE,4.62,-13.86,29,"Urban - Medium Density",TRUE
787,1096,33,9,2023-12-19,TRUE,5,"Banana","All Seasons",TRUE,13.25,119.25,46,"Rural",FALSE
788,272,3,-3,2023-08-14,TRUE,6,"Raspberry","Unknown",FALSE,10.26,-30.78,26,"Rural",TRUE
789,1555,25,1,2023-09-18,TRUE,7,"Broccoli","All Seasons",TRUE,3.11,3.11,62,"Urban - Medium Density",TRUE
790,1854,43,0,2023-08-13,TRUE,2,"Pear","Unknown",TRUE,4.62,0,20,"Urban - Medium Density",TRUE
791,1952,2,3,2023-05-08,TRUE,3,"Grape","Unknown",TRUE,10.56,31.68,49,"Urban - Medium Density",FALSE
792,538,13,0,2023-02-07,TRUE,3,"Cucumber","All Seasons",NA,8.17,0,46,"Urban - High Density",TRUE
793,476,48,3,2023-09-29,TRUE,1,"Blueberry","Winter",TRUE,0.78,2.34,120,"Urban - Medium Density",NA
794,645,46,6,2023-04-26,TRUE,6,"Chestnut","All Seasons",TRUE,-4.08,-24.48,73,"Rural",TRUE
795,1492,37,9,2023-01-08,TRUE,5,"Radish","Unknown",TRUE,7.32,65.88,55,"Rural",TRUE
796,563,30,1,2023-06-03,TRUE,3,"Lychee","All Seasons",TRUE,1.21,1.21,40,"Urban - High Density",TRUE
797,1362,3,5,2023-04-26,TRUE,50,"Raspberry","Unknown",FALSE,10.26,51.3,41,"Urban - High Density",TRUE
798,162,39,0,2023-11-30,FALSE,7,"Mango","All Seasons",TRUE,10.84,0,72,"Rural",TRUE
799,930,49,8,2023-02-20,TRUE,5,"Cherry","Summer",NA,1.84,14.72,53,"Rural",TRUE
800,984,22,10,2023-08-18,TRUE,5,"Green Bean","All Seasons",FALSE,-4.21,-42.1,53,"Rural",TRUE
801,1170,43,-3,2023-08-05,TRUE,6,"Pear","Unknown",TRUE,4.62,-13.86,76,"Urban - High Density",NA
802,923,5,10,2023-08-07,TRUE,6,"Apricot","Summer",FALSE,10.18,101.8,62,"Urban - Medium Density",FALSE
803,367,14,2,2023-10-18,TRUE,50,"Fig","Summer",TRUE,3.67,7.34,79,"Urban - High Density",TRUE
804,1823,15,4,2023-09-17,TRUE,5,"Cabbage","All Seasons",FALSE,3.34,13.36,5,"Urban - High Density",TRUE
805,1067,18,-3,2023-03-22,TRUE,1,"Apple","All Seasons",TRUE,14.07,-42.21,62,"Urban - High Density",TRUE
806,933,19,7,2023-04-26,TRUE,-2,"Banana","Winter",TRUE,-0.17,-1.19,64,"Urban - High Density",TRUE
807,1004,12,10,2023-07-06,TRUE,50,"Banana","All Seasons",TRUE,10.29,102.9,41,"Urban - High Density",FALSE
808,3,33,8,2023-10-12,FALSE,6,"Banana","All Seasons",TRUE,13.25,106,29,"Urban - High Density",FALSE
809,1245,15,-3,2023-06-30,TRUE,3,"Cabbage","All Seasons",FALSE,3.34,-10.02,25,"Urban - High Density",FALSE
810,309,22,3,2023-11-07,FALSE,-2,"Green Bean","All Seasons",FALSE,-4.21,-12.63,76,"Urban - High Density",TRUE
811,455,48,10,2023-02-26,TRUE,5,"Blueberry","Winter",TRUE,0.78,7.8,39,"Urban - Medium Density",NA
812,1152,27,2,2023-04-17,TRUE,5,"Peach","Winter",TRUE,13.88,27.76,27,"Rural",TRUE
813,790,3,2,2023-10-25,TRUE,50,"Raspberry","Unknown",FALSE,10.26,20.52,77,"Unknown",TRUE
814,1235,23,10,2023-02-17,TRUE,3,"Corn","Winter",FALSE,1.53,15.3,120,"Urban - Medium Density",TRUE
815,1790,8,5,2023-10-18,TRUE,50,"Garlic","Winter",TRUE,3.66,18.3,34,"Urban - High Density",FALSE
816,281,44,-3,2023-10-06,TRUE,7,"Apple","Summer",TRUE,9.24,-27.72,63,"Urban - Medium Density",TRUE
817,1704,2,8,2023-11-14,TRUE,4,"Grape","Unknown",TRUE,10.56,84.48,38,"Urban - High Density",TRUE
818,1331,38,10,2023-08-02,TRUE,-2,"Apricot","Summer",TRUE,8.8,88,25,"Urban - Medium Density",TRUE
819,1209,22,7,2023-01-19,TRUE,5,"Green Bean","All Seasons",FALSE,-4.21,-29.47,75,"Urban - Medium Density",TRUE
820,1809,36,5,2023-03-26,TRUE,5,"Raspberry","Summer",TRUE,5.87,29.35,71,"Urban - High Density",FALSE
821,1331,27,2,2023-09-16,TRUE,-2,"Peach","Winter",TRUE,13.88,27.76,25,"Urban - Medium Density",TRUE
822,7,40,10,2023-11-08,TRUE,1,"Orange","Winter",FALSE,3.87,38.7,29,"Urban - Medium Density",TRUE
823,1656,35,1,2023-05-15,TRUE,3,"Hazelnut","All Seasons",TRUE,6.96,6.96,70,"Urban - High Density",FALSE
824,473,2,8,2023-10-22,TRUE,50,"Grape","Unknown",TRUE,10.56,84.48,53,"Urban - Medium Density",TRUE
825,1007,22,5,2023-08-24,TRUE,2,"Green Bean","All Seasons",FALSE,-4.21,-21.05,71,"Urban - High Density",FALSE
826,1792,5,8,2023-08-17,TRUE,1,"Apricot","Summer",FALSE,10.18,81.44,21,"Urban - Medium Density",FALSE
827,602,41,10,2023-03-03,TRUE,1,"Strawberry","Summer",TRUE,4.94,49.4,44,"Urban - High Density",FALSE
828,1359,6,9,2023-12-24,TRUE,4,"Walnut","Summer",TRUE,-3.25,-29.25,62,"Urban - Medium Density",TRUE
829,307,34,4,2023-11-07,TRUE,3,"Celery","Winter",TRUE,5.77,23.08,58,"Urban - High Density",FALSE
830,430,50,10,2023-08-19,TRUE,1,"Sweet Potato","Unknown",FALSE,1.01,10.1,67,"Urban - Medium Density",TRUE
831,1869,32,6,2023-05-25,TRUE,2,"Raspberry","All Seasons",TRUE,12.49,74.94,37,"Urban - Medium Density",TRUE
832,964,42,4,2023-11-03,TRUE,1,"Pomegranate","Winter",TRUE,10.95,43.8,64,"Urban - High Density",TRUE
833,210,27,9,2023-03-25,TRUE,3,"Peach","Winter",TRUE,13.88,124.92,56,"Urban - High Density",TRUE
834,90,12,2,2023-08-01,TRUE,7,"Banana","All Seasons",TRUE,10.29,20.58,71,"Urban - High Density",TRUE
835,1211,27,8,2023-05-05,TRUE,2,"Peach","Winter",TRUE,13.88,111.04,57,"Unknown",FALSE
836,705,3,0,2023-10-10,NA,3,"Raspberry","Unknown",FALSE,10.26,0,28,"Urban - High Density",FALSE
837,1958,30,6,2023-04-27,TRUE,50,"Lychee","All Seasons",TRUE,1.21,7.26,49,"Unknown",FALSE
838,1226,4,-3,2023-08-29,TRUE,50,"Watermelon","Unknown",TRUE,12.08,-36.24,25,"Urban - High Density",NA
839,52,25,2,2023-05-17,TRUE,3,"Broccoli","All Seasons",TRUE,3.11,6.22,50,"Urban - Medium Density",TRUE
840,1314,20,9,2023-01-28,TRUE,2,"Corn","All Seasons",TRUE,12.25,110.25,25,"Urban - Medium Density",FALSE
841,1577,20,2,2023-06-05,TRUE,3,"Corn","All Seasons",TRUE,12.25,24.5,69,"Urban - Medium Density",TRUE
842,871,24,3,2023-10-10,TRUE,-2,"Asparagus","Winter",FALSE,2.01,6.03,43,"Rural",TRUE
843,1177,14,10,2023-10-16,TRUE,-2,"Fig","Summer",TRUE,3.67,36.7,77,"Unknown",TRUE
844,1178,36,3,2023-06-04,TRUE,50,"Raspberry","Summer",TRUE,5.87,17.61,22,"Urban - High Density",TRUE
845,155,33,6,2023-12-01,TRUE,1,"Banana","All Seasons",TRUE,13.25,79.5,41,"Urban - High Density",FALSE
846,634,29,5,2023-09-27,TRUE,3,"Orange","Summer",FALSE,9.07,45.35,56,"Urban - High Density",TRUE
847,561,29,0,2023-11-23,TRUE,2,"Orange","Summer",FALSE,9.07,0,75,"Urban - Medium Density",TRUE
848,1545,14,2,2023-04-29,TRUE,5,"Fig","Summer",TRUE,3.67,7.34,54,"Urban - High Density",FALSE
849,882,43,10,2023-08-08,TRUE,-2,"Pear","Unknown",TRUE,4.62,46.2,48,"Urban - High Density",FALSE
850,1973,32,4,2023-02-19,TRUE,3,"Raspberry","All Seasons",TRUE,12.49,49.96,35,"Urban - Medium Density",NA
851,1982,28,-3,2023-09-01,TRUE,6,"Raspberry","Unknown",TRUE,14.97,-44.91,51,"Urban - High Density",TRUE
852,53,31,10,2023-01-15,TRUE,4,"Chestnut","All Seasons",NA,0.13,1.3,55,"Rural",FALSE
853,1918,22,1,2023-05-11,TRUE,2,"Green Bean","All Seasons",FALSE,-4.21,-4.21,58,"Urban - High Density",TRUE
854,1756,39,10,2023-03-04,TRUE,1,"Mango","All Seasons",TRUE,10.84,108.4,73,"Urban - Medium Density",TRUE
855,1694,43,5,2023-05-02,TRUE,-2,"Pear","Unknown",TRUE,4.62,23.1,51,"Urban - High Density",TRUE
856,1056,1,9,2023-05-03,TRUE,-2,"Strawberry","Unknown",TRUE,4.42,39.78,57,"Urban - High Density",FALSE
857,701,45,4,2023-03-08,TRUE,2,"Apricot","All Seasons",TRUE,7.43,29.72,72,"Urban - Medium Density",TRUE
858,1573,5,8,2023-10-22,TRUE,6,"Apricot","Summer",FALSE,10.18,81.44,66,"Rural",TRUE
859,1679,23,4,2023-09-10,TRUE,3,"Corn","Winter",FALSE,1.53,6.12,51,"Urban - Medium Density",FALSE
860,245,24,3,2023-10-27,TRUE,4,"Asparagus","Winter",FALSE,2.01,6.03,27,"Urban - High Density",TRUE
861,1407,37,-3,2023-11-26,TRUE,7,"Radish","Unknown",TRUE,7.32,-21.96,18,"Urban - High Density",FALSE
862,72,6,7,2023-11-26,TRUE,5,"Walnut","Summer",TRUE,-3.25,-22.75,22,"Rural",TRUE
863,695,26,3,2023-09-05,TRUE,-2,"Mango","Summer",TRUE,-1.79,-5.37,35,"Urban - Medium Density",FALSE
864,1749,49,7,2023-10-31,TRUE,3,"Cherry","Summer",NA,1.84,12.88,41,"Rural",TRUE
865,1101,46,2,2023-11-17,FALSE,2,"Chestnut","All Seasons",TRUE,-4.08,-8.16,75,"Rural",TRUE
866,1440,2,0,2023-04-16,TRUE,2,"Grape","Unknown",TRUE,10.56,0,43,"Urban - High Density",TRUE
867,719,47,6,2023-02-19,TRUE,-2,"Mango","Summer",FALSE,2.32,13.92,54,"Urban - High Density",FALSE
868,1979,22,2,2023-05-10,TRUE,3,"Green Bean","All Seasons",FALSE,-4.21,-8.42,45,"Rural",NA
869,644,2,3,2023-11-13,TRUE,4,"Grape","Unknown",TRUE,10.56,31.68,43,"Urban - High Density",FALSE
870,97,16,6,2023-06-17,TRUE,5,"Chestnut","Summer",TRUE,3.39,20.34,63,"Rural",TRUE
871,1925,20,9,2023-02-11,TRUE,1,"Corn","All Seasons",TRUE,12.25,110.25,67,"Unknown",TRUE
872,1640,50,10,2023-08-04,TRUE,5,"Sweet Potato","Unknown",FALSE,1.01,10.1,33,"Urban - Medium Density",FALSE
873,308,14,4,2023-09-21,TRUE,-2,"Fig","Summer",TRUE,3.67,14.68,45,"Urban - Medium Density",TRUE
874,1766,39,6,2023-05-04,TRUE,4,"Mango","All Seasons",TRUE,10.84,65.04,31,"Urban - High Density",FALSE
875,506,2,-3,2023-01-01,TRUE,3,"Grape","Unknown",TRUE,10.56,-31.68,42,"Rural",TRUE
876,1075,23,1,2023-01-31,TRUE,7,"Corn","Winter",FALSE,1.53,1.53,48,"Rural",FALSE
877,1042,25,10,2023-08-10,TRUE,4,"Broccoli","All Seasons",TRUE,3.11,31.1,44,"Urban - Medium Density",FALSE
878,1615,18,4,2023-10-16,TRUE,5,"Apple","All Seasons",TRUE,14.07,56.28,61,"Urban - High Density",TRUE
879,39,18,4,2023-11-01,TRUE,5,"Apple","All Seasons",TRUE,14.07,56.28,31,"Unknown",FALSE
880,1492,41,4,2023-05-02,TRUE,5,"Strawberry","Summer",TRUE,4.94,19.76,55,"Rural",TRUE
881,783,39,0,2023-11-26,TRUE,6,"Mango","All Seasons",TRUE,10.84,0,25,"Urban - High Density",FALSE
882,474,4,9,2023-12-30,TRUE,3,"Watermelon","Unknown",TRUE,12.08,108.72,32,"Urban - High Density",TRUE
883,1153,10,0,2023-02-26,TRUE,6,"Blueberry","Summer",FALSE,4.44,0,26,"Rural",FALSE
884,966,35,0,2023-01-29,TRUE,7,"Hazelnut","All Seasons",TRUE,6.96,0,32,"Urban - High Density",TRUE
885,1238,31,8,2023-07-12,TRUE,1,"Chestnut","All Seasons",NA,0.13,1.04,44,"Urban - High Density",FALSE
886,884,35,0,2023-05-13,TRUE,7,"Hazelnut","All Seasons",TRUE,6.96,0,24,"Rural",TRUE
887,586,49,-3,2023-02-28,TRUE,3,"Cherry","Summer",NA,1.84,-5.52,78,"Urban - High Density",TRUE
888,1555,32,1,2023-06-19,TRUE,7,"Raspberry","All Seasons",TRUE,12.49,12.49,62,"Urban - Medium Density",TRUE
889,1036,37,-3,2023-09-30,TRUE,6,"Radish","Unknown",TRUE,7.32,-21.96,57,"Unknown",NA
890,241,14,4,2023-09-13,TRUE,7,"Fig","Summer",TRUE,3.67,14.68,65,"Urban - Medium Density",FALSE
891,727,39,3,2023-04-13,TRUE,6,"Mango","All Seasons",TRUE,10.84,32.52,78,"Urban - Medium Density",FALSE
892,1818,47,2,2023-01-07,TRUE,2,"Mango","Summer",FALSE,2.32,4.64,69,"Urban - High Density",FALSE
893,1558,33,0,2023-01-07,TRUE,-2,"Banana","All Seasons",TRUE,13.25,0,52,"Rural",FALSE
894,1428,15,3,2023-09-10,TRUE,50,"Cabbage","All Seasons",FALSE,3.34,10.02,75,"Urban - Medium Density",TRUE
895,820,28,8,2023-08-29,TRUE,7,"Raspberry","Unknown",TRUE,14.97,119.76,56,"Urban - Medium Density",TRUE
896,789,42,7,2023-04-06,TRUE,4,"Pomegranate","Winter",TRUE,10.95,76.65,25,"Rural",TRUE
897,380,39,10,2023-01-07,TRUE,50,"Mango","All Seasons",TRUE,10.84,108.4,60,"Urban - High Density",FALSE
898,467,48,7,2023-02-07,NA,4,"Blueberry","Winter",TRUE,0.78,5.46,79,"Urban - High Density",TRUE
899,15,2,8,2023-05-22,TRUE,6,"Grape","Unknown",TRUE,10.56,84.48,51,"Urban - Medium Density",TRUE
900,1075,24,2,2023-12-13,TRUE,6,"Asparagus","Winter",FALSE,2.01,4.02,48,"Rural",FALSE
901,792,6,7,2023-04-11,TRUE,7,"Walnut","Summer",TRUE,-3.25,-22.75,62,"Urban - Medium Density",TRUE
902,1951,18,6,2023-07-13,TRUE,50,"Apple","All Seasons",TRUE,14.07,84.42,33,"Urban - High Density",FALSE
903,708,18,2,2023-03-25,FALSE,2,"Apple","All Seasons",TRUE,14.07,28.14,68,"Unknown",TRUE
904,953,46,4,2023-08-11,TRUE,50,"Chestnut","All Seasons",TRUE,-4.08,-16.32,19,"Urban - Medium Density",NA
905,860,3,9,2023-01-05,TRUE,3,"Raspberry","Unknown",FALSE,10.26,92.34,32,"Urban - Medium Density",TRUE
906,1296,34,2,2023-08-13,TRUE,-2,"Celery","Winter",TRUE,5.77,11.54,59,"Urban - High Density",TRUE
907,1549,7,6,2023-06-17,TRUE,1,"Lettuce","Unknown",TRUE,8.68,52.08,57,"Urban - High Density",TRUE
908,305,44,-3,2023-05-18,TRUE,3,"Apple","Summer",TRUE,9.24,-27.72,24,"Urban - High Density",TRUE
909,940,41,7,2023-12-01,TRUE,50,"Strawberry","Summer",TRUE,4.94,34.58,67,"Urban - Medium Density",FALSE
910,1424,1,9,2023-11-14,TRUE,50,"Strawberry","Unknown",TRUE,4.42,39.78,20,"Urban - Medium Density",TRUE
911,829,49,0,2023-07-28,TRUE,4,"Cherry","Summer",NA,1.84,0,59,"Urban - High Density",TRUE
912,1403,9,9,2023-05-10,TRUE,5,"Onion","Unknown",TRUE,5.01,45.09,120,"Rural",TRUE
913,52,3,8,2023-07-19,TRUE,4,"Raspberry","Unknown",FALSE,10.26,82.08,50,"Urban - Medium Density",TRUE
914,298,28,6,2023-12-13,TRUE,3,"Raspberry","Unknown",TRUE,14.97,89.82,31,"Urban - High Density",TRUE
915,658,30,4,2023-06-29,TRUE,1,"Lychee","All Seasons",TRUE,1.21,4.84,28,"Rural",FALSE
916,371,23,9,2023-10-28,TRUE,4,"Corn","Winter",FALSE,1.53,13.77,39,"Urban - High Density",TRUE
917,1054,9,2,2023-01-03,TRUE,3,"Onion","Unknown",TRUE,5.01,10.02,79,"Urban - Medium Density",TRUE
918,1898,29,9,2023-10-08,TRUE,6,"Orange","Summer",FALSE,9.07,81.63,37,"Urban - Medium Density",FALSE
919,1494,41,-3,2023-11-23,TRUE,50,"Strawberry","Summer",TRUE,4.94,-14.82,18,"Urban - High Density",FALSE
920,496,39,2,2023-02-03,TRUE,5,"Mango","All Seasons",TRUE,10.84,21.68,120,"Urban - High Density",FALSE
921,199,33,0,2023-04-01,TRUE,3,"Banana","All Seasons",TRUE,13.25,0,51,"Urban - High Density",TRUE
922,318,29,0,2023-09-25,TRUE,2,"Orange","Summer",FALSE,9.07,0,120,"Urban - High Density",TRUE
923,1851,42,9,2023-02-24,TRUE,6,"Pomegranate","Winter",TRUE,10.95,98.55,58,"Urban - High Density",TRUE
924,443,19,1,2023-12-05,TRUE,5,"Banana","Winter",TRUE,-0.17,-0.17,19,"Urban - Medium Density",FALSE
925,1492,21,6,2023-03-01,TRUE,1,"Sweet Potato","All Seasons",TRUE,12.3,73.8,55,"Rural",TRUE
926,1099,9,9,2023-03-12,TRUE,6,"Onion","Unknown",TRUE,5.01,45.09,61,"Rural",TRUE
927,695,15,1,2023-02-08,TRUE,50,"Cabbage","All Seasons",FALSE,3.34,3.34,35,"Urban - Medium Density",FALSE
928,371,44,1,2023-06-22,TRUE,5,"Apple","Summer",TRUE,9.24,9.24,39,"Urban - High Density",TRUE
929,1775,40,0,2023-11-28,TRUE,50,"Orange","Winter",FALSE,3.87,0,34,"Urban - Medium Density",TRUE
930,32,5,10,2023-02-20,TRUE,-2,"Apricot","Summer",FALSE,10.18,101.8,28,"Unknown",TRUE
931,560,13,4,2023-02-02,NA,7,"Cucumber","All Seasons",NA,8.17,32.68,52,"Urban - High Density",FALSE
932,103,24,2,2023-09-13,TRUE,1,"Asparagus","Winter",FALSE,2.01,4.02,57,"Urban - Medium Density",TRUE
933,1565,4,5,2023-01-03,TRUE,3,"Watermelon","Unknown",TRUE,12.08,60.4,42,"Urban - High Density",TRUE
934,426,43,9,2023-06-09,TRUE,1,"Pear","Unknown",TRUE,4.62,41.58,61,"Urban - High Density",FALSE
935,1666,31,3,2023-04-19,TRUE,-2,"Chestnut","All Seasons",NA,0.13,0.39,59,"Urban - Medium Density",FALSE
936,1788,40,0,2023-11-13,TRUE,6,"Orange","Winter",FALSE,3.87,0,48,"Urban - High Density",TRUE
937,221,9,7,2023-11-19,TRUE,3,"Onion","Unknown",TRUE,5.01,35.07,57,"Urban - Medium Density",NA
938,1309,5,5,2023-12-18,TRUE,4,"Apricot","Summer",FALSE,10.18,50.9,53,"Urban - High Density",FALSE
939,558,44,-3,2023-08-12,TRUE,50,"Apple","Summer",TRUE,9.24,-27.72,55,"Urban - High Density",FALSE
940,545,28,5,2023-02-25,TRUE,6,"Raspberry","Unknown",TRUE,14.97,74.85,80,"Urban - High Density",FALSE
941,685,11,8,2023-03-19,TRUE,2,"Strawberry","Summer",TRUE,5.35,42.8,38,"Urban - Medium Density",TRUE
942,512,3,10,2023-09-17,TRUE,2,"Raspberry","Unknown",FALSE,10.26,102.6,68,"Urban - Medium Density",NA
943,1539,14,5,2023-02-11,TRUE,7,"Fig","Summer",TRUE,3.67,18.35,40,"Urban - Medium Density",FALSE
944,528,36,5,2023-01-18,TRUE,6,"Raspberry","Summer",TRUE,5.87,29.35,120,"Urban - High Density",TRUE
945,201,31,4,2023-05-06,TRUE,50,"Chestnut","All Seasons",NA,0.13,0.52,63,"Urban - High Density",FALSE
946,1501,13,2,2023-02-08,TRUE,4,"Cucumber","All Seasons",NA,8.17,16.34,53,"Urban - High Density",TRUE
947,832,26,9,2023-04-10,TRUE,4,"Mango","Summer",TRUE,-1.79,-16.11,26,"Urban - High Density",FALSE
948,83,11,2,2023-12-04,TRUE,50,"Strawberry","Summer",TRUE,5.35,10.7,36,"Urban - High Density",TRUE
949,894,22,2,2023-10-20,TRUE,3,"Green Bean","All Seasons",FALSE,-4.21,-8.42,65,"Urban - Medium Density",FALSE
950,627,26,3,2023-04-04,TRUE,6,"Mango","Summer",TRUE,-1.79,-5.37,50,"Urban - Medium Density",FALSE
951,505,6,8,2023-06-05,TRUE,50,"Walnut","Summer",TRUE,-3.25,-26,29,"Urban - Medium Density",TRUE
952,1786,12,7,2023-05-26,NA,2,"Banana","All Seasons",TRUE,10.29,72.03,76,"Rural",TRUE
953,52,41,2,2023-02-25,TRUE,1,"Strawberry","Summer",TRUE,4.94,9.88,50,"Urban - Medium Density",TRUE
954,1608,26,1,2023-02-20,TRUE,1,"Mango","Summer",TRUE,-1.79,-1.79,23,"Urban - High Density",TRUE
955,1636,30,5,2023-09-18,TRUE,50,"Lychee","All Seasons",TRUE,1.21,6.05,66,"Urban - High Density",TRUE
956,1009,13,0,2023-02-14,TRUE,7,"Cucumber","All Seasons",NA,8.17,0,64,"Rural",NA
957,608,50,1,2023-05-09,TRUE,-2,"Sweet Potato","Unknown",FALSE,1.01,1.01,71,"Urban - Medium Density",TRUE
958,915,27,9,2023-07-20,TRUE,50,"Peach","Winter",TRUE,13.88,124.92,53,"Urban - High Density",TRUE
959,695,33,6,2023-05-29,TRUE,5,"Banana","All Seasons",TRUE,13.25,79.5,35,"Urban - Medium Density",FALSE
960,583,46,6,2023-02-12,TRUE,1,"Chestnut","All Seasons",TRUE,-4.08,-24.48,32,"Urban - High Density",TRUE
961,991,34,0,2023-01-24,TRUE,2,"Celery","Winter",TRUE,5.77,0,77,"Urban - High Density",TRUE
962,982,44,5,2023-08-02,TRUE,2,"Apple","Summer",TRUE,9.24,46.2,38,"Urban - High Density",TRUE
963,1185,26,8,2023-10-10,TRUE,2,"Mango","Summer",TRUE,-1.79,-14.32,29,"Urban - High Density",TRUE
964,1836,4,9,2023-11-26,TRUE,4,"Watermelon","Unknown",TRUE,12.08,108.72,40,"Urban - High Density",FALSE
965,1887,14,6,2023-07-19,TRUE,2,"Fig","Summer",TRUE,3.67,22.02,19,"Urban - High Density",FALSE
966,1559,14,2,2023-07-13,TRUE,1,"Fig","Summer",TRUE,3.67,7.34,27,"Urban - Medium Density",FALSE
967,1051,39,7,2023-11-29,TRUE,7,"Mango","All Seasons",TRUE,10.84,75.88,42,"Urban - Medium Density",TRUE
968,1968,25,9,2023-04-18,TRUE,7,"Broccoli","All Seasons",TRUE,3.11,27.99,77,"Urban - Medium Density",FALSE
969,403,34,8,2023-05-31,TRUE,2,"Celery","Winter",TRUE,5.77,46.16,22,"Urban - Medium Density",TRUE
970,496,32,4,2023-10-22,TRUE,2,"Raspberry","All Seasons",TRUE,12.49,49.96,120,"Urban - High Density",FALSE
971,1192,48,-3,2023-12-04,TRUE,-2,"Blueberry","Winter",TRUE,0.78,-2.34,19,"Urban - High Density",TRUE
972,892,3,10,2023-05-27,TRUE,6,"Raspberry","Unknown",FALSE,10.26,102.6,31,"Urban - High Density",TRUE
973,1228,19,7,2023-09-14,TRUE,3,"Banana","Winter",TRUE,-0.17,-1.19,21,"Urban - High Density",FALSE
974,962,25,1,2023-02-22,TRUE,1,"Broccoli","All Seasons",TRUE,3.11,3.11,46,"Urban - High Density",TRUE
975,267,36,0,2023-05-23,TRUE,4,"Raspberry","Summer",TRUE,5.87,0,23,"Urban - Medium Density",FALSE
976,265,29,1,2023-02-26,TRUE,3,"Orange","Summer",FALSE,9.07,9.07,68,"Urban - High Density",FALSE
977,1569,33,-3,2023-11-19,TRUE,-2,"Banana","All Seasons",TRUE,13.25,-39.75,58,"Urban - Medium Density",TRUE
978,1343,17,3,2023-09-13,TRUE,1,"Pea","All Seasons",TRUE,-2.07,-6.21,19,"Urban - Medium Density",TRUE
979,421,31,6,2023-07-20,TRUE,5,"Chestnut","All Seasons",NA,0.13,0.78,29,"Urban - Medium Density",TRUE
980,1146,25,-3,2023-09-03,TRUE,3,"Broccoli","All Seasons",TRUE,3.11,-9.33,71,"Urban - High Density",TRUE
981,1893,20,3,2023-04-14,TRUE,5,"Corn","All Seasons",TRUE,12.25,36.75,32,"Urban - High Density",FALSE
982,1007,6,5,2023-03-02,TRUE,1,"Walnut","Summer",TRUE,-3.25,-16.25,71,"Urban - High Density",FALSE
983,522,48,7,2023-08-12,TRUE,4,"Blueberry","Winter",TRUE,0.78,5.46,57,"Urban - High Density",TRUE
984,821,3,2,2023-01-13,TRUE,-2,"Raspberry","Unknown",FALSE,10.26,20.52,29,"Rural",TRUE
985,1506,10,7,2023-03-04,TRUE,50,"Blueberry","Summer",FALSE,4.44,31.08,36,"Rural",TRUE
986,927,22,-3,2023-04-15,FALSE,2,"Green Bean","All Seasons",FALSE,-4.21,12.63,42,"Urban - High Density",FALSE
987,1350,33,2,2023-12-31,TRUE,5,"Banana","All Seasons",TRUE,13.25,26.5,79,"Urban - Medium Density",TRUE
988,1306,41,9,2023-07-24,TRUE,6,"Strawberry","Summer",TRUE,4.94,44.46,54,"Urban - Medium Density",FALSE
989,1270,23,5,2023-05-13,TRUE,3,"Corn","Winter",FALSE,1.53,7.65,45,"Urban - Medium Density",TRUE
990,460,17,0,2023-05-16,FALSE,2,"Pea","All Seasons",TRUE,-2.07,0,75,"Urban - High Density",TRUE
991,458,25,9,2023-09-05,TRUE,4,"Broccoli","All Seasons",TRUE,3.11,27.99,47,"Urban - Medium Density",FALSE
992,1188,48,8,2023-11-13,TRUE,-2,"Blueberry","Winter",TRUE,0.78,6.24,23,"Urban - High Density",TRUE
993,237,11,2,2023-03-26,TRUE,5,"Strawberry","Summer",TRUE,5.35,10.7,45,"Urban - High Density",TRUE
994,1176,18,-3,2023-05-26,TRUE,3,"Apple","All Seasons",TRUE,14.07,-42.21,27,"Urban - High Density",TRUE
995,371,4,10,2023-08-02,TRUE,3,"Watermelon","Unknown",TRUE,12.08,120.8,39,"Urban - High Density",TRUE
996,1070,48,7,2023-09-06,TRUE,-2,"Blueberry","Winter",TRUE,0.78,5.46,33,"Urban - High Density",TRUE
997,1108,4,2,2023-01-05,TRUE,5,"Watermelon","Unknown",TRUE,12.08,24.16,35,"Urban - High Density",TRUE
998,718,6,6,2023-10-12,TRUE,4,"Walnut","Summer",TRUE,-3.25,-19.5,55,"Urban - Medium Density",FALSE
999,225,22,5,2023-05-11,TRUE,4,"Green Bean","All Seasons",FALSE,-4.21,-21.05,28,"Urban - Medium Density",TRUE
1000,1623,46,8,2023-03-10,TRUE,3,"Chestnut","All Seasons",TRUE,-4.08,-32.64,52,"Urban - Medium Density",FALSE
1001,1861,22,9,2023-05-03,TRUE,-2,"Green Bean","All Seasons",FALSE,-4.21,-37.89,48,"Rural",FALSE
1002,1621,45,2,2023-07-12,TRUE,3,"Apricot","All Seasons",TRUE,7.43,14.86,120,"Urban - High Density",FALSE
1003,1414,6,9,2023-01-29,TRUE,-2,"Walnut","Summer",TRUE,-3.25,-29.25,32,"Urban - High Density",FALSE
1004,891,8,8,2023-09-05,TRUE,2,"Garlic","Winter",TRUE,3.66,29.28,34,"Urban - High Density",TRUE
1005,343,33,-3,2023-08-13,TRUE,4,"Banana","All Seasons",TRUE,13.25,-39.75,51,"Urban - High Density",FALSE
1006,139,24,7,2023-12-14,TRUE,-2,"Asparagus","Winter",FALSE,2.01,14.07,41,"Urban - Medium Density",TRUE
1007,1816,32,2,2023-07-17,TRUE,50,"Raspberry","All Seasons",TRUE,12.49,24.98,62,"Urban - High Density",TRUE
1008,434,22,3,2023-07-18,TRUE,3,"Green Bean","All Seasons",FALSE,-4.21,-12.63,48,"Urban - High Density",TRUE
1009,1946,40,5,2023-04-02,TRUE,7,"Orange","Winter",FALSE,3.87,19.35,26,"Urban - Medium Density",TRUE
1010,847,8,4,2023-02-17,TRUE,50,"Garlic","Winter",TRUE,3.66,14.64,30,"Urban - Medium Density",FALSE
1011,608,40,9,2023-12-18,TRUE,-2,"Orange","Winter",FALSE,3.87,34.83,71,"Urban - Medium Density",TRUE
1012,647,43,8,2023-03-15,TRUE,1,"Pear","Unknown",TRUE,4.62,36.96,54,"Urban - Medium Density",TRUE
1013,257,34,7,2023-07-16,TRUE,-2,"Celery","Winter",TRUE,5.77,40.39,63,"Urban - Medium Density",TRUE
1014,176,20,7,2023-10-07,TRUE,3,"Corn","All Seasons",TRUE,12.25,85.75,76,"Rural",FALSE
1015,432,2,6,2023-04-09,TRUE,2,"Grape","Unknown",TRUE,10.56,63.36,34,"Urban - Medium Density",TRUE
1016,350,28,3,2023-11-16,TRUE,3,"Raspberry","Unknown",TRUE,14.97,44.91,71,"Urban - Medium Density",FALSE
1017,58,43,0,2023-06-11,TRUE,1,"Pear","Unknown",TRUE,4.62,0,79,"Rural",TRUE
1018,1149,50,10,2023-06-24,FALSE,3,"Sweet Potato","Unknown",FALSE,1.01,10.1,51,"Urban - Medium Density",TRUE
1019,652,45,0,2023-12-12,TRUE,4,"Apricot","All Seasons",TRUE,7.43,0,43,"Rural",TRUE
1020,1860,21,3,2023-05-27,TRUE,6,"Sweet Potato","All Seasons",TRUE,12.3,36.9,57,"Urban - High Density",TRUE
1021,623,22,3,2023-11-12,TRUE,6,"Green Bean","All Seasons",FALSE,-4.21,-12.63,50,"Urban - Medium Density",TRUE
1022,1287,32,8,2023-03-13,TRUE,1,"Raspberry","All Seasons",TRUE,12.49,99.92,64,"Urban - High Density",TRUE
1023,824,20,7,2023-09-17,TRUE,5,"Corn","All Seasons",TRUE,12.25,85.75,75,"Urban - High Density",TRUE
1024,1264,16,3,2023-09-14,TRUE,1,"Chestnut","Summer",TRUE,3.39,10.17,39,"Urban - High Density",TRUE
1025,891,5,-3,2023-02-08,TRUE,6,"Apricot","Summer",FALSE,10.18,-30.54,34,"Urban - High Density",TRUE
1026,22,7,8,2023-02-11,TRUE,4,"Lettuce","Unknown",TRUE,8.68,69.44,38,"Urban - High Density",FALSE
1027,659,22,5,2023-07-28,NA,1,"Green Bean","All Seasons",FALSE,-4.21,-21.05,61,"Urban - Medium Density",FALSE
1028,1191,39,-3,2023-09-24,TRUE,6,"Mango","All Seasons",TRUE,10.84,-32.52,31,"Urban - Medium Density",FALSE
1029,1042,7,9,2023-09-03,TRUE,4,"Lettuce","Unknown",TRUE,8.68,78.12,44,"Urban - Medium Density",FALSE
1030,1015,27,10,2023-05-27,TRUE,1,"Peach","Winter",TRUE,13.88,138.8,29,"Rural",TRUE
1031,986,50,3,2023-12-19,TRUE,3,"Sweet Potato","Unknown",FALSE,1.01,3.03,53,"Urban - High Density",TRUE
1032,1497,8,5,2023-07-13,TRUE,5,"Garlic","Winter",TRUE,3.66,18.3,34,"Rural",TRUE
1033,330,27,3,2023-09-28,TRUE,4,"Peach","Winter",TRUE,13.88,41.64,80,"Urban - High Density",TRUE
1034,362,1,4,2023-12-09,TRUE,1,"Strawberry","Unknown",TRUE,4.42,17.68,55,"Urban - High Density",TRUE
1035,986,27,0,2023-03-09,TRUE,50,"Peach","Winter",TRUE,13.88,0,53,"Urban - High Density",TRUE
1036,351,19,-3,2023-10-07,TRUE,2,"Banana","Winter",TRUE,-0.17,0.51,66,"Urban - Medium Density",TRUE
1037,1667,21,4,2023-08-14,TRUE,3,"Sweet Potato","All Seasons",TRUE,12.3,49.2,73,"Urban - High Density",FALSE
1038,529,49,3,2023-09-18,TRUE,6,"Cherry","Summer",NA,1.84,5.52,58,"Urban - High Density",FALSE
1039,480,38,5,2023-04-13,FALSE,2,"Apricot","Summer",TRUE,8.8,44,38,"Urban - High Density",NA
1040,1758,3,-3,2023-02-10,TRUE,4,"Raspberry","Unknown",FALSE,10.26,-30.78,37,"Unknown",FALSE
1041,1806,3,3,2023-03-03,TRUE,4,"Raspberry","Unknown",FALSE,10.26,30.78,75,"Rural",TRUE
1042,1043,4,3,2023-08-29,TRUE,4,"Watermelon","Unknown",TRUE,12.08,36.24,66,"Unknown",TRUE
1043,880,6,2,2023-11-29,TRUE,1,"Walnut","Summer",TRUE,-3.25,-6.5,65,"Urban - Medium Density",TRUE
1044,173,11,10,2023-03-09,TRUE,4,"Strawberry","Summer",TRUE,5.35,53.5,57,"Urban - High Density",FALSE
1045,505,22,7,2023-10-12,TRUE,7,"Green Bean","All Seasons",FALSE,-4.21,-29.47,29,"Urban - Medium Density",TRUE
1046,568,50,7,2023-02-03,TRUE,5,"Sweet Potato","Unknown",FALSE,1.01,7.07,31,"Urban - Medium Density",TRUE
1047,1482,43,5,2023-10-19,TRUE,5,"Pear","Unknown",TRUE,4.62,23.1,53,"Urban - Medium Density",NA
1048,777,25,1,2023-09-28,TRUE,3,"Broccoli","All Seasons",TRUE,3.11,3.11,27,"",FALSE
1049,151,27,-3,2023-09-18,TRUE,5,"Peach","Winter",TRUE,13.88,-41.64,41,"Urban - Medium Density",NA
1050,250,1,5,2023-06-18,TRUE,-2,"Strawberry","Unknown",TRUE,4.42,22.1,66,"Urban - High Density",NA
1051,1297,1,2,2023-07-07,TRUE,2,"Strawberry","Unknown",TRUE,4.42,8.84,41,"Urban - High Density",FALSE
1052,353,5,4,2023-03-13,TRUE,7,"Apricot","Summer",FALSE,10.18,40.72,63,"Urban - High Density",TRUE
1053,1041,31,7,2023-08-06,TRUE,4,"Chestnut","All Seasons",NA,0.13,0.91,61,"Rural",FALSE
1054,1085,19,0,2023-03-12,TRUE,-2,"Banana","Winter",TRUE,-0.17,0,38,"Urban - High Density",TRUE
1055,983,28,0,2023-11-24,TRUE,4,"Raspberry","Unknown",TRUE,14.97,0,40,"Rural",TRUE
1056,324,2,9,2023-05-07,TRUE,6,"Grape","Unknown",TRUE,10.56,95.04,21,"",TRUE
1057,279,50,1,2023-12-04,TRUE,4,"Sweet Potato","Unknown",FALSE,1.01,1.01,51,"Urban - Medium Density",TRUE
1058,1922,13,2,2023-02-17,NA,7,"Cucumber","All Seasons",NA,8.17,16.34,68,"Urban - High Density",FALSE
1059,1185,29,1,2023-08-27,TRUE,7,"Orange","Summer",FALSE,9.07,9.07,29,"Urban - High Density",TRUE
1060,885,42,-3,2023-06-07,TRUE,5,"Pomegranate","Winter",TRUE,10.95,-32.85,46,"",FALSE
1061,144,48,9,2023-12-02,TRUE,4,"Blueberry","Winter",TRUE,0.78,7.02,72,"Rural",FALSE
1062,1462,28,5,2023-11-21,TRUE,2,"Raspberry","Unknown",TRUE,14.97,74.85,48,"Urban - High Density",TRUE
1063,824,22,9,2023-05-20,TRUE,50,"Green Bean","All Seasons",FALSE,-4.21,-37.89,75,"Urban - High Density",TRUE
1064,1633,10,7,2023-10-10,TRUE,1,"Blueberry","Summer",FALSE,4.44,31.08,47,"Urban - High Density",FALSE
1065,469,2,7,2023-12-18,TRUE,-2,"Grape","Unknown",TRUE,10.56,73.92,57,"Urban - High Density",TRUE
1066,600,15,2,2023-08-21,TRUE,4,"Cabbage","All Seasons",FALSE,3.34,6.68,69,"Urban - Medium Density",FALSE
1067,1703,31,9,2023-10-26,TRUE,7,"Chestnut","All Seasons",NA,0.13,1.17,47,"Urban - High Density",FALSE
1068,1514,38,6,2023-05-29,TRUE,5,"Apricot","Summer",TRUE,8.8,52.8,36,"Unknown",TRUE
1069,1429,25,8,2023-05-23,TRUE,4,"Broccoli","All Seasons",TRUE,3.11,24.88,71,"Urban - High Density",TRUE
1070,1648,39,3,2023-10-21,TRUE,3,"Mango","All Seasons",TRUE,10.84,32.52,34,"Rural",FALSE
1071,1000,35,7,2023-03-16,TRUE,50,"Hazelnut","All Seasons",TRUE,6.96,48.72,27,"Urban - Medium Density",FALSE
1072,658,36,7,2023-09-13,TRUE,2,"Raspberry","Summer",TRUE,5.87,41.09,28,"Rural",FALSE
1073,542,5,-3,2023-10-13,TRUE,4,"Apricot","Summer",FALSE,10.18,-30.54,32,"Urban - Medium Density",TRUE
1074,1941,14,5,2023-04-12,TRUE,-2,"Fig","Summer",TRUE,3.67,18.35,24,"Rural",FALSE
1075,1021,27,4,2023-10-11,TRUE,3,"Peach","Winter",TRUE,13.88,55.52,59,"Urban - Medium Density",NA
1076,17,26,10,2023-04-03,TRUE,3,"Mango","Summer",TRUE,-1.79,-17.9,30,"Urban - Medium Density",TRUE
1077,870,48,10,2023-07-21,TRUE,-2,"Blueberry","Winter",TRUE,0.78,7.8,49,"Urban - Medium Density",TRUE
1078,448,27,4,2023-07-12,TRUE,1,"Peach","Winter",TRUE,13.88,55.52,30,"",TRUE
1079,564,40,0,2023-04-06,TRUE,7,"Orange","Winter",FALSE,3.87,0,57,"Urban - High Density",FALSE
1080,99,46,8,2023-05-06,TRUE,7,"Chestnut","All Seasons",TRUE,-4.08,-32.64,51,"Rural",FALSE
1081,188,41,3,2023-04-03,TRUE,7,"Strawberry","Summer",TRUE,4.94,14.82,28,"Urban - High Density",FALSE
1082,1671,21,1,2023-01-01,TRUE,-2,"Sweet Potato","All Seasons",TRUE,12.3,12.3,55,"Rural",TRUE
1083,184,4,7,2023-11-01,TRUE,-2,"Watermelon","Unknown",TRUE,12.08,84.56,32,"Urban - High Density",FALSE
1084,277,8,9,2023-09-26,TRUE,1,"Garlic","Winter",TRUE,3.66,32.94,55,"Urban - High Density",TRUE
1085,1480,7,2,2023-10-15,TRUE,50,"Lettuce","Unknown",TRUE,8.68,17.36,65,"Urban - High Density",FALSE
1086,1629,35,7,2023-01-19,TRUE,3,"Hazelnut","All Seasons",TRUE,6.96,48.72,50,"Unknown",TRUE
1087,1841,41,2,2023-10-19,TRUE,2,"Strawberry","Summer",TRUE,4.94,9.88,33,"Urban - High Density",FALSE
1088,549,33,4,2023-03-20,TRUE,2,"Banana","All Seasons",TRUE,13.25,53,26,"Urban - High Density",TRUE
1089,1288,49,9,2023-05-15,TRUE,7,"Cherry","Summer",NA,1.84,16.56,42,"Urban - High Density",TRUE
1090,1789,38,9,2023-02-19,TRUE,3,"Apricot","Summer",TRUE,8.8,79.2,36,"Urban - Medium Density",TRUE
1091,348,27,5,2023-03-02,TRUE,4,"Peach","Winter",TRUE,13.88,69.4,44,"Urban - High Density",FALSE
1092,1415,39,6,2023-12-25,TRUE,7,"Mango","All Seasons",TRUE,10.84,65.04,68,"Urban - High Density",FALSE
1093,1365,31,7,2023-09-28,TRUE,1,"Chestnut","All Seasons",NA,0.13,0.91,80,"Urban - High Density",TRUE
1094,343,24,6,2023-05-13,TRUE,7,"Asparagus","Winter",FALSE,2.01,12.06,51,"Urban - High Density",FALSE
1095,984,45,4,2023-04-17,TRUE,50,"Apricot","All Seasons",TRUE,7.43,29.72,53,"Rural",TRUE
1096,1098,35,1,2023-01-13,FALSE,5,"Hazelnut","All Seasons",TRUE,6.96,6.96,72,"Urban - High Density",TRUE
1097,435,30,10,2023-11-10,TRUE,1,"Lychee","All Seasons",TRUE,1.21,12.1,76,"Urban - Medium Density",TRUE
1098,811,36,1,2023-01-06,TRUE,-2,"Raspberry","Summer",TRUE,5.87,5.87,49,"Urban - High Density",TRUE
1099,688,46,0,2023-07-25,TRUE,3,"Chestnut","All Seasons",TRUE,-4.08,0,24,"Urban - High Density",TRUE
1100,605,44,6,2023-03-15,TRUE,3,"Apple","Summer",TRUE,9.24,55.44,50,"Urban - Medium Density",TRUE
1101,536,42,10,2023-12-03,TRUE,4,"Pomegranate","Winter",TRUE,10.95,109.5,22,"Urban - Medium Density",TRUE
1102,674,17,4,2023-04-11,FALSE,3,"Pea","All Seasons",TRUE,-2.07,-8.28,32,"Urban - High Density",FALSE
1103,1412,43,7,2023-02-08,TRUE,6,"Pear","Unknown",TRUE,4.62,32.34,79,"Urban - Medium Density",FALSE
1104,7,36,7,2023-01-13,TRUE,6,"Raspberry","Summer",TRUE,5.87,41.09,29,"Urban - Medium Density",TRUE
1105,424,6,6,2023-08-21,TRUE,-2,"Walnut","Summer",TRUE,-3.25,-19.5,24,"",TRUE
1106,1876,29,8,2023-02-08,TRUE,-2,"Orange","Summer",FALSE,9.07,72.56,71,"Urban - Medium Density",TRUE
1107,1233,3,-3,2023-12-08,TRUE,7,"Raspberry","Unknown",FALSE,10.26,-30.78,70,"Unknown",FALSE
1108,1283,41,2,2023-04-27,FALSE,2,"Strawberry","Summer",TRUE,4.94,9.88,37,"Urban - High Density",FALSE
1109,1513,18,4,2023-06-06,TRUE,-2,"Apple","All Seasons",TRUE,14.07,56.28,43,"Urban - High Density",TRUE
1110,597,32,4,2023-06-16,TRUE,5,"Raspberry","All Seasons",TRUE,12.49,49.96,43,"Urban - Medium Density",NA
1111,992,19,0,2023-04-18,FALSE,7,"Banana","Winter",TRUE,-0.17,0,36,"Urban - High Density",TRUE
1112,883,15,7,2023-07-09,TRUE,2,"Cabbage","All Seasons",FALSE,3.34,23.38,39,"Urban - High Density",FALSE
1113,1767,28,9,2023-05-06,TRUE,3,"Raspberry","Unknown",TRUE,14.97,134.73,28,"Urban - Medium Density",NA
1114,1904,41,10,2023-08-12,TRUE,1,"Strawberry","Summer",TRUE,4.94,49.4,77,"Urban - High Density",TRUE
1115,341,42,10,2023-11-23,TRUE,2,"Pomegranate","Winter",TRUE,10.95,109.5,76,"Urban - Medium Density",FALSE
1116,412,22,0,2023-01-09,TRUE,-2,"Green Bean","All Seasons",FALSE,-4.21,0,64,"Urban - Medium Density",TRUE
1117,327,48,9,2023-11-20,TRUE,7,"Blueberry","Winter",TRUE,0.78,7.02,43,"Urban - Medium Density",TRUE
1118,293,20,5,2023-06-19,TRUE,3,"Corn","All Seasons",TRUE,12.25,61.25,78,"Urban - High Density",TRUE
1119,1912,3,6,2023-11-13,TRUE,3,"Raspberry","Unknown",FALSE,10.26,61.56,58,"Rural",FALSE
1120,51,5,7,2023-06-03,TRUE,2,"Apricot","Summer",FALSE,10.18,71.26,40,"Urban - High Density",TRUE
1121,1924,28,5,2023-07-24,TRUE,50,"Raspberry","Unknown",TRUE,14.97,74.85,57,"Urban - Medium Density",TRUE
1122,1775,13,0,2023-06-13,TRUE,7,"Cucumber","All Seasons",NA,8.17,0,34,"Urban - Medium Density",TRUE
1123,1477,24,9,2023-08-20,TRUE,-2,"Asparagus","Winter",FALSE,2.01,18.09,23,"Urban - High Density",TRUE
1124,1245,7,1,2023-05-10,TRUE,7,"Lettuce","Unknown",TRUE,8.68,8.68,25,"Urban - High Density",FALSE
1125,832,48,1,2023-06-22,TRUE,4,"Blueberry","Winter",TRUE,0.78,0.78,26,"Urban - High Density",FALSE
1126,1856,27,6,2023-11-17,TRUE,6,"Peach","Winter",TRUE,13.88,83.28,33,"Urban - High Density",TRUE
1127,872,34,4,2023-07-30,TRUE,7,"Celery","Winter",TRUE,5.77,23.08,51,"Urban - Medium Density",FALSE
1128,1787,17,0,2023-11-19,TRUE,6,"Pea","All Seasons",TRUE,-2.07,0,69,"Urban - Medium Density",FALSE
1129,1707,28,8,2023-09-19,TRUE,6,"Raspberry","Unknown",TRUE,14.97,119.76,31,"Urban - Medium Density",TRUE
1130,782,2,4,2023-09-03,TRUE,6,"Grape","Unknown",TRUE,10.56,42.24,22,"Urban - High Density",TRUE
1131,1271,32,0,2023-04-28,TRUE,3,"Raspberry","All Seasons",TRUE,12.49,0,31,"Urban - Medium Density",FALSE
1132,1381,38,1,2023-01-12,FALSE,1,"Apricot","Summer",TRUE,8.8,8.8,75,"Rural",TRUE
1133,1542,50,8,2023-07-26,TRUE,6,"Sweet Potato","Unknown",FALSE,1.01,8.08,50,"Urban - Medium Density",TRUE
1134,1656,43,4,2023-01-09,TRUE,4,"Pear","Unknown",TRUE,4.62,18.48,70,"Urban - High Density",FALSE
1135,652,13,0,2023-11-12,TRUE,3,"Cucumber","All Seasons",NA,8.17,0,43,"Rural",TRUE
1136,1979,46,2,2023-09-22,TRUE,7,"Chestnut","All Seasons",TRUE,-4.08,-8.16,45,"Rural",NA
1137,884,39,-3,2023-05-08,TRUE,2,"Mango","All Seasons",TRUE,10.84,-32.52,24,"Rural",TRUE
1138,1407,15,-3,2023-08-21,TRUE,5,"Cabbage","All Seasons",FALSE,3.34,-10.02,18,"Urban - High Density",FALSE
1139,916,24,5,2023-12-09,TRUE,2,"Asparagus","Winter",FALSE,2.01,10.05,27,"Urban - High Density",TRUE
1140,940,1,9,2023-10-08,TRUE,50,"Strawberry","Unknown",TRUE,4.42,39.78,67,"Urban - Medium Density",FALSE
1141,670,10,5,2023-05-11,TRUE,6,"Blueberry","Summer",FALSE,4.44,22.2,45,"Urban - Medium Density",FALSE
1142,1156,9,8,2023-01-29,TRUE,4,"Onion","Unknown",TRUE,5.01,40.08,32,"Urban - High Density",FALSE
1143,1773,12,-3,2023-12-27,TRUE,5,"Banana","All Seasons",TRUE,10.29,-30.87,33,"Urban - Medium Density",FALSE
1144,602,50,7,2023-12-03,FALSE,5,"Sweet Potato","Unknown",FALSE,1.01,7.07,44,"Urban - High Density",FALSE
1145,553,35,1,2023-11-12,TRUE,2,"Hazelnut","All Seasons",TRUE,6.96,6.96,33,"Urban - Medium Density",TRUE
1146,1246,16,10,2023-04-25,TRUE,4,"Chestnut","Summer",TRUE,3.39,33.9,30,"Urban - Medium Density",FALSE
1147,586,20,2,2023-12-23,TRUE,-2,"Corn","All Seasons",TRUE,12.25,24.5,78,"Urban - High Density",TRUE
1148,1729,22,2,2023-05-05,TRUE,4,"Green Bean","All Seasons",FALSE,-4.21,-8.42,23,"Urban - Medium Density",FALSE
1149,1738,12,2,2023-01-28,FALSE,4,"Banana","All Seasons",TRUE,10.29,20.58,62,"Urban - Medium Density",TRUE
1150,878,8,5,2023-05-04,TRUE,6,"Garlic","Winter",TRUE,3.66,18.3,27,"Urban - High Density",TRUE
1151,1481,30,5,2023-03-02,TRUE,50,"Lychee","All Seasons",TRUE,1.21,6.05,23,"Urban - High Density",TRUE
1152,1674,17,7,2023-09-16,TRUE,4,"Pea","All Seasons",TRUE,-2.07,-14.49,30,"Urban - Medium Density",FALSE
1153,68,14,9,2023-10-24,NA,50,"Fig","Summer",TRUE,3.67,33.03,61,"Urban - High Density",TRUE
1154,1643,24,1,2023-01-20,TRUE,6,"Asparagus","Winter",FALSE,2.01,2.01,18,"Urban - High Density",TRUE
1155,1560,22,8,2023-07-31,TRUE,1,"Green Bean","All Seasons",FALSE,-4.21,-33.68,37,"Urban - High Density",FALSE
1156,1799,5,5,2023-09-11,TRUE,6,"Apricot","Summer",FALSE,10.18,50.9,39,"Rural",TRUE
1157,1102,18,5,2023-01-21,TRUE,3,"Apple","All Seasons",TRUE,14.07,70.35,77,"Urban - High Density",TRUE
1158,1714,47,8,2023-03-24,TRUE,5,"Mango","Summer",FALSE,2.32,18.56,33,"Urban - Medium Density",TRUE
1159,1474,17,-3,2023-04-08,NA,-2,"Pea","All Seasons",TRUE,-2.07,6.21,26,"Urban - High Density",NA
1160,1175,30,2,2023-06-23,TRUE,5,"Lychee","All Seasons",TRUE,1.21,2.42,26,"Urban - High Density",TRUE
1161,1896,27,4,2023-07-09,TRUE,6,"Peach","Winter",TRUE,13.88,55.52,46,"Rural",FALSE
1162,1162,47,3,2023-05-14,TRUE,5,"Mango","Summer",FALSE,2.32,6.96,22,"Urban - High Density",TRUE
1163,1069,41,2,2023-08-07,TRUE,5,"Strawberry","Summer",TRUE,4.94,9.88,5,"Rural",FALSE
1164,950,40,5,2023-02-10,TRUE,5,"Orange","Winter",FALSE,3.87,19.35,63,"Urban - High Density",FALSE
1165,424,31,10,2023-04-17,TRUE,50,"Chestnut","All Seasons",NA,0.13,1.3,24,"",TRUE
1166,193,46,9,2023-07-08,TRUE,6,"Chestnut","All Seasons",TRUE,-4.08,-36.72,78,"Urban - High Density",FALSE
1167,1167,38,8,2023-01-04,TRUE,50,"Apricot","Summer",TRUE,8.8,70.4,31,"Urban - High Density",FALSE
1168,343,4,4,2023-12-31,TRUE,3,"Watermelon","Unknown",TRUE,12.08,48.32,51,"Urban - High Density",FALSE
1169,1251,32,-3,2023-08-18,FALSE,1,"Raspberry","All Seasons",TRUE,12.49,-37.47,33,"Urban - Medium Density",TRUE
1170,562,22,10,2023-05-17,TRUE,7,"Green Bean","All Seasons",FALSE,-4.21,-42.1,44,"Urban - Medium Density",TRUE
1171,1262,14,0,2023-12-07,TRUE,2,"Fig","Summer",TRUE,3.67,0,30,"Urban - High Density",TRUE
1172,1998,5,10,2023-03-24,TRUE,1,"Apricot","Summer",FALSE,10.18,101.8,35,"Urban - High Density",FALSE
1173,486,46,4,2023-08-21,TRUE,1,"Chestnut","All Seasons",TRUE,-4.08,-16.32,71,"Urban - High Density",FALSE
1174,543,22,4,2023-10-03,TRUE,7,"Green Bean","All Seasons",FALSE,-4.21,-16.84,22,"Urban - High Density",TRUE
1175,825,37,-3,2023-07-27,TRUE,3,"Radish","Unknown",TRUE,7.32,-21.96,35,"Urban - High Density",FALSE
1176,1530,35,10,2023-05-06,FALSE,2,"Hazelnut","All Seasons",TRUE,6.96,69.6,66,"Urban - High Density",TRUE
1177,1181,14,2,2023-05-27,TRUE,-2,"Fig","Summer",TRUE,3.67,7.34,51,"Urban - High Density",NA
1178,361,37,1,2023-07-11,FALSE,4,"Radish","Unknown",TRUE,7.32,7.32,40,"Urban - High Density",TRUE
1179,208,41,5,2023-01-05,TRUE,-2,"Strawberry","Summer",TRUE,4.94,24.7,37,"Urban - High Density",FALSE
1180,1848,38,-3,2023-07-18,TRUE,6,"Apricot","Summer",TRUE,8.8,-26.4,41,"Urban - Medium Density",TRUE
1181,1447,36,6,2023-04-09,TRUE,3,"Raspberry","Summer",TRUE,5.87,35.22,74,"Urban - High Density",TRUE
1182,437,20,10,2023-09-09,TRUE,1,"Corn","All Seasons",TRUE,12.25,122.5,56,"Urban - High Density",NA
1183,1021,44,0,2023-04-15,TRUE,7,"Apple","Summer",TRUE,9.24,0,59,"Urban - Medium Density",NA
1184,462,27,1,2023-10-20,TRUE,1,"Peach","Winter",TRUE,13.88,13.88,60,"Urban - Medium Density",TRUE
1185,639,3,1,2023-01-28,TRUE,50,"Raspberry","Unknown",FALSE,10.26,10.26,76,"Urban - High Density",FALSE
1186,919,29,7,2023-02-04,TRUE,5,"Orange","Summer",FALSE,9.07,63.49,48,"Urban - Medium Density",TRUE
1187,1684,8,1,2023-01-05,TRUE,-2,"Garlic","Winter",TRUE,3.66,3.66,49,"Urban - High Density",TRUE
1188,871,14,2,2023-12-31,TRUE,7,"Fig","Summer",TRUE,3.67,7.34,43,"Rural",TRUE
1189,3,41,7,2023-05-07,TRUE,50,"Strawberry","Summer",TRUE,4.94,34.58,29,"Urban - High Density",FALSE
1190,1726,34,2,2023-09-11,TRUE,1,"Celery","Winter",TRUE,5.77,11.54,47,"Urban - Medium Density",TRUE
1191,2,29,2,2023-03-29,TRUE,-2,"Orange","Summer",FALSE,9.07,18.14,66,"Urban - Medium Density",TRUE
1192,281,45,1,2023-03-05,TRUE,3,"Apricot","All Seasons",TRUE,7.43,7.43,63,"Urban - Medium Density",TRUE
1193,1663,29,2,2023-08-05,TRUE,50,"Orange","Summer",FALSE,9.07,18.14,66,"Urban - High Density",FALSE
1194,810,18,5,2023-04-18,TRUE,6,"Apple","All Seasons",TRUE,14.07,70.35,75,"Urban - Medium Density",FALSE
1195,375,45,7,2023-05-23,TRUE,6,"Apricot","All Seasons",TRUE,7.43,52.01,32,"Urban - High Density",TRUE
1196,1971,17,0,2023-01-18,TRUE,2,"Pea","All Seasons",TRUE,-2.07,0,42,"Rural",TRUE
1197,700,14,3,2023-11-22,TRUE,6,"Fig","Summer",TRUE,3.67,11.01,32,"Urban - Medium Density",FALSE
1198,1624,32,9,2023-01-12,TRUE,50,"Raspberry","All Seasons",TRUE,12.49,112.41,45,"Urban - High Density",TRUE
1199,1176,44,1,2023-03-14,TRUE,7,"Apple","Summer",TRUE,9.24,9.24,27,"Urban - High Density",TRUE
1200,958,16,7,2023-01-21,TRUE,1,"Chestnut","Summer",TRUE,3.39,23.73,74,"Urban - Medium Density",TRUE
1201,942,46,0,2023-11-24,TRUE,7,"Chestnut","All Seasons",TRUE,-4.08,0,35,"Urban - High Density",NA
1202,310,10,2,2023-02-08,TRUE,7,"Blueberry","Summer",FALSE,4.44,8.88,70,"Urban - Medium Density",TRUE
1203,1495,11,0,2023-05-18,TRUE,3,"Strawberry","Summer",TRUE,5.35,0,21,"Rural",FALSE
1204,904,11,-3,2023-02-26,TRUE,7,"Strawberry","Summer",TRUE,5.35,-16.05,20,"Urban - Medium Density",TRUE
1205,1470,47,1,2023-07-19,TRUE,5,"Mango","Summer",FALSE,2.32,2.32,120,"Urban - High Density",FALSE
1206,866,12,0,2023-12-10,TRUE,2,"Banana","All Seasons",TRUE,10.29,0,18,"Urban - High Density",TRUE
1207,641,45,-3,2023-06-22,TRUE,50,"Apricot","All Seasons",TRUE,7.43,-22.29,120,"Urban - High Density",FALSE
1208,804,8,3,2023-03-14,TRUE,2,"Garlic","Winter",TRUE,3.66,10.98,56,"Urban - High Density",FALSE
1209,1239,28,7,2023-07-19,TRUE,4,"Raspberry","Unknown",TRUE,14.97,104.79,48,"Urban - Medium Density",FALSE
1210,548,50,8,2023-10-19,TRUE,6,"Sweet Potato","Unknown",FALSE,1.01,8.08,120,"Urban - High Density",TRUE
1211,1050,35,9,2023-11-18,TRUE,5,"Hazelnut","All Seasons",TRUE,6.96,62.64,120,"Rural",FALSE
1212,55,29,9,2023-03-13,TRUE,2,"Orange","Summer",FALSE,9.07,81.63,27,"Urban - High Density",TRUE
1213,1748,11,1,2023-03-25,TRUE,7,"Strawberry","Summer",TRUE,5.35,5.35,74,"Urban - Medium Density",TRUE
1214,1923,38,2,2023-01-04,TRUE,3,"Apricot","Summer",TRUE,8.8,17.6,44,"Urban - Medium Density",FALSE
1215,578,50,3,2023-03-27,TRUE,-2,"Sweet Potato","Unknown",FALSE,1.01,3.03,79,"Urban - High Density",FALSE
1216,1878,34,5,2023-06-02,TRUE,3,"Celery","Winter",TRUE,5.77,28.85,25,"Urban - Medium Density",FALSE
1217,588,50,2,2023-08-13,TRUE,-2,"Sweet Potato","Unknown",FALSE,1.01,2.02,31,"Rural",TRUE
1218,1138,25,3,2023-08-29,TRUE,7,"Broccoli","All Seasons",TRUE,3.11,9.33,47,"Urban - High Density",TRUE
1219,1637,3,8,2023-09-05,TRUE,3,"Raspberry","Unknown",FALSE,10.26,82.08,55,"Urban - Medium Density",FALSE
1220,1285,26,9,2023-09-10,TRUE,4,"Mango","Summer",TRUE,-1.79,-16.11,51,"Urban - Medium Density",FALSE
1221,628,15,1,2023-09-05,TRUE,6,"Cabbage","All Seasons",FALSE,3.34,3.34,44,"Urban - High Density",NA
1222,1399,26,4,2023-03-05,TRUE,2,"Mango","Summer",TRUE,-1.79,-7.16,72,"Urban - High Density",FALSE
1223,19,35,3,2023-01-16,TRUE,6,"Hazelnut","All Seasons",TRUE,6.96,20.88,22,"Urban - Medium Density",FALSE
1224,932,44,6,2023-07-10,TRUE,5,"Apple","Summer",TRUE,9.24,55.44,36,"Urban - High Density",TRUE
1225,970,35,10,2023-01-03,FALSE,3,"Hazelnut","All Seasons",TRUE,6.96,69.6,30,"Urban - Medium Density",TRUE
1226,473,33,2,2023-03-10,TRUE,7,"Banana","All Seasons",TRUE,13.25,26.5,53,"Urban - Medium Density",TRUE
1227,1283,47,4,2023-05-27,TRUE,7,"Mango","Summer",FALSE,2.32,9.28,37,"Urban - High Density",FALSE
1228,690,31,8,2023-01-10,TRUE,7,"Chestnut","All Seasons",NA,0.13,1.04,60,"Rural",TRUE
1229,1429,23,4,2023-03-15,TRUE,5,"Corn","Winter",FALSE,1.53,6.12,71,"Urban - High Density",TRUE
1230,1516,25,-3,2023-02-20,TRUE,3,"Broccoli","All Seasons",TRUE,3.11,-9.33,70,"Urban - Medium Density",TRUE
1231,816,16,1,2023-01-27,TRUE,4,"Chestnut","Summer",TRUE,3.39,3.39,58,"Urban - Medium Density",FALSE
1232,1160,26,8,2023-02-27,TRUE,50,"Mango","Summer",TRUE,-1.79,-14.32,56,"",TRUE
1233,1077,41,8,2023-05-15,TRUE,2,"Strawberry","Summer",TRUE,4.94,39.52,59,"Urban - High Density",TRUE
1234,1497,22,9,2023-11-10,TRUE,3,"Green Bean","All Seasons",FALSE,-4.21,-37.89,34,"Rural",TRUE
1235,405,10,0,2023-11-22,TRUE,-2,"Blueberry","Summer",FALSE,4.44,0,40,"Urban - High Density",TRUE
1236,1533,50,8,2023-08-01,TRUE,6,"Sweet Potato","Unknown",FALSE,1.01,8.08,26,"Urban - Medium Density",FALSE
1237,935,39,5,2023-03-25,TRUE,-2,"Mango","All Seasons",TRUE,10.84,54.2,31,"Urban - Medium Density",FALSE
1238,372,27,2,2023-01-29,TRUE,-2,"Peach","Winter",TRUE,13.88,27.76,75,"Urban - High Density",TRUE
1239,1142,26,10,2023-03-22,TRUE,7,"Mango","Summer",TRUE,-1.79,-17.9,71,"Urban - High Density",TRUE
1240,431,46,6,2023-05-20,TRUE,7,"Chestnut","All Seasons",TRUE,-4.08,-24.48,20,"Rural",TRUE
1241,683,19,3,2023-09-30,TRUE,1,"Banana","Winter",TRUE,-0.17,-0.51,49,"Rural",FALSE
1242,317,31,7,2023-12-11,TRUE,1,"Chestnut","All Seasons",NA,0.13,0.91,33,"Urban - Medium Density",TRUE
1243,719,11,10,2023-11-07,TRUE,-2,"Strawberry","Summer",TRUE,5.35,53.5,54,"Urban - High Density",FALSE
1244,1477,24,4,2023-09-21,TRUE,3,"Asparagus","Winter",FALSE,2.01,8.04,23,"Urban - High Density",TRUE
1245,1608,50,6,2023-09-27,TRUE,7,"Sweet Potato","Unknown",FALSE,1.01,6.06,23,"Urban - High Density",TRUE
1246,932,6,0,2023-10-31,TRUE,5,"Walnut","Summer",TRUE,-3.25,0,36,"Urban - High Density",TRUE
1247,631,21,1,2023-03-02,TRUE,1,"Sweet Potato","All Seasons",TRUE,12.3,12.3,62,"Urban - High Density",TRUE
1248,1640,12,1,2023-10-21,TRUE,6,"Banana","All Seasons",TRUE,10.29,10.29,33,"Urban - Medium Density",FALSE
1249,109,6,6,2023-01-17,FALSE,1,"Walnut","Summer",TRUE,-3.25,-19.5,61,"Urban - High Density",FALSE
1250,579,18,9,2023-01-26,TRUE,-2,"Apple","All Seasons",TRUE,14.07,126.63,39,"Urban - Medium Density",TRUE
1251,326,33,-3,2023-08-04,TRUE,-2,"Banana","All Seasons",TRUE,13.25,-39.75,21,"Unknown",TRUE
1252,676,48,4,2023-02-15,TRUE,1,"Blueberry","Winter",TRUE,0.78,3.12,77,"Rural",FALSE
1253,1875,24,5,2023-12-08,TRUE,6,"Asparagus","Winter",FALSE,2.01,10.05,56,"Urban - High Density",FALSE
1254,444,3,2,2023-10-23,TRUE,50,"Raspberry","Unknown",FALSE,10.26,20.52,80,"Urban - Medium Density",FALSE
1255,1265,24,8,2023-06-15,TRUE,7,"Asparagus","Winter",FALSE,2.01,16.08,18,"Urban - Medium Density",TRUE
1256,479,40,9,2023-02-10,TRUE,50,"Orange","Winter",FALSE,3.87,34.83,24,"Urban - Medium Density",TRUE
1257,1562,47,0,2023-05-20,TRUE,3,"Mango","Summer",FALSE,2.32,0,35,"Urban - Medium Density",TRUE
1258,1064,44,5,2023-08-08,FALSE,-2,"Apple","Summer",TRUE,9.24,46.2,77,"Urban - High Density",TRUE
1259,473,8,6,2023-09-07,TRUE,50,"Garlic","Winter",TRUE,3.66,21.96,53,"Urban - Medium Density",TRUE
1260,147,42,7,2023-09-02,TRUE,7,"Pomegranate","Winter",TRUE,10.95,76.65,21,"Rural",TRUE
1261,914,33,9,2023-05-21,TRUE,4,"Banana","All Seasons",TRUE,13.25,119.25,25,"Urban - High Density",TRUE
1262,1434,35,0,2023-06-13,TRUE,-2,"Hazelnut","All Seasons",TRUE,6.96,0,68,"Rural",TRUE
1263,1652,9,3,2023-12-28,TRUE,3,"Onion","Unknown",TRUE,5.01,15.03,62,"Urban - High Density",FALSE
1264,1195,16,1,2023-07-20,FALSE,50,"Chestnut","Summer",TRUE,3.39,3.39,51,"Urban - High Density",TRUE
1265,1852,31,0,2023-08-27,TRUE,2,"Chestnut","All Seasons",NA,0.13,0,71,"Urban - High Density",TRUE
1266,810,7,5,2023-09-12,TRUE,5,"Lettuce","Unknown",TRUE,8.68,43.4,75,"Urban - Medium Density",FALSE
1267,1551,34,-3,2023-02-11,TRUE,1,"Celery","Winter",TRUE,5.77,-17.31,63,"Urban - High Density",TRUE
1268,860,33,9,2023-03-18,TRUE,6,"Banana","All Seasons",TRUE,13.25,119.25,32,"Urban - Medium Density",TRUE
1269,1512,31,7,2023-05-14,TRUE,-2,"Chestnut","All Seasons",NA,0.13,0.91,65,"Urban - Medium Density",TRUE
1270,1871,49,2,2023-07-06,TRUE,4,"Cherry","Summer",NA,1.84,3.68,75,"Rural",FALSE
1271,401,21,3,2023-11-23,TRUE,1,"Sweet Potato","All Seasons",TRUE,12.3,36.9,44,"Urban - Medium Density",TRUE
1272,1964,20,6,2023-12-08,TRUE,7,"Corn","All Seasons",TRUE,12.25,73.5,27,"Urban - Medium Density",NA
1273,8,49,6,2023-04-16,TRUE,2,"Cherry","Summer",NA,1.84,11.04,40,"",FALSE
1274,1360,9,0,2023-03-13,TRUE,50,"Onion","Unknown",TRUE,5.01,0,21,"Urban - High Density",FALSE
1275,1617,26,0,2023-10-24,TRUE,1,"Mango","Summer",TRUE,-1.79,0,22,"Urban - High Density",FALSE
1276,1698,42,6,2023-04-08,FALSE,1,"Pomegranate","Winter",TRUE,10.95,65.7,19,"Rural",TRUE
1277,609,15,6,2023-09-01,TRUE,6,"Cabbage","All Seasons",FALSE,3.34,20.04,59,"Urban - High Density",FALSE
1278,1427,41,-3,2023-04-28,TRUE,4,"Strawberry","Summer",TRUE,4.94,-14.82,41,"Urban - High Density",FALSE
1279,1883,48,0,2023-03-17,TRUE,-2,"Blueberry","Winter",TRUE,0.78,0,57,"Urban - Medium Density",FALSE
1280,1942,7,6,2023-12-13,TRUE,5,"Lettuce","Unknown",TRUE,8.68,52.08,46,"Urban - High Density",TRUE
1281,553,44,0,2023-07-14,TRUE,6,"Apple","Summer",TRUE,9.24,0,33,"Urban - Medium Density",TRUE
1282,762,26,6,2023-06-08,TRUE,50,"Mango","Summer",TRUE,-1.79,-10.74,41,"Urban - Medium Density",TRUE
1283,1820,28,10,2023-08-04,TRUE,-2,"Raspberry","Unknown",TRUE,14.97,149.7,27,"Urban - High Density",FALSE
1284,546,40,2,2023-11-21,TRUE,50,"Orange","Winter",FALSE,3.87,7.74,24,"Urban - Medium Density",TRUE
1285,670,28,7,2023-07-18,TRUE,7,"Raspberry","Unknown",TRUE,14.97,104.79,45,"Urban - Medium Density",FALSE
1286,67,5,-3,2023-06-04,TRUE,4,"Apricot","Summer",FALSE,10.18,-30.54,77,"",NA
1287,1729,1,6,2023-07-02,TRUE,50,"Strawberry","Unknown",TRUE,4.42,26.52,23,"Urban - Medium Density",FALSE
1288,1403,35,9,2023-11-14,TRUE,4,"Hazelnut","All Seasons",TRUE,6.96,62.64,120,"Rural",TRUE
1289,39,19,2,2023-05-04,TRUE,6,"Banana","Winter",TRUE,-0.17,-0.34,31,"Unknown",FALSE
1290,1961,4,2,2023-01-28,TRUE,4,"Watermelon","Unknown",TRUE,12.08,24.16,5,"Urban - High Density",TRUE
1291,1457,49,5,2023-05-19,TRUE,3,"Cherry","Summer",NA,1.84,9.2,30,"Urban - Medium Density",FALSE
1292,474,30,0,2023-05-21,TRUE,-2,"Lychee","All Seasons",TRUE,1.21,0,32,"Urban - High Density",TRUE
1293,11,11,4,2023-02-28,TRUE,7,"Strawberry","Summer",TRUE,5.35,21.4,41,"Urban - High Density",TRUE
1294,1699,50,5,2023-11-10,TRUE,3,"Sweet Potato","Unknown",FALSE,1.01,5.05,78,"",FALSE
1295,1002,38,0,2023-08-05,TRUE,50,"Apricot","Summer",TRUE,8.8,0,23,"Urban - High Density",FALSE
1296,209,29,6,2023-06-01,TRUE,-2,"Orange","Summer",FALSE,9.07,54.42,59,"Urban - High Density",TRUE
1297,1120,43,6,2023-06-14,TRUE,50,"Pear","Unknown",TRUE,4.62,27.72,53,"Urban - Medium Density",NA
1298,429,19,-3,2023-08-16,TRUE,3,"Banana","Winter",TRUE,-0.17,0.51,5,"Rural",FALSE
1299,1135,39,6,2023-02-07,FALSE,5,"Mango","All Seasons",TRUE,10.84,65.04,41,"Unknown",TRUE
1300,298,45,-3,2023-09-15,TRUE,4,"Apricot","All Seasons",TRUE,7.43,-22.29,31,"Urban - High Density",TRUE
1301,1406,23,10,2023-02-25,TRUE,5,"Corn","Winter",FALSE,1.53,15.3,48,"Urban - High Density",FALSE
1302,525,22,9,2023-10-14,TRUE,4,"Green Bean","All Seasons",FALSE,-4.21,-37.89,66,"Urban - High Density",TRUE
1303,334,32,3,2023-07-05,TRUE,4,"Raspberry","All Seasons",TRUE,12.49,37.47,77,"Urban - Medium Density",TRUE
1304,468,8,1,2023-02-21,FALSE,5,"Garlic","Winter",TRUE,3.66,3.66,59,"Urban - High Density",FALSE
1305,774,46,9,2023-08-25,TRUE,50,"Chestnut","All Seasons",TRUE,-4.08,-36.72,41,"Rural",TRUE
1306,1369,7,3,2023-02-23,TRUE,2,"Lettuce","Unknown",TRUE,8.68,26.04,67,"Urban - High Density",FALSE
1307,1935,26,3,2023-09-30,NA,7,"Mango","Summer",TRUE,-1.79,-5.37,23,"Urban - High Density",TRUE
1308,1880,9,-3,2023-04-24,TRUE,4,"Onion","Unknown",TRUE,5.01,-15.03,26,"Urban - High Density",TRUE
1309,735,14,10,2023-06-18,TRUE,5,"Fig","Summer",TRUE,3.67,36.7,24,"Urban - Medium Density",TRUE
1310,1956,21,0,2023-10-19,TRUE,1,"Sweet Potato","All Seasons",TRUE,12.3,0,78,"Urban - High Density",FALSE
1311,407,29,9,2023-08-05,TRUE,7,"Orange","Summer",FALSE,9.07,81.63,25,"Urban - High Density",FALSE
1312,703,31,1,2023-01-01,TRUE,50,"Chestnut","All Seasons",NA,0.13,0.13,73,"Urban - High Density",TRUE
1313,1217,15,7,2023-12-30,TRUE,2,"Cabbage","All Seasons",FALSE,3.34,23.38,20,"Urban - High Density",FALSE
1314,1754,50,7,2023-04-09,TRUE,-2,"Sweet Potato","Unknown",FALSE,1.01,7.07,52,"Urban - Medium Density",TRUE
1315,165,31,5,2023-09-28,TRUE,4,"Chestnut","All Seasons",NA,0.13,0.65,48,"Urban - High Density",FALSE
1316,250,50,2,2023-01-17,TRUE,5,"Sweet Potato","Unknown",FALSE,1.01,2.02,66,"Urban - High Density",NA
1317,429,19,0,2023-12-04,TRUE,-2,"Banana","Winter",TRUE,-0.17,0,5,"Rural",FALSE
1318,321,18,6,2023-07-26,FALSE,6,"Apple","All Seasons",TRUE,14.07,84.42,74,"Urban - High Density",FALSE
1319,397,18,4,2023-03-16,TRUE,50,"Apple","All Seasons",TRUE,14.07,56.28,55,"Rural",TRUE
1320,145,35,-3,2023-05-15,TRUE,2,"Hazelnut","All Seasons",TRUE,6.96,-20.88,38,"Urban - High Density",TRUE
1321,1528,41,7,2023-01-11,TRUE,4,"Strawberry","Summer",TRUE,4.94,34.58,43,"Urban - Medium Density",FALSE
1322,643,20,9,2023-06-26,TRUE,2,"Corn","All Seasons",TRUE,12.25,110.25,45,"Urban - Medium Density",TRUE
1323,1907,45,8,2023-08-18,FALSE,4,"Apricot","All Seasons",TRUE,7.43,59.44,29,"Urban - High Density",FALSE
1324,720,32,10,2023-02-06,TRUE,1,"Raspberry","All Seasons",TRUE,12.49,124.9,29,"Urban - High Density",TRUE
1325,64,49,9,2023-01-23,FALSE,7,"Cherry","Summer",NA,1.84,16.56,65,"Urban - Medium Density",FALSE
1326,530,2,2,2023-12-10,TRUE,50,"Grape","Unknown",TRUE,10.56,21.12,20,"Urban - High Density",FALSE
1327,1297,45,2,2023-09-22,TRUE,5,"Apricot","All Seasons",TRUE,7.43,14.86,41,"Urban - High Density",FALSE
1328,1889,4,4,2023-01-23,TRUE,6,"Watermelon","Unknown",TRUE,12.08,48.32,30,"Urban - High Density",TRUE
1329,1495,24,1,2023-05-01,FALSE,3,"Asparagus","Winter",FALSE,2.01,2.01,21,"Rural",FALSE
1330,1843,23,0,2023-02-27,TRUE,1,"Corn","Winter",FALSE,1.53,0,60,"Rural",TRUE
1331,4,38,6,2023-08-04,TRUE,7,"Apricot","Summer",TRUE,8.8,52.8,57,"Urban - Medium Density",TRUE
1332,10,4,6,2023-03-04,TRUE,4,"Watermelon","Unknown",TRUE,12.08,72.48,24,"Urban - High Density",TRUE
1333,1892,38,5,2023-09-06,TRUE,-2,"Apricot","Summer",TRUE,8.8,44,47,"Urban - High Density",TRUE
1334,656,42,10,2023-12-05,TRUE,5,"Pomegranate","Winter",TRUE,10.95,109.5,48,"Urban - High Density",TRUE
1335,1735,17,6,2023-02-03,TRUE,6,"Pea","All Seasons",TRUE,-2.07,-12.42,19,"Urban - High Density",FALSE
1336,1222,17,8,2023-05-22,TRUE,2,"Pea","All Seasons",TRUE,-2.07,-16.56,30,"Rural",TRUE
1337,1210,27,8,2023-08-25,TRUE,6,"Peach","Winter",TRUE,13.88,111.04,50,"Urban - High Density",TRUE
1338,1796,3,4,2023-02-10,TRUE,1,"Raspberry","Unknown",FALSE,10.26,41.04,54,"Urban - Medium Density",TRUE
1339,1663,22,5,2023-11-18,TRUE,3,"Green Bean","All Seasons",FALSE,-4.21,-21.05,66,"Urban - High Density",FALSE
1340,1111,21,10,2023-04-12,TRUE,6,"Sweet Potato","All Seasons",TRUE,12.3,123,59,"Urban - High Density",TRUE
1341,1487,8,6,2023-11-27,TRUE,1,"Garlic","Winter",TRUE,3.66,21.96,71,"Urban - Medium Density",TRUE
1342,1635,20,2,2023-05-04,TRUE,2,"Corn","All Seasons",TRUE,12.25,24.5,19,"Urban - High Density",TRUE
1343,1581,44,3,2023-06-22,TRUE,5,"Apple","Summer",TRUE,9.24,27.72,68,"Urban - High Density",FALSE
1344,1360,16,2,2023-05-05,TRUE,3,"Chestnut","Summer",TRUE,3.39,6.78,21,"Urban - High Density",FALSE
1345,1532,23,10,2023-07-02,TRUE,4,"Corn","Winter",FALSE,1.53,15.3,71,"Urban - High Density",TRUE
1346,896,33,4,2023-03-26,FALSE,1,"Banana","All Seasons",TRUE,13.25,53,19,"Urban - High Density",TRUE
1347,767,46,3,2023-10-19,TRUE,1,"Chestnut","All Seasons",TRUE,-4.08,-12.24,20,"Urban - High Density",TRUE
1348,1520,44,7,2023-01-10,TRUE,1,"Apple","Summer",TRUE,9.24,64.68,68,"Urban - Medium Density",TRUE
1349,1766,25,8,2023-08-31,TRUE,2,"Broccoli","All Seasons",TRUE,3.11,24.88,31,"Urban - High Density",FALSE
1350,1855,21,0,2023-02-02,TRUE,50,"Sweet Potato","All Seasons",TRUE,12.3,0,5,"Urban - Medium Density",TRUE
1351,386,11,10,2023-08-23,TRUE,3,"Strawberry","Summer",TRUE,5.35,53.5,43,"Urban - Medium Density",FALSE
1352,1640,41,7,2023-06-02,TRUE,6,"Strawberry","Summer",TRUE,4.94,34.58,33,"Urban - Medium Density",FALSE
1353,1235,43,9,2023-12-19,TRUE,6,"Pear","Unknown",TRUE,4.62,41.58,120,"Urban - Medium Density",TRUE
1354,600,28,7,2023-02-05,TRUE,1,"Raspberry","Unknown",TRUE,14.97,104.79,69,"Urban - Medium Density",FALSE
1355,1140,49,7,2023-03-18,TRUE,2,"Cherry","Summer",NA,1.84,12.88,55,"Rural",TRUE
1356,1627,21,0,2023-10-08,TRUE,-2,"Sweet Potato","All Seasons",TRUE,12.3,0,78,"Urban - High Density",FALSE
1357,1722,4,5,2023-03-22,TRUE,1,"Watermelon","Unknown",TRUE,12.08,60.4,43,"Urban - High Density",FALSE
1358,1507,22,9,2023-05-15,TRUE,6,"Green Bean","All Seasons",FALSE,-4.21,-37.89,25,"Urban - High Density",TRUE
1359,936,15,1,2023-05-19,TRUE,6,"Cabbage","All Seasons",FALSE,3.34,3.34,77,"Urban - High Density",TRUE
1360,1636,19,6,2023-09-07,TRUE,1,"Banana","Winter",TRUE,-0.17,-1.02,66,"Urban - High Density",TRUE
1361,1024,38,3,2023-02-27,TRUE,2,"Apricot","Summer",TRUE,8.8,26.4,27,"",FALSE
1362,488,25,10,2023-03-08,TRUE,4,"Broccoli","All Seasons",TRUE,3.11,31.1,71,"Rural",FALSE
1363,77,16,3,2023-06-19,TRUE,50,"Chestnut","Summer",TRUE,3.39,10.17,42,"Urban - High Density",TRUE
1364,1136,46,2,2023-12-09,FALSE,3,"Chestnut","All Seasons",TRUE,-4.08,-8.16,62,"Urban - High Density",TRUE
1365,1739,8,8,2023-10-05,TRUE,3,"Garlic","Winter",TRUE,3.66,29.28,79,"Urban - High Density",FALSE
1366,55,48,3,2023-06-23,TRUE,4,"Blueberry","Winter",TRUE,0.78,2.34,27,"Urban - High Density",TRUE
1367,1095,19,-3,2023-12-10,TRUE,5,"Banana","Winter",TRUE,-0.17,0.51,66,"Urban - Medium Density",TRUE
1368,821,35,5,2023-06-21,TRUE,7,"Hazelnut","All Seasons",TRUE,6.96,34.8,29,"Rural",TRUE
1369,1980,11,9,2023-10-07,TRUE,50,"Strawberry","Summer",TRUE,5.35,48.15,52,"Rural",TRUE
1370,461,1,3,2023-02-17,TRUE,-2,"Strawberry","Unknown",TRUE,4.42,13.26,46,"Rural",FALSE
1371,1740,36,4,2023-06-15,TRUE,7,"Raspberry","Summer",TRUE,5.87,23.48,80,"Urban - Medium Density",TRUE
1372,1626,31,0,2023-08-28,TRUE,2,"Chestnut","All Seasons",NA,0.13,0,21,"Urban - High Density",FALSE
1373,1108,24,0,2023-09-21,TRUE,7,"Asparagus","Winter",FALSE,2.01,0,35,"Urban - High Density",TRUE
1374,500,16,10,2023-05-03,TRUE,1,"Chestnut","Summer",TRUE,3.39,33.9,32,"Urban - High Density",FALSE
1375,883,3,4,2023-09-29,NA,6,"Raspberry","Unknown",FALSE,10.26,41.04,39,"Urban - High Density",FALSE
1376,1890,2,8,2023-04-29,TRUE,2,"Grape","Unknown",TRUE,10.56,84.48,50,"Rural",TRUE
1377,801,38,1,2023-05-10,TRUE,1,"Apricot","Summer",TRUE,8.8,8.8,78,"Urban - Medium Density",FALSE
1378,1185,12,1,2023-02-01,TRUE,5,"Banana","All Seasons",TRUE,10.29,10.29,29,"Urban - High Density",TRUE
1379,1824,48,-3,2023-07-20,TRUE,50,"Blueberry","Winter",TRUE,0.78,-2.34,41,"",TRUE
1380,793,15,7,2023-12-29,FALSE,2,"Cabbage","All Seasons",FALSE,3.34,23.38,29,"Urban - Medium Density",FALSE
1381,997,31,2,2023-02-16,TRUE,4,"Chestnut","All Seasons",NA,0.13,0.26,39,"Urban - High Density",TRUE
1382,867,9,-3,2023-10-15,FALSE,4,"Onion","Unknown",TRUE,5.01,-15.03,46,"Urban - High Density",FALSE
1383,1099,28,0,2023-01-25,TRUE,2,"Raspberry","Unknown",TRUE,14.97,0,61,"Rural",TRUE
1384,1857,17,2,2023-12-27,TRUE,6,"Pea","All Seasons",TRUE,-2.07,-4.14,21,"Urban - High Density",TRUE
1385,993,28,3,2023-11-18,TRUE,1,"Raspberry","Unknown",TRUE,14.97,44.91,32,"Unknown",FALSE
1386,717,23,5,2023-10-06,TRUE,1,"Corn","Winter",FALSE,1.53,7.65,77,"Urban - High Density",TRUE
1387,278,41,1,2023-12-25,TRUE,4,"Strawberry","Summer",TRUE,4.94,4.94,21,"Rural",TRUE
1388,14,39,1,2023-07-17,TRUE,-2,"Mango","All Seasons",TRUE,10.84,10.84,24,"Urban - High Density",TRUE
1389,220,3,0,2023-06-24,TRUE,50,"Raspberry","Unknown",FALSE,10.26,0,62,"Rural",TRUE
1390,720,15,3,2023-07-20,TRUE,4,"Cabbage","All Seasons",FALSE,3.34,10.02,29,"Urban - High Density",TRUE
1391,408,34,3,2023-04-30,TRUE,1,"Celery","Winter",TRUE,5.77,17.31,56,"Urban - Medium Density",TRUE
1392,1762,37,10,2023-10-26,TRUE,4,"Radish","Unknown",TRUE,7.32,73.2,19,"Urban - High Density",TRUE
1393,480,4,9,2023-06-22,TRUE,6,"Watermelon","Unknown",TRUE,12.08,108.72,38,"Urban - High Density",NA
1394,599,38,9,2023-02-23,TRUE,1,"Apricot","Summer",TRUE,8.8,79.2,59,"Urban - Medium Density",FALSE
1395,1971,29,2,2023-11-22,TRUE,7,"Orange","Summer",FALSE,9.07,18.14,42,"Rural",TRUE
1396,583,3,4,2023-08-01,FALSE,50,"Raspberry","Unknown",FALSE,10.26,41.04,32,"Urban - High Density",TRUE
1397,121,24,-3,2023-02-24,TRUE,4,"Asparagus","Winter",FALSE,2.01,-6.03,22,"Urban - High Density",TRUE
1398,572,16,8,2023-05-18,TRUE,6,"Chestnut","Summer",TRUE,3.39,27.12,71,"Urban - High Density",FALSE
1399,742,23,0,2023-06-02,TRUE,4,"Corn","Winter",FALSE,1.53,0,78,"Rural",FALSE
1400,1593,49,9,2023-08-07,TRUE,7,"Cherry","Summer",NA,1.84,16.56,46,"",TRUE
1401,567,40,7,2023-12-30,TRUE,6,"Orange","Winter",FALSE,3.87,27.09,23,"Rural",TRUE
1402,1414,50,3,2023-04-28,TRUE,2,"Sweet Potato","Unknown",FALSE,1.01,3.03,32,"Urban - High Density",FALSE
1403,541,13,0,2023-02-14,TRUE,4,"Cucumber","All Seasons",NA,8.17,0,24,"Urban - Medium Density",TRUE
1404,1275,24,3,2023-08-30,TRUE,3,"Asparagus","Winter",FALSE,2.01,6.03,62,"Rural",FALSE
1405,852,25,10,2023-07-13,TRUE,4,"Broccoli","All Seasons",TRUE,3.11,31.1,40,"Urban - Medium Density",FALSE
1406,1177,16,1,2023-03-28,TRUE,3,"Chestnut","Summer",TRUE,3.39,3.39,77,"Unknown",TRUE
1407,187,30,3,2023-08-02,FALSE,7,"Lychee","All Seasons",TRUE,1.21,3.63,120,"Urban - Medium Density",FALSE
1408,680,39,1,2023-08-22,FALSE,2,"Mango","All Seasons",TRUE,10.84,10.84,30,"Urban - High Density",FALSE
1409,1992,25,9,2023-10-06,TRUE,-2,"Broccoli","All Seasons",TRUE,3.11,27.99,30,"Rural",TRUE
1410,558,39,4,2023-02-24,TRUE,1,"Mango","All Seasons",TRUE,10.84,43.36,55,"Urban - High Density",FALSE
1411,1656,5,0,2023-11-19,TRUE,1,"Apricot","Summer",FALSE,10.18,0,70,"Urban - High Density",FALSE
1412,1708,43,4,2023-09-30,TRUE,5,"Pear","Unknown",TRUE,4.62,18.48,59,"Urban - High Density",TRUE
1413,686,47,6,2023-05-10,TRUE,2,"Mango","Summer",FALSE,2.32,13.92,36,"Urban - High Density",TRUE
1414,272,22,2,2023-04-20,TRUE,4,"Green Bean","All Seasons",FALSE,-4.21,-8.42,26,"Rural",TRUE
1415,155,8,8,2023-06-24,TRUE,50,"Garlic","Winter",TRUE,3.66,29.28,41,"Urban - High Density",FALSE
1416,924,38,4,2023-05-18,TRUE,4,"Apricot","Summer",TRUE,8.8,35.2,71,"Unknown",TRUE
1417,574,3,0,2023-08-08,FALSE,-2,"Raspberry","Unknown",FALSE,10.26,0,71,"Urban - Medium Density",FALSE
1418,1692,28,2,2023-11-29,TRUE,1,"Raspberry","Unknown",TRUE,14.97,29.94,39,"Urban - Medium Density",TRUE
1419,1551,12,3,2023-07-01,TRUE,5,"Banana","All Seasons",TRUE,10.29,30.87,63,"Urban - High Density",TRUE
1420,245,45,10,2023-03-03,TRUE,50,"Apricot","All Seasons",TRUE,7.43,74.3,27,"Urban - High Density",TRUE
1421,685,13,8,2023-08-12,TRUE,2,"Cucumber","All Seasons",NA,8.17,65.36,38,"Urban - Medium Density",TRUE
1422,1281,22,9,2023-11-24,TRUE,3,"Green Bean","All Seasons",FALSE,-4.21,-37.89,77,"Urban - High Density",TRUE
1423,1483,36,2,2023-02-08,TRUE,1,"Raspberry","Summer",TRUE,5.87,11.74,76,"Unknown",TRUE
1424,1404,48,-3,2023-05-09,TRUE,6,"Blueberry","Winter",TRUE,0.78,-2.34,61,"Urban - Medium Density",FALSE
1425,34,3,4,2023-12-20,TRUE,-2,"Raspberry","Unknown",FALSE,10.26,41.04,53,"",FALSE
1426,1962,2,3,2023-09-24,TRUE,4,"Grape","Unknown",TRUE,10.56,31.68,47,"Urban - High Density",FALSE
1427,1958,30,8,2023-07-30,TRUE,-2,"Lychee","All Seasons",TRUE,1.21,9.68,49,"Unknown",FALSE
1428,187,7,6,2023-01-22,TRUE,1,"Lettuce","Unknown",TRUE,8.68,52.08,120,"Urban - Medium Density",FALSE
1429,1650,28,9,2023-11-27,TRUE,2,"Raspberry","Unknown",TRUE,14.97,134.73,33,"Urban - High Density",FALSE
1430,352,49,4,2023-02-25,TRUE,5,"Cherry","Summer",NA,1.84,7.36,65,"Urban - High Density",TRUE
1431,673,15,9,2023-04-09,TRUE,5,"Cabbage","All Seasons",FALSE,3.34,30.06,37,"Urban - High Density",FALSE
1432,1402,45,8,2023-07-16,TRUE,3,"Apricot","All Seasons",TRUE,7.43,59.44,55,"Urban - Medium Density",TRUE
1433,1707,22,2,2023-04-02,TRUE,50,"Green Bean","All Seasons",FALSE,-4.21,-8.42,31,"Urban - Medium Density",TRUE
1434,998,45,9,2023-10-18,TRUE,5,"Apricot","All Seasons",TRUE,7.43,66.87,61,"Urban - Medium Density",FALSE
1435,1389,39,3,2023-06-29,TRUE,-2,"Mango","All Seasons",TRUE,10.84,32.52,44,"Urban - High Density",TRUE
1436,283,39,2,2023-02-25,TRUE,3,"Mango","All Seasons",TRUE,10.84,21.68,40,"Urban - High Density",TRUE
1437,359,47,9,2023-09-13,TRUE,1,"Mango","Summer",FALSE,2.32,20.88,73,"Urban - Medium Density",FALSE
1438,1315,7,-3,2023-05-02,TRUE,3,"Lettuce","Unknown",TRUE,8.68,-26.04,52,"Urban - High Density",FALSE
1439,256,17,10,2023-02-27,TRUE,2,"Pea","All Seasons",TRUE,-2.07,-20.7,48,"Rural",FALSE
1440,1629,49,6,2023-05-22,TRUE,2,"Cherry","Summer",NA,1.84,11.04,50,"Unknown",TRUE
1441,1301,16,-3,2023-07-22,TRUE,4,"Chestnut","Summer",TRUE,3.39,-10.17,72,"Urban - Medium Density",FALSE
1442,1445,26,2,2023-10-25,TRUE,7,"Mango","Summer",TRUE,-1.79,-3.58,24,"Urban - High Density",FALSE
1443,477,44,10,2023-08-13,TRUE,6,"Apple","Summer",TRUE,9.24,92.4,74,"Urban - High Density",TRUE
1444,1867,46,3,2023-03-06,TRUE,3,"Chestnut","All Seasons",TRUE,-4.08,-12.24,40,"Urban - High Density",FALSE
1445,1912,15,3,2023-03-11,TRUE,3,"Cabbage","All Seasons",FALSE,3.34,10.02,58,"Rural",FALSE
1446,1189,15,6,2023-03-09,TRUE,4,"Cabbage","All Seasons",FALSE,3.34,20.04,48,"Urban - Medium Density",NA
1447,1333,49,8,2023-08-25,TRUE,4,"Cherry","Summer",NA,1.84,14.72,78,"Urban - Medium Density",TRUE
1448,578,23,6,2023-04-07,TRUE,6,"Corn","Winter",FALSE,1.53,9.18,79,"Urban - High Density",FALSE
1449,1037,43,8,2023-05-10,TRUE,2,"Pear","Unknown",TRUE,4.62,36.96,69,"Rural",TRUE
1450,658,29,-3,2023-06-30,TRUE,50,"Orange","Summer",FALSE,9.07,-27.21,28,"Rural",FALSE
1451,223,21,9,2023-02-18,TRUE,4,"Sweet Potato","All Seasons",TRUE,12.3,110.7,57,"Urban - High Density",FALSE
1452,534,9,0,2023-03-19,TRUE,-2,"Onion","Unknown",TRUE,5.01,0,30,"Urban - High Density",FALSE
1453,279,11,8,2023-12-20,TRUE,3,"Strawberry","Summer",TRUE,5.35,42.8,51,"Urban - Medium Density",TRUE
1454,1755,25,0,2023-02-12,TRUE,6,"Broccoli","All Seasons",TRUE,3.11,0,26,"Urban - High Density",TRUE
1455,1193,2,-3,2023-07-02,TRUE,7,"Grape","Unknown",TRUE,10.56,-31.68,54,"Urban - High Density",TRUE
1456,489,48,-3,2023-10-28,TRUE,50,"Blueberry","Winter",TRUE,0.78,-2.34,65,"Rural",TRUE
1457,641,37,3,2023-08-12,TRUE,1,"Radish","Unknown",TRUE,7.32,21.96,120,"Urban - High Density",FALSE
1458,1871,37,10,2023-07-13,TRUE,1,"Radish","Unknown",TRUE,7.32,73.2,75,"Rural",FALSE
1459,1220,20,5,2023-03-01,TRUE,2,"Corn","All Seasons",TRUE,12.25,61.25,48,"Rural",NA
1460,919,20,8,2023-01-27,TRUE,3,"Corn","All Seasons",TRUE,12.25,98,48,"Urban - Medium Density",TRUE
1461,568,22,10,2023-09-22,TRUE,7,"Green Bean","All Seasons",FALSE,-4.21,-42.1,31,"Urban - Medium Density",TRUE
1462,1854,43,1,2023-12-07,TRUE,1,"Pear","Unknown",TRUE,4.62,4.62,20,"Urban - Medium Density",TRUE
1463,939,4,6,2023-07-12,TRUE,6,"Watermelon","Unknown",TRUE,12.08,72.48,60,"Urban - Medium Density",TRUE
1464,1321,7,1,2023-07-11,TRUE,7,"Lettuce","Unknown",TRUE,8.68,8.68,47,"Urban - Medium Density",TRUE
1465,1986,48,6,2023-06-17,TRUE,50,"Blueberry","Winter",TRUE,0.78,4.68,26,"Urban - High Density",TRUE
1466,293,24,9,2023-09-09,TRUE,4,"Asparagus","Winter",FALSE,2.01,18.09,78,"Urban - High Density",TRUE
1467,1993,43,9,2023-02-16,TRUE,-2,"Pear","Unknown",TRUE,4.62,41.58,32,"Urban - High Density",TRUE
1468,539,35,2,2023-01-05,TRUE,-2,"Hazelnut","All Seasons",TRUE,6.96,13.92,33,"Urban - High Density",TRUE
1469,484,15,9,2023-07-09,TRUE,6,"Cabbage","All Seasons",FALSE,3.34,30.06,63,"Urban - Medium Density",TRUE
1470,268,26,0,2023-08-15,TRUE,4,"Mango","Summer",TRUE,-1.79,0,20,"Urban - High Density",FALSE
1471,578,47,6,2023-11-11,TRUE,-2,"Mango","Summer",FALSE,2.32,13.92,79,"Urban - High Density",FALSE
1472,870,17,1,2023-03-17,TRUE,50,"Pea","All Seasons",TRUE,-2.07,-2.07,49,"Urban - Medium Density",TRUE
1473,1711,9,8,2023-05-20,TRUE,3,"Onion","Unknown",TRUE,5.01,40.08,23,"Urban - Medium Density",TRUE
1474,1754,35,2,2023-09-15,TRUE,50,"Hazelnut","All Seasons",TRUE,6.96,13.92,52,"Urban - Medium Density",TRUE
1475,16,2,9,2023-11-17,TRUE,2,"Grape","Unknown",TRUE,10.56,95.04,58,"",TRUE
1476,1549,47,3,2023-07-30,TRUE,2,"Mango","Summer",FALSE,2.32,6.96,57,"Urban - High Density",TRUE
1477,658,30,2,2024-01-01,TRUE,3,"Lychee","All Seasons",TRUE,1.21,2.42,28,"Rural",FALSE
1478,326,3,8,2023-06-06,TRUE,4,"Raspberry","Unknown",FALSE,10.26,82.08,21,"Unknown",TRUE
1479,877,2,6,2023-02-06,TRUE,7,"Grape","Unknown",TRUE,10.56,63.36,50,"Urban - High Density",FALSE
1480,1557,37,9,2023-01-05,TRUE,4,"Radish","Unknown",TRUE,7.32,65.88,48,"Urban - Medium Density",FALSE
1481,748,40,7,2023-01-08,TRUE,50,"Orange","Winter",FALSE,3.87,27.09,67,"Urban - Medium Density",FALSE
1482,1648,16,6,2023-01-14,TRUE,3,"Chestnut","Summer",TRUE,3.39,20.34,34,"Rural",FALSE
1483,1235,43,9,2023-07-21,TRUE,2,"Pear","Unknown",TRUE,4.62,41.58,120,"Urban - Medium Density",TRUE
1484,340,3,6,2023-02-23,TRUE,1,"Raspberry","Unknown",FALSE,10.26,61.56,22,"Urban - Medium Density",TRUE
1485,404,37,5,2023-09-15,TRUE,2,"Radish","Unknown",TRUE,7.32,36.6,60,"Urban - High Density",FALSE
1486,1678,24,5,2023-11-24,TRUE,1,"Asparagus","Winter",FALSE,2.01,10.05,45,"Urban - High Density",TRUE
1487,825,14,1,2023-12-15,TRUE,7,"Fig","Summer",TRUE,3.67,3.67,35,"Urban - High Density",FALSE
1488,242,50,0,2023-04-02,TRUE,50,"Sweet Potato","Unknown",FALSE,1.01,0,48,"Urban - High Density",FALSE
1489,196,6,10,2023-07-15,TRUE,2,"Walnut","Summer",TRUE,-3.25,-32.5,76,"Urban - High Density",FALSE
1490,1041,7,10,2023-01-02,TRUE,-2,"Lettuce","Unknown",TRUE,8.68,86.8,61,"Rural",FALSE
1491,1941,12,10,2023-06-08,TRUE,3,"Banana","All Seasons",TRUE,10.29,102.9,24,"Rural",FALSE
1492,853,32,10,2023-12-25,TRUE,3,"Raspberry","All Seasons",TRUE,12.49,124.9,34,"Urban - High Density",TRUE
1493,143,38,-3,2023-08-23,TRUE,3,"Apricot","Summer",TRUE,8.8,-26.4,39,"Rural",TRUE
1494,1444,11,1,2023-02-04,TRUE,6,"Strawberry","Summer",TRUE,5.35,5.35,29,"Urban - Medium Density",TRUE
1495,559,29,5,2023-12-26,TRUE,50,"Orange","Summer",FALSE,9.07,45.35,48,"Urban - High Density",TRUE
1496,877,47,5,2023-06-05,TRUE,-2,"Mango","Summer",FALSE,2.32,11.6,50,"Urban - High Density",FALSE
1497,16,38,0,2023-09-26,TRUE,4,"Apricot","Summer",TRUE,8.8,0,58,"",TRUE
1498,1010,25,2,2023-10-04,TRUE,5,"Broccoli","All Seasons",TRUE,3.11,6.22,65,"Urban - High Density",FALSE
1499,1443,15,6,2023-03-28,TRUE,3,"Cabbage","All Seasons",FALSE,3.34,20.04,62,"Urban - High Density",FALSE
1500,521,30,1,2023-05-14,TRUE,1,"Lychee","All Seasons",TRUE,1.21,1.21,38,"Urban - High Density",FALSE
1501,343,17,10,2023-03-05,TRUE,7,"Pea","All Seasons",TRUE,-2.07,-20.7,51,"Urban - High Density",FALSE
1502,1389,8,3,2023-09-16,TRUE,6,"Garlic","Winter",TRUE,3.66,10.98,44,"Urban - High Density",TRUE
1503,1733,45,1,2023-10-18,TRUE,2,"Apricot","All Seasons",TRUE,7.43,7.43,38,"Unknown",FALSE
1504,772,2,10,2023-06-27,TRUE,5,"Grape","Unknown",TRUE,10.56,105.6,66,"Urban - Medium Density",TRUE
1505,256,38,6,2023-04-28,TRUE,6,"Apricot","Summer",TRUE,8.8,52.8,48,"Rural",FALSE
1506,1223,20,3,2023-09-05,TRUE,50,"Corn","All Seasons",TRUE,12.25,36.75,26,"Rural",TRUE
1507,1849,44,9,2023-01-05,TRUE,6,"Apple","Summer",TRUE,9.24,83.16,72,"Urban - Medium Density",TRUE
1508,1956,46,9,2023-08-08,TRUE,1,"Chestnut","All Seasons",TRUE,-4.08,-36.72,78,"Urban - High Density",FALSE
1509,1065,2,3,2023-08-04,TRUE,1,"Grape","Unknown",TRUE,10.56,31.68,74,"Unknown",FALSE
1510,356,36,7,2023-03-01,TRUE,2,"Raspberry","Summer",TRUE,5.87,41.09,49,"Urban - Medium Density",TRUE
1511,14,50,5,2023-03-02,TRUE,4,"Sweet Potato","Unknown",FALSE,1.01,5.05,24,"Urban - High Density",TRUE
1512,1840,23,9,2023-06-25,TRUE,1,"Corn","Winter",FALSE,1.53,13.77,55,"Urban - High Density",FALSE
1513,1385,10,7,2023-12-15,TRUE,4,"Blueberry","Summer",FALSE,4.44,31.08,77,"Urban - High Density",TRUE
1514,1424,27,9,2023-10-06,TRUE,5,"Peach","Winter",TRUE,13.88,124.92,20,"Urban - Medium Density",TRUE
1515,1904,38,-3,2023-08-12,TRUE,50,"Apricot","Summer",TRUE,8.8,-26.4,77,"Urban - High Density",TRUE
1516,614,41,8,2023-10-07,TRUE,4,"Strawberry","Summer",TRUE,4.94,39.52,80,"Urban - High Density",TRUE
1517,948,38,1,2023-04-13,TRUE,1,"Apricot","Summer",TRUE,8.8,8.8,49,"Rural",TRUE
1518,264,48,2,2023-05-09,TRUE,6,"Blueberry","Winter",TRUE,0.78,1.56,24,"Rural",TRUE
1519,1428,42,3,2023-08-07,TRUE,2,"Pomegranate","Winter",TRUE,10.95,32.85,75,"Urban - Medium Density",TRUE
1520,64,14,8,2023-11-21,TRUE,7,"Fig","Summer",TRUE,3.67,29.36,65,"Urban - Medium Density",FALSE
1521,1255,45,5,2023-08-30,TRUE,5,"Apricot","All Seasons",TRUE,7.43,37.15,56,"Unknown",FALSE
1522,414,48,4,2023-07-22,TRUE,3,"Blueberry","Winter",TRUE,0.78,3.12,50,"Rural",TRUE
1523,296,18,2,2023-03-19,TRUE,3,"Apple","All Seasons",TRUE,14.07,28.14,69,"Urban - High Density",FALSE
1524,1625,23,1,2023-07-05,TRUE,7,"Corn","Winter",FALSE,1.53,1.53,67,"Urban - High Density",FALSE
1525,1798,35,10,2023-08-08,FALSE,7,"Hazelnut","All Seasons",TRUE,6.96,69.6,78,"Rural",TRUE
1526,972,21,1,2023-07-28,TRUE,5,"Sweet Potato","All Seasons",TRUE,12.3,12.3,23,"Urban - Medium Density",TRUE
1527,621,40,2,2023-04-30,TRUE,3,"Orange","Winter",FALSE,3.87,7.74,52,"Urban - Medium Density",TRUE
1528,740,40,8,2023-06-29,TRUE,2,"Orange","Winter",FALSE,3.87,30.96,75,"Urban - High Density",TRUE
1529,1170,19,5,2023-08-08,TRUE,1,"Banana","Winter",TRUE,-0.17,-0.85,76,"Urban - High Density",NA
1530,1921,4,5,2023-11-03,TRUE,6,"Watermelon","Unknown",TRUE,12.08,60.4,27,"Urban - High Density",FALSE
1531,1615,33,10,2023-08-18,TRUE,-2,"Banana","All Seasons",TRUE,13.25,132.5,61,"Urban - High Density",TRUE
1532,1506,3,7,2023-08-12,TRUE,7,"Raspberry","Unknown",FALSE,10.26,71.82,36,"Rural",TRUE
1533,47,25,10,2023-01-05,TRUE,2,"Broccoli","All Seasons",TRUE,3.11,31.1,40,"Urban - Medium Density",TRUE
1534,1413,32,7,2023-06-17,TRUE,4,"Raspberry","All Seasons",TRUE,12.49,87.43,28,"Urban - Medium Density",NA
1535,560,22,5,2023-04-12,TRUE,4,"Green Bean","All Seasons",FALSE,-4.21,-21.05,52,"Urban - High Density",FALSE
1536,47,17,5,2023-01-18,NA,4,"Pea","All Seasons",TRUE,-2.07,-10.35,40,"Urban - Medium Density",TRUE
1537,1479,50,4,2023-04-16,TRUE,50,"Sweet Potato","Unknown",FALSE,1.01,4.04,78,"Urban - High Density",TRUE
1538,1107,1,7,2023-06-21,TRUE,5,"Strawberry","Unknown",TRUE,4.42,30.94,59,"Urban - High Density",TRUE
1539,1499,41,3,2023-04-21,TRUE,5,"Strawberry","Summer",TRUE,4.94,14.82,31,"Urban - High Density",TRUE
1540,1909,4,5,2023-01-08,TRUE,7,"Watermelon","Unknown",TRUE,12.08,60.4,26,"Unknown",NA
1541,16,41,8,2023-03-08,TRUE,-2,"Strawberry","Summer",TRUE,4.94,39.52,58,"",TRUE
1542,183,44,0,2023-05-04,TRUE,1,"Apple","Summer",TRUE,9.24,0,78,"Urban - High Density",FALSE
1543,1583,26,8,2023-08-28,TRUE,7,"Mango","Summer",TRUE,-1.79,-14.32,34,"Urban - High Density",TRUE
1544,969,11,2,2023-11-08,TRUE,4,"Strawberry","Summer",TRUE,5.35,10.7,31,"Urban - High Density",NA
1545,539,46,9,2023-06-02,TRUE,50,"Chestnut","All Seasons",TRUE,-4.08,-36.72,33,"Urban - High Density",TRUE
1546,1808,7,2,2023-03-26,TRUE,1,"Lettuce","Unknown",TRUE,8.68,17.36,56,"Urban - Medium Density",TRUE
1547,1335,28,1,2023-09-27,TRUE,6,"Raspberry","Unknown",TRUE,14.97,14.97,76,"Urban - Medium Density",TRUE
1548,202,42,0,2023-12-25,TRUE,4,"Pomegranate","Winter",TRUE,10.95,0,38,"Urban - High Density",NA
1549,429,36,3,2023-03-06,TRUE,3,"Raspberry","Summer",TRUE,5.87,17.61,5,"Rural",FALSE
1550,1636,1,10,2023-02-22,TRUE,7,"Strawberry","Unknown",TRUE,4.42,44.2,66,"Urban - High Density",TRUE
1551,1532,2,6,2023-05-14,TRUE,-2,"Grape","Unknown",TRUE,10.56,63.36,71,"Urban - High Density",TRUE
1552,1249,5,3,2023-09-11,TRUE,-2,"Apricot","Summer",FALSE,10.18,30.54,55,"Urban - High Density",TRUE
1553,246,45,9,2023-05-16,TRUE,2,"Apricot","All Seasons",TRUE,7.43,66.87,68,"Urban - High Density",FALSE
1554,707,43,9,2023-05-30,TRUE,-2,"Pear","Unknown",TRUE,4.62,41.58,44,"Urban - High Density",FALSE
1555,725,5,2,2023-02-20,TRUE,-2,"Apricot","Summer",FALSE,10.18,20.36,61,"Rural",FALSE
1556,417,43,5,2023-12-14,TRUE,50,"Pear","Unknown",TRUE,4.62,23.1,63,"Urban - High Density",TRUE
1557,1240,38,7,2023-06-11,TRUE,1,"Apricot","Summer",TRUE,8.8,61.6,42,"Rural",TRUE
1558,1778,40,-3,2023-05-03,TRUE,3,"Orange","Winter",FALSE,3.87,-11.61,55,"Urban - Medium Density",FALSE
1559,134,26,9,2023-12-18,TRUE,3,"Mango","Summer",TRUE,-1.79,-16.11,68,"Urban - High Density",FALSE
1560,1781,35,9,2023-01-23,FALSE,5,"Hazelnut","All Seasons",TRUE,6.96,62.64,27,"Urban - High Density",TRUE
1561,1170,18,5,2023-09-04,TRUE,5,"Apple","All Seasons",TRUE,14.07,70.35,76,"Urban - High Density",NA
1562,318,2,10,2023-10-14,TRUE,1,"Grape","Unknown",TRUE,10.56,105.6,120,"Urban - High Density",TRUE
1563,318,32,9,2023-12-22,TRUE,6,"Raspberry","All Seasons",TRUE,12.49,112.41,120,"Urban - High Density",TRUE
1564,1138,33,10,2023-01-21,TRUE,3,"Banana","All Seasons",TRUE,13.25,132.5,47,"Urban - High Density",TRUE
1565,1133,33,7,2023-05-30,TRUE,-2,"Banana","All Seasons",TRUE,13.25,92.75,79,"Urban - High Density",TRUE
1566,474,38,8,2023-03-29,TRUE,6,"Apricot","Summer",TRUE,8.8,70.4,32,"Urban - High Density",TRUE
1567,1182,32,-3,2023-05-05,TRUE,6,"Raspberry","All Seasons",TRUE,12.49,-37.47,49,"Urban - Medium Density",TRUE
1568,628,29,3,2023-07-02,NA,1,"Orange","Summer",FALSE,9.07,27.21,44,"Urban - High Density",NA
1569,863,11,5,2023-12-22,TRUE,5,"Strawberry","Summer",TRUE,5.35,26.75,39,"Urban - High Density",FALSE
1570,728,12,-3,2023-02-10,TRUE,6,"Banana","All Seasons",TRUE,10.29,-30.87,36,"Urban - Medium Density",FALSE
1571,1079,21,4,2023-03-24,TRUE,6,"Sweet Potato","All Seasons",TRUE,12.3,49.2,52,"Urban - Medium Density",TRUE
1572,1632,23,-3,2023-07-23,TRUE,7,"Corn","Winter",FALSE,1.53,-4.59,75,"Urban - Medium Density",FALSE
1573,277,29,7,2023-03-07,TRUE,2,"Orange","Summer",FALSE,9.07,63.49,55,"Urban - High Density",TRUE
1574,50,15,9,2023-08-29,TRUE,2,"Cabbage","All Seasons",FALSE,3.34,30.06,47,"Urban - Medium Density",FALSE
1575,225,28,10,2023-09-24,TRUE,6,"Raspberry","Unknown",TRUE,14.97,149.7,28,"Urban - Medium Density",TRUE
1576,132,30,7,2023-08-05,TRUE,6,"Lychee","All Seasons",TRUE,1.21,8.47,44,"Rural",FALSE
1577,1668,34,1,2023-08-06,TRUE,6,"Celery","Winter",TRUE,5.77,5.77,49,"Urban - Medium Density",FALSE
1578,1946,24,-3,2023-05-16,TRUE,50,"Asparagus","Winter",FALSE,2.01,-6.03,26,"Urban - Medium Density",TRUE
1579,1393,20,10,2023-08-08,TRUE,4,"Corn","All Seasons",TRUE,12.25,122.5,43,"Urban - High Density",FALSE
1580,1444,49,7,2023-04-06,FALSE,6,"Cherry","Summer",NA,1.84,12.88,29,"Urban - Medium Density",TRUE
1581,134,17,9,2023-06-16,TRUE,3,"Pea","All Seasons",TRUE,-2.07,-18.63,68,"Urban - High Density",FALSE
1582,1608,29,1,2023-03-27,TRUE,4,"Orange","Summer",FALSE,9.07,9.07,23,"Urban - High Density",TRUE
1583,1316,34,8,2023-02-02,TRUE,2,"Celery","Winter",TRUE,5.77,46.16,59,"Urban - High Density",TRUE
1584,159,26,6,2023-06-07,TRUE,-2,"Mango","Summer",TRUE,-1.79,-10.74,32,"Urban - High Density",FALSE
1585,220,28,2,2023-12-01,TRUE,5,"Raspberry","Unknown",TRUE,14.97,29.94,62,"Rural",TRUE
1586,747,45,6,2023-07-12,TRUE,-2,"Apricot","All Seasons",TRUE,7.43,44.58,21,"Rural",FALSE
1587,49,17,9,2023-12-28,TRUE,2,"Pea","All Seasons",TRUE,-2.07,-18.63,37,"Urban - Medium Density",FALSE
1588,1233,13,1,2023-07-12,TRUE,4,"Cucumber","All Seasons",NA,8.17,8.17,70,"Unknown",FALSE
1589,439,9,2,2023-08-01,TRUE,3,"Onion","Unknown",TRUE,5.01,10.02,64,"Urban - High Density",TRUE
1590,428,19,5,2023-09-26,TRUE,3,"Banana","Winter",TRUE,-0.17,-0.85,34,"Urban - Medium Density",TRUE
1591,912,43,1,2023-12-28,TRUE,2,"Pear","Unknown",TRUE,4.62,4.62,49,"Unknown",TRUE
1592,953,39,-3,2023-11-15,TRUE,-2,"Mango","All Seasons",TRUE,10.84,-32.52,19,"Urban - Medium Density",NA
1593,1916,13,8,2023-01-11,TRUE,1,"Cucumber","All Seasons",NA,8.17,65.36,41,"Urban - High Density",FALSE
1594,1276,21,-3,2023-08-08,TRUE,5,"Sweet Potato","All Seasons",TRUE,12.3,-36.9,70,"Urban - High Density",FALSE
1595,93,47,2,2023-03-03,TRUE,5,"Mango","Summer",FALSE,2.32,4.64,55,"Urban - Medium Density",FALSE
1596,592,16,-3,2023-07-02,TRUE,1,"Chestnut","Summer",TRUE,3.39,-10.17,41,"Rural",FALSE
1597,369,19,3,2023-10-16,TRUE,1,"Banana","Winter",TRUE,-0.17,-0.51,46,"Urban - High Density",FALSE
1598,277,20,1,2023-08-19,TRUE,3,"Corn","All Seasons",TRUE,12.25,12.25,55,"Urban - High Density",TRUE
1599,136,49,10,2023-03-19,TRUE,-2,"Cherry","Summer",NA,1.84,18.4,26,"Urban - Medium Density",FALSE
1600,1611,14,5,2023-07-29,TRUE,50,"Fig","Summer",TRUE,3.67,18.35,57,"Urban - Medium Density",TRUE
1601,1388,18,1,2023-10-15,TRUE,5,"Apple","All Seasons",TRUE,14.07,14.07,54,"Urban - Medium Density",TRUE
1602,1169,12,8,2023-07-03,TRUE,4,"Banana","All Seasons",TRUE,10.29,82.32,44,"Urban - Medium Density",FALSE
1603,1794,22,2,2023-04-10,TRUE,6,"Green Bean","All Seasons",FALSE,-4.21,-8.42,19,"Urban - Medium Density",FALSE
1604,896,9,1,2023-05-05,TRUE,-2,"Onion","Unknown",TRUE,5.01,5.01,19,"Urban - High Density",TRUE
1605,1625,4,4,2023-02-10,TRUE,7,"Watermelon","Unknown",TRUE,12.08,48.32,67,"Urban - High Density",FALSE
1606,1910,41,8,2023-10-03,TRUE,2,"Strawberry","Summer",TRUE,4.94,39.52,76,"Urban - Medium Density",NA
1607,992,37,4,2023-08-04,TRUE,1,"Radish","Unknown",TRUE,7.32,29.28,36,"Urban - High Density",TRUE
1608,9,25,1,2023-09-14,TRUE,1,"Broccoli","All Seasons",TRUE,3.11,3.11,72,"Urban - High Density",FALSE
1609,1897,36,9,2023-12-07,TRUE,6,"Raspberry","Summer",TRUE,5.87,52.83,49,"Urban - High Density",TRUE
1610,1645,4,2,2023-07-29,TRUE,4,"Watermelon","Unknown",TRUE,12.08,24.16,45,"Urban - High Density",TRUE
1611,1930,21,4,2023-06-06,TRUE,4,"Sweet Potato","All Seasons",TRUE,12.3,49.2,46,"Urban - Medium Density",TRUE
1612,2,14,10,2023-03-13,TRUE,5,"Fig","Summer",TRUE,3.67,36.7,66,"Urban - Medium Density",TRUE
1613,216,14,9,2023-10-27,FALSE,2,"Fig","Summer",TRUE,3.67,33.03,36,"Urban - Medium Density",FALSE
1614,963,20,1,2023-09-06,TRUE,1,"Corn","All Seasons",TRUE,12.25,12.25,50,"Urban - High Density",TRUE
1615,157,10,6,2023-01-15,TRUE,2,"Blueberry","Summer",FALSE,4.44,26.64,21,"Urban - Medium Density",FALSE
1616,341,50,7,2023-09-17,TRUE,2,"Sweet Potato","Unknown",FALSE,1.01,7.07,76,"Urban - Medium Density",FALSE
1617,319,25,4,2023-03-03,TRUE,3,"Broccoli","All Seasons",TRUE,3.11,12.44,36,"Urban - High Density",TRUE
1618,1119,48,10,2023-03-31,TRUE,50,"Blueberry","Winter",TRUE,0.78,7.8,60,"Urban - Medium Density",FALSE
1619,1615,13,1,2023-06-20,TRUE,50,"Cucumber","All Seasons",NA,8.17,8.17,61,"Urban - High Density",TRUE
1620,326,19,3,2023-08-26,TRUE,-2,"Banana","Winter",TRUE,-0.17,-0.51,21,"Unknown",TRUE
1621,1955,5,2,2023-10-02,TRUE,2,"Apricot","Summer",FALSE,10.18,20.36,52,"Urban - High Density",TRUE
1622,1774,29,4,2023-05-16,TRUE,50,"Orange","Summer",FALSE,9.07,36.28,37,"Urban - Medium Density",TRUE
1623,1558,38,9,2023-10-06,TRUE,6,"Apricot","Summer",TRUE,8.8,79.2,52,"Rural",FALSE
1624,528,13,7,2023-01-29,TRUE,4,"Cucumber","All Seasons",NA,8.17,57.19,120,"Urban - High Density",TRUE
1625,568,7,10,2023-06-13,TRUE,6,"Lettuce","Unknown",TRUE,8.68,86.8,31,"Urban - Medium Density",TRUE
1626,804,6,10,2023-04-04,TRUE,-2,"Walnut","Summer",TRUE,-3.25,-32.5,56,"Urban - High Density",FALSE
1627,1465,15,-3,2023-09-09,TRUE,-2,"Cabbage","All Seasons",FALSE,3.34,-10.02,43,"Urban - Medium Density",TRUE
1628,1943,47,1,2023-09-05,TRUE,6,"Mango","Summer",FALSE,2.32,2.32,21,"Urban - Medium Density",NA
1629,182,9,2,2023-10-09,FALSE,6,"Onion","Unknown",TRUE,5.01,10.02,68,"Rural",TRUE
1630,375,2,-3,2023-12-27,FALSE,5,"Grape","Unknown",TRUE,10.56,-31.68,32,"Urban - High Density",TRUE
1631,387,28,2,2023-09-20,TRUE,50,"Raspberry","Unknown",TRUE,14.97,29.94,68,"Urban - High Density",NA
1632,1961,38,10,2023-12-30,TRUE,3,"Apricot","Summer",TRUE,8.8,88,5,"Urban - High Density",TRUE
1633,248,30,0,2023-10-10,TRUE,1,"Lychee","All Seasons",TRUE,1.21,0,65,"Urban - High Density",FALSE
1634,493,31,-3,2023-02-14,TRUE,3,"Chestnut","All Seasons",NA,0.13,-0.39,55,"Rural",TRUE
1635,1930,2,4,2023-01-30,TRUE,-2,"Grape","Unknown",TRUE,10.56,42.24,46,"Urban - Medium Density",TRUE
1636,1659,15,9,2023-10-05,TRUE,6,"Cabbage","All Seasons",FALSE,3.34,30.06,62,"Urban - High Density",TRUE
1637,1209,45,9,2023-12-30,TRUE,6,"Apricot","All Seasons",TRUE,7.43,66.87,75,"Urban - Medium Density",TRUE
1638,474,40,10,2023-07-18,TRUE,1,"Orange","Winter",FALSE,3.87,38.7,32,"Urban - High Density",TRUE
1639,731,48,7,2023-11-07,TRUE,3,"Blueberry","Winter",TRUE,0.78,5.46,62,"Rural",TRUE
1640,769,39,0,2023-08-23,TRUE,5,"Mango","All Seasons",TRUE,10.84,0,120,"Rural",FALSE
1641,477,26,5,2023-03-09,TRUE,-2,"Mango","Summer",TRUE,-1.79,-8.95,74,"Urban - High Density",TRUE
1642,226,12,9,2023-10-09,TRUE,6,"Banana","All Seasons",TRUE,10.29,92.61,35,"Urban - Medium Density",TRUE
1643,186,5,-3,2023-07-25,TRUE,3,"Apricot","Summer",FALSE,10.18,-30.54,64,"Urban - High Density",NA
1644,565,12,4,2023-01-13,TRUE,50,"Banana","All Seasons",TRUE,10.29,41.16,41,"Urban - High Density",TRUE
1645,965,36,7,2023-11-29,TRUE,3,"Raspberry","Summer",TRUE,5.87,41.09,53,"Urban - High Density",TRUE
1646,1194,41,1,2023-01-19,TRUE,2,"Strawberry","Summer",TRUE,4.94,4.94,77,"Urban - High Density",TRUE
1647,786,33,1,2023-03-12,TRUE,3,"Banana","All Seasons",TRUE,13.25,13.25,64,"Urban - Medium Density",TRUE
1648,859,13,3,2023-11-10,FALSE,5,"Cucumber","All Seasons",NA,8.17,24.51,38,"Urban - Medium Density",FALSE
1649,1477,43,5,2023-05-05,TRUE,1,"Pear","Unknown",TRUE,4.62,23.1,23,"Urban - High Density",TRUE
1650,1864,23,4,2023-03-27,TRUE,4,"Corn","Winter",FALSE,1.53,6.12,21,"Rural",FALSE
1651,869,50,1,2023-12-06,TRUE,6,"Sweet Potato","Unknown",FALSE,1.01,1.01,77,"Urban - High Density",FALSE
1652,100,20,-3,2023-10-14,TRUE,6,"Corn","All Seasons",TRUE,12.25,-36.75,67,"Rural",TRUE
1653,1574,23,7,2023-03-19,TRUE,5,"Corn","Winter",FALSE,1.53,10.71,38,"Urban - Medium Density",TRUE
1654,677,43,0,2023-01-24,TRUE,6,"Pear","Unknown",TRUE,4.62,0,50,"Urban - High Density",TRUE
1655,569,19,0,2023-02-14,TRUE,6,"Banana","Winter",TRUE,-0.17,0,54,"Urban - High Density",TRUE
1656,139,36,2,2023-09-26,TRUE,-2,"Raspberry","Summer",TRUE,5.87,11.74,41,"Urban - Medium Density",TRUE
1657,562,3,4,2023-08-16,TRUE,50,"Raspberry","Unknown",FALSE,10.26,41.04,44,"Urban - Medium Density",TRUE
1658,818,6,5,2023-05-19,TRUE,50,"Walnut","Summer",TRUE,-3.25,-16.25,35,"Urban - High Density",FALSE
1659,657,49,4,2023-10-30,TRUE,2,"Cherry","Summer",NA,1.84,7.36,51,"Rural",TRUE
1660,1274,30,2,2023-06-12,TRUE,7,"Lychee","All Seasons",TRUE,1.21,2.42,79,"Urban - High Density",FALSE
1661,611,28,3,2023-10-22,TRUE,50,"Raspberry","Unknown",TRUE,14.97,44.91,39,"Urban - Medium Density",FALSE
1662,1114,24,6,2023-10-08,TRUE,5,"Asparagus","Winter",FALSE,2.01,12.06,71,"Urban - High Density",TRUE
1663,467,4,5,2023-11-26,TRUE,1,"Watermelon","Unknown",TRUE,12.08,60.4,79,"Urban - High Density",TRUE
1664,216,23,6,2023-10-17,TRUE,5,"Corn","Winter",FALSE,1.53,9.18,36,"Urban - Medium Density",FALSE
1665,681,23,1,2023-02-07,TRUE,3,"Corn","Winter",FALSE,1.53,1.53,50,"Urban - Medium Density",TRUE
1666,1677,31,5,2023-04-30,TRUE,3,"Chestnut","All Seasons",NA,0.13,0.65,36,"Urban - High Density",FALSE
1667,1382,50,6,2023-08-23,FALSE,3,"Sweet Potato","Unknown",FALSE,1.01,6.06,20,"Rural",FALSE
1668,1288,18,0,2023-05-07,FALSE,50,"Apple","All Seasons",TRUE,14.07,0,42,"Urban - High Density",TRUE
1669,1732,36,5,2023-11-04,TRUE,3,"Raspberry","Summer",TRUE,5.87,29.35,54,"Urban - High Density",TRUE
1670,915,46,4,2023-08-09,TRUE,7,"Chestnut","All Seasons",TRUE,-4.08,-16.32,53,"Urban - High Density",TRUE
1671,958,23,7,2023-04-22,TRUE,2,"Corn","Winter",FALSE,1.53,10.71,74,"Urban - Medium Density",TRUE
1672,1465,33,2,2023-11-28,TRUE,50,"Banana","All Seasons",TRUE,13.25,26.5,43,"Urban - Medium Density",TRUE
1673,832,46,8,2023-06-29,TRUE,3,"Chestnut","All Seasons",TRUE,-4.08,-32.64,26,"Urban - High Density",FALSE
1674,1349,16,9,2023-09-03,TRUE,1,"Chestnut","Summer",TRUE,3.39,30.51,40,"Urban - High Density",FALSE
1675,478,20,1,2023-10-02,TRUE,4,"Corn","All Seasons",TRUE,12.25,12.25,62,"Urban - Medium Density",FALSE
1676,527,50,4,2023-01-31,TRUE,5,"Sweet Potato","Unknown",FALSE,1.01,4.04,25,"Urban - High Density",FALSE
1677,1337,33,2,2023-08-30,TRUE,4,"Banana","All Seasons",TRUE,13.25,26.5,64,"Urban - Medium Density",FALSE
1678,1857,6,2,2023-01-06,TRUE,5,"Walnut","Summer",TRUE,-3.25,-6.5,21,"Urban - High Density",TRUE
1679,1438,5,6,2023-02-19,TRUE,5,"Apricot","Summer",FALSE,10.18,61.08,76,"Urban - High Density",FALSE
1680,1654,34,9,2023-03-20,TRUE,2,"Celery","Winter",TRUE,5.77,51.93,18,"Rural",TRUE
1681,1889,35,5,2023-05-17,TRUE,5,"Hazelnut","All Seasons",TRUE,6.96,34.8,30,"Urban - High Density",TRUE
1682,8,44,6,2023-11-27,TRUE,7,"Apple","Summer",TRUE,9.24,55.44,40,"",FALSE
1683,1837,40,8,2023-05-21,TRUE,5,"Orange","Winter",FALSE,3.87,30.96,73,"Rural",FALSE
1684,1670,14,5,2023-07-17,TRUE,3,"Fig","Summer",TRUE,3.67,18.35,32,"Urban - High Density",TRUE
1685,1189,16,3,2023-09-13,TRUE,5,"Chestnut","Summer",TRUE,3.39,10.17,48,"Urban - Medium Density",NA
1686,1674,30,3,2023-03-05,TRUE,5,"Lychee","All Seasons",TRUE,1.21,3.63,30,"Urban - Medium Density",FALSE
1687,835,24,0,2023-11-07,TRUE,6,"Asparagus","Winter",FALSE,2.01,0,26,"Urban - High Density",TRUE
1688,809,15,9,2023-07-30,TRUE,1,"Cabbage","All Seasons",FALSE,3.34,30.06,55,"Urban - Medium Density",FALSE
1689,1311,46,6,2023-05-20,TRUE,6,"Chestnut","All Seasons",TRUE,-4.08,-24.48,61,"Urban - Medium Density",FALSE
1690,1759,5,-3,2023-08-31,TRUE,3,"Apricot","Summer",FALSE,10.18,-30.54,32,"Rural",FALSE
1691,1088,13,9,2023-09-04,TRUE,-2,"Cucumber","All Seasons",NA,8.17,73.53,23,"Rural",TRUE
1692,573,3,4,2023-03-26,TRUE,50,"Raspberry","Unknown",FALSE,10.26,41.04,58,"Urban - High Density",TRUE
1693,1686,16,2,2023-06-25,TRUE,7,"Chestnut","Summer",TRUE,3.39,6.78,51,"Urban - High Density",TRUE
1694,1715,6,10,2023-11-17,TRUE,6,"Walnut","Summer",TRUE,-3.25,-32.5,53,"Urban - Medium Density",FALSE
1695,259,8,-3,2023-03-04,NA,1,"Garlic","Winter",TRUE,3.66,-10.98,25,"Urban - High Density",TRUE
1696,937,3,4,2023-03-26,TRUE,2,"Raspberry","Unknown",FALSE,10.26,41.04,45,"Urban - High Density",NA
1697,539,32,10,2023-01-15,TRUE,1,"Raspberry","All Seasons",TRUE,12.49,124.9,33,"Urban - High Density",TRUE
1698,1209,33,0,2023-01-17,FALSE,4,"Banana","All Seasons",TRUE,13.25,0,75,"Urban - Medium Density",TRUE
1699,1064,48,4,2023-12-22,TRUE,5,"Blueberry","Winter",TRUE,0.78,3.12,77,"Urban - High Density",TRUE
1700,1518,7,5,2023-01-14,TRUE,4,"Lettuce","Unknown",TRUE,8.68,43.4,30,"Urban - High Density",TRUE
1701,1616,29,7,2023-04-04,TRUE,4,"Orange","Summer",FALSE,9.07,63.49,35,"Urban - High Density",FALSE
1702,1390,28,10,2023-06-14,TRUE,4,"Raspberry","Unknown",TRUE,14.97,149.7,20,"Rural",NA
1703,1220,12,2,2023-05-18,TRUE,1,"Banana","All Seasons",TRUE,10.29,20.58,48,"Rural",NA
1704,280,34,6,2023-01-19,TRUE,2,"Celery","Winter",TRUE,5.77,34.62,70,"Urban - Medium Density",TRUE
1705,1660,39,5,2023-02-03,TRUE,2,"Mango","All Seasons",TRUE,10.84,54.2,67,"Urban - Medium Density",FALSE
1706,1430,44,9,2023-11-06,FALSE,4,"Apple","Summer",TRUE,9.24,83.16,46,"Urban - High Density",TRUE
1707,697,15,-3,2023-10-29,TRUE,4,"Cabbage","All Seasons",FALSE,3.34,-10.02,70,"Urban - High Density",TRUE
1708,874,23,2,2023-04-25,FALSE,1,"Corn","Winter",FALSE,1.53,3.06,5,"Urban - Medium Density",TRUE
1709,587,28,0,2023-09-18,TRUE,4,"Raspberry","Unknown",TRUE,14.97,0,72,"Urban - High Density",TRUE
1710,243,25,5,2023-05-14,TRUE,-2,"Broccoli","All Seasons",TRUE,3.11,15.55,43,"Urban - High Density",FALSE
1711,258,4,4,2023-10-21,TRUE,4,"Watermelon","Unknown",TRUE,12.08,48.32,60,"Urban - High Density",FALSE
1712,1964,30,5,2023-02-04,TRUE,6,"Lychee","All Seasons",TRUE,1.21,6.05,27,"Urban - Medium Density",NA
1713,671,47,7,2023-07-12,TRUE,4,"Mango","Summer",FALSE,2.32,16.24,31,"Urban - Medium Density",TRUE
1714,329,40,7,2023-12-19,TRUE,4,"Orange","Winter",FALSE,3.87,27.09,64,"Unknown",TRUE
1715,1458,20,10,2023-04-24,TRUE,2,"Corn","All Seasons",TRUE,12.25,122.5,36,"Urban - Medium Density",TRUE
1716,1304,9,8,2023-06-13,TRUE,7,"Onion","Unknown",TRUE,5.01,40.08,70,"Urban - High Density",TRUE
1717,985,26,6,2023-08-04,TRUE,-2,"Mango","Summer",TRUE,-1.79,-10.74,45,"Urban - High Density",TRUE
1718,129,9,0,2023-02-26,TRUE,-2,"Onion","Unknown",TRUE,5.01,0,41,"Rural",TRUE
1719,1046,43,9,2023-04-01,TRUE,2,"Pear","Unknown",TRUE,4.62,41.58,49,"Urban - High Density",TRUE
1720,1129,49,6,2023-12-07,TRUE,4,"Cherry","Summer",NA,1.84,11.04,34,"Urban - High Density",TRUE
1721,1844,6,10,2023-04-10,NA,50,"Walnut","Summer",TRUE,-3.25,-32.5,39,"Urban - High Density",TRUE
1722,506,27,9,2023-06-23,TRUE,2,"Peach","Winter",TRUE,13.88,124.92,42,"Rural",TRUE
1723,1197,42,4,2023-06-20,TRUE,4,"Pomegranate","Winter",TRUE,10.95,43.8,34,"Urban - High Density",FALSE
1724,858,38,7,2023-02-16,TRUE,50,"Apricot","Summer",TRUE,8.8,61.6,48,"Urban - High Density",FALSE
1725,752,48,2,2023-03-02,TRUE,4,"Blueberry","Winter",TRUE,0.78,1.56,39,"Rural",TRUE
1726,704,15,5,2023-09-09,FALSE,5,"Cabbage","All Seasons",FALSE,3.34,16.7,69,"Urban - High Density",TRUE
1727,1681,6,1,2023-01-10,TRUE,2,"Walnut","Summer",TRUE,-3.25,-3.25,27,"",TRUE
1728,924,7,-3,2023-08-03,TRUE,3,"Lettuce","Unknown",TRUE,8.68,-26.04,71,"Unknown",TRUE
1729,681,40,0,2023-11-23,TRUE,50,"Orange","Winter",FALSE,3.87,0,50,"Urban - Medium Density",TRUE
1730,56,12,0,2023-06-13,TRUE,50,"Banana","All Seasons",TRUE,10.29,0,46,"Urban - Medium Density",TRUE
1731,534,10,9,2023-08-04,FALSE,1,"Blueberry","Summer",FALSE,4.44,39.96,30,"Urban - High Density",FALSE
1732,259,43,2,2023-07-24,TRUE,6,"Pear","Unknown",TRUE,4.62,9.24,25,"Urban - High Density",TRUE
1733,93,26,10,2023-11-12,TRUE,5,"Mango","Summer",TRUE,-1.79,-17.9,55,"Urban - Medium Density",FALSE
1734,695,2,0,2023-01-07,TRUE,4,"Grape","Unknown",TRUE,10.56,0,35,"Urban - Medium Density",FALSE
1735,1844,2,-3,2023-02-10,TRUE,50,"Grape","Unknown",TRUE,10.56,-31.68,39,"Urban - High Density",TRUE
1736,881,17,10,2023-05-13,TRUE,7,"Pea","All Seasons",TRUE,-2.07,-20.7,79,"Urban - Medium Density",FALSE
1737,399,39,1,2023-04-07,TRUE,3,"Mango","All Seasons",TRUE,10.84,10.84,80,"Urban - High Density",NA
1738,1953,27,6,2023-01-18,TRUE,2,"Peach","Winter",TRUE,13.88,83.28,33,"Urban - High Density",TRUE
1739,359,18,9,2023-01-28,FALSE,3,"Apple","All Seasons",TRUE,14.07,126.63,73,"Urban - Medium Density",FALSE
1740,1501,19,10,2023-11-16,TRUE,7,"Banana","Winter",TRUE,-0.17,-1.7,53,"Urban - High Density",TRUE
1741,974,32,-3,2023-05-25,TRUE,50,"Raspberry","All Seasons",TRUE,12.49,-37.47,20,"Urban - High Density",TRUE
1742,1762,39,-3,2023-02-17,TRUE,7,"Mango","All Seasons",TRUE,10.84,-32.52,19,"Urban - High Density",TRUE
1743,1634,7,3,2023-01-08,TRUE,7,"Lettuce","Unknown",TRUE,8.68,26.04,75,"Urban - Medium Density",TRUE
1744,1020,24,3,2023-08-01,FALSE,7,"Asparagus","Winter",FALSE,2.01,6.03,37,"Urban - High Density",TRUE
1745,1235,24,4,2023-07-04,TRUE,5,"Asparagus","Winter",FALSE,2.01,8.04,120,"Urban - Medium Density",TRUE
1746,1689,39,9,2023-05-17,TRUE,4,"Mango","All Seasons",TRUE,10.84,97.56,64,"Urban - High Density",TRUE
1747,1142,30,2,2023-01-24,TRUE,3,"Lychee","All Seasons",TRUE,1.21,2.42,71,"Urban - High Density",TRUE
1748,931,43,10,2023-12-30,TRUE,2,"Pear","Unknown",TRUE,4.62,46.2,34,"Urban - Medium Density",FALSE
1749,947,21,-3,2023-01-16,TRUE,3,"Sweet Potato","All Seasons",TRUE,12.3,-36.9,5,"Urban - High Density",TRUE
1750,659,29,5,2023-02-22,TRUE,6,"Orange","Summer",FALSE,9.07,45.35,61,"Urban - Medium Density",FALSE
1751,694,1,5,2023-06-30,TRUE,2,"Strawberry","Unknown",TRUE,4.42,22.1,41,"Urban - Medium Density",TRUE
1752,680,23,2,2023-01-29,TRUE,4,"Corn","Winter",FALSE,1.53,3.06,30,"Urban - High Density",FALSE
1753,1626,4,4,2023-05-05,TRUE,5,"Watermelon","Unknown",TRUE,12.08,48.32,21,"Urban - High Density",FALSE
1754,794,25,-3,2023-07-24,TRUE,6,"Broccoli","All Seasons",TRUE,3.11,-9.33,78,"Urban - Medium Density",FALSE
1755,1891,9,10,2023-08-14,FALSE,-2,"Onion","Unknown",TRUE,5.01,50.1,65,"Urban - High Density",TRUE
1756,1570,28,8,2023-06-14,TRUE,3,"Raspberry","Unknown",TRUE,14.97,119.76,38,"Urban - High Density",TRUE
1757,1297,43,5,2023-09-10,TRUE,3,"Pear","Unknown",TRUE,4.62,23.1,41,"Urban - High Density",FALSE
1758,572,28,7,2023-03-02,FALSE,3,"Raspberry","Unknown",TRUE,14.97,104.79,71,"Urban - High Density",FALSE
1759,1677,40,3,2023-06-12,TRUE,2,"Orange","Winter",FALSE,3.87,11.61,36,"Urban - High Density",FALSE
1760,1923,34,7,2023-10-22,TRUE,1,"Celery","Winter",TRUE,5.77,40.39,44,"Urban - Medium Density",FALSE
1761,788,23,9,2023-11-23,TRUE,2,"Corn","Winter",FALSE,1.53,13.77,37,"Urban - High Density",FALSE
1762,1737,48,5,2023-12-31,TRUE,7,"Blueberry","Winter",TRUE,0.78,3.9,41,"Urban - Medium Density",FALSE
1763,1060,21,10,2023-10-26,TRUE,7,"Sweet Potato","All Seasons",TRUE,12.3,123,46,"Urban - High Density",FALSE
1764,46,41,2,2023-04-04,TRUE,50,"Strawberry","Summer",TRUE,4.94,9.88,28,"Urban - High Density",TRUE
1765,818,50,1,2023-02-15,TRUE,-2,"Sweet Potato","Unknown",FALSE,1.01,1.01,35,"Urban - High Density",FALSE
1766,1603,43,10,2023-07-21,NA,5,"Pear","Unknown",TRUE,4.62,46.2,48,"Urban - Medium Density",TRUE
1767,12,20,10,2023-05-01,TRUE,6,"Corn","All Seasons",TRUE,12.25,122.5,22,"Urban - High Density",TRUE
1768,506,4,3,2023-12-11,FALSE,6,"Watermelon","Unknown",TRUE,12.08,36.24,42,"Rural",TRUE
1769,1427,36,10,2023-12-02,TRUE,3,"Raspberry","Summer",TRUE,5.87,58.7,41,"Urban - High Density",FALSE
1770,409,17,10,2023-12-25,TRUE,-2,"Pea","All Seasons",TRUE,-2.07,-20.7,27,"Urban - Medium Density",FALSE
1771,1950,22,5,2023-05-11,TRUE,6,"Green Bean","All Seasons",FALSE,-4.21,-21.05,46,"Rural",TRUE
1772,1936,33,8,2023-07-04,FALSE,7,"Banana","All Seasons",TRUE,13.25,106,77,"Urban - High Density",TRUE
1773,1192,45,6,2023-10-06,TRUE,1,"Apricot","All Seasons",TRUE,7.43,44.58,19,"Urban - High Density",TRUE
1774,495,48,9,2023-05-12,TRUE,-2,"Blueberry","Winter",TRUE,0.78,7.02,23,"Urban - High Density",TRUE
1775,978,28,-3,2023-07-29,TRUE,3,"Raspberry","Unknown",TRUE,14.97,-44.91,47,"Urban - Medium Density",TRUE
1776,956,2,0,2023-12-26,TRUE,50,"Grape","Unknown",TRUE,10.56,0,32,"Rural",TRUE
1777,1433,44,-3,2023-10-06,TRUE,5,"Apple","Summer",TRUE,9.24,-27.72,24,"Urban - Medium Density",FALSE
1778,1767,26,3,2023-01-15,TRUE,7,"Mango","Summer",TRUE,-1.79,-5.37,28,"Urban - Medium Density",NA
1779,1506,16,10,2023-12-25,TRUE,7,"Chestnut","Summer",TRUE,3.39,33.9,36,"Rural",TRUE
1780,1201,13,3,2023-01-20,TRUE,4,"Cucumber","All Seasons",NA,8.17,24.51,38,"Urban - Medium Density",TRUE
1781,1132,20,-3,2023-06-07,TRUE,2,"Corn","All Seasons",TRUE,12.25,-36.75,53,"Urban - Medium Density",FALSE
1782,693,45,4,2023-06-18,TRUE,2,"Apricot","All Seasons",TRUE,7.43,29.72,30,"Urban - High Density",TRUE
1783,448,33,2,2023-09-29,TRUE,1,"Banana","All Seasons",TRUE,13.25,26.5,30,"",TRUE
1784,153,33,2,2023-04-10,TRUE,7,"Banana","All Seasons",TRUE,13.25,26.5,22,"Urban - High Density",TRUE
1785,1259,3,0,2023-08-06,TRUE,6,"Raspberry","Unknown",FALSE,10.26,0,27,"Urban - Medium Density",FALSE
1786,766,42,6,2023-08-19,TRUE,7,"Pomegranate","Winter",TRUE,10.95,65.7,32,"Urban - Medium Density",TRUE
1787,157,38,4,2023-07-27,TRUE,1,"Apricot","Summer",TRUE,8.8,35.2,21,"Urban - Medium Density",FALSE
1788,317,31,3,2023-08-04,TRUE,4,"Chestnut","All Seasons",NA,0.13,0.39,33,"Urban - Medium Density",TRUE
1789,31,27,2,2023-10-21,TRUE,7,"Peach","Winter",TRUE,13.88,27.76,78,"Urban - Medium Density",NA
1790,52,6,3,2023-05-02,TRUE,3,"Walnut","Summer",TRUE,-3.25,-9.75,50,"Urban - Medium Density",TRUE
1791,55,46,9,2023-12-23,TRUE,3,"Chestnut","All Seasons",TRUE,-4.08,-36.72,27,"Urban - High Density",TRUE
1792,1235,9,9,2023-12-19,TRUE,3,"Onion","Unknown",TRUE,5.01,45.09,120,"Urban - Medium Density",TRUE
1793,637,24,0,2023-03-27,TRUE,2,"Asparagus","Winter",FALSE,2.01,0,21,"Rural",FALSE
1794,528,3,2,2023-05-14,TRUE,50,"Raspberry","Unknown",FALSE,10.26,20.52,120,"Urban - High Density",TRUE
1795,690,26,8,2023-03-07,TRUE,7,"Mango","Summer",TRUE,-1.79,-14.32,60,"Rural",TRUE
1796,707,42,2,2023-02-12,TRUE,1,"Pomegranate","Winter",TRUE,10.95,21.9,44,"Urban - High Density",FALSE
1797,1237,20,4,2023-05-22,TRUE,-2,"Corn","All Seasons",TRUE,12.25,49,46,"Urban - High Density",TRUE
1798,890,15,6,2023-03-20,TRUE,5,"Cabbage","All Seasons",FALSE,3.34,20.04,58,"Urban - High Density",NA
1799,74,31,4,2023-08-27,TRUE,6,"Chestnut","All Seasons",NA,0.13,0.52,41,"Urban - Medium Density",FALSE
1800,1901,25,2,2023-10-02,TRUE,50,"Broccoli","All Seasons",TRUE,3.11,6.22,44,"Urban - High Density",NA
1801,1326,38,0,2023-07-05,TRUE,1,"Apricot","Summer",TRUE,8.8,0,20,"Urban - High Density",FALSE
1802,1683,20,2,2023-06-16,FALSE,1,"Corn","All Seasons",TRUE,12.25,24.5,34,"Urban - High Density",FALSE
1803,1678,11,9,2023-08-19,TRUE,7,"Strawberry","Summer",TRUE,5.35,48.15,45,"Urban - High Density",TRUE
1804,340,36,-3,2023-08-09,TRUE,3,"Raspberry","Summer",TRUE,5.87,-17.61,22,"Urban - Medium Density",TRUE
1805,1860,28,9,2023-06-03,TRUE,50,"Raspberry","Unknown",TRUE,14.97,134.73,57,"Urban - High Density",TRUE
1806,1265,37,0,2023-04-24,TRUE,3,"Radish","Unknown",TRUE,7.32,0,18,"Urban - Medium Density",TRUE
1807,426,2,3,2023-05-11,TRUE,7,"Grape","Unknown",TRUE,10.56,31.68,61,"Urban - High Density",FALSE
1808,1614,32,0,NA,TRUE,1,"Raspberry","All Seasons",TRUE,12.49,0,55,"Urban - High Density",TRUE
1809,1036,19,2,2023-08-14,TRUE,50,"Banana","Winter",TRUE,-0.17,-0.34,57,"Unknown",NA
1810,264,6,4,2023-07-30,TRUE,5,"Walnut","Summer",TRUE,-3.25,-13,24,"Rural",TRUE
1811,1955,46,6,2023-10-27,TRUE,50,"Chestnut","All Seasons",TRUE,-4.08,-24.48,52,"Urban - High Density",TRUE
1812,1174,6,4,2023-09-16,TRUE,-2,"Walnut","Summer",TRUE,-3.25,-13,34,"Urban - High Density",FALSE
1813,975,37,-3,2023-03-23,TRUE,3,"Radish","Unknown",TRUE,7.32,-21.96,24,"Urban - Medium Density",FALSE
1814,1530,7,10,2023-06-19,TRUE,1,"Lettuce","Unknown",TRUE,8.68,86.8,66,"Urban - High Density",TRUE
1815,258,27,-3,2023-07-05,TRUE,1,"Peach","Winter",TRUE,13.88,-41.64,60,"Urban - High Density",FALSE
1816,1144,24,6,2023-11-10,TRUE,6,"Asparagus","Winter",FALSE,2.01,12.06,55,"Rural",TRUE
1817,1855,21,2,2023-07-04,TRUE,3,"Sweet Potato","All Seasons",TRUE,12.3,24.6,5,"Urban - Medium Density",TRUE
1818,1671,1,10,2023-06-24,TRUE,7,"Strawberry","Unknown",TRUE,4.42,44.2,55,"Rural",TRUE
1819,806,32,4,2023-08-26,TRUE,5,"Raspberry","All Seasons",TRUE,12.49,49.96,54,"Urban - High Density",FALSE
1820,1300,28,9,2023-07-16,TRUE,-2,"Raspberry","Unknown",TRUE,14.97,134.73,36,"Urban - High Density",TRUE
1821,625,44,0,2023-08-04,TRUE,6,"Apple","Summer",TRUE,9.24,0,78,"Urban - High Density",NA
1822,514,46,-3,2023-09-22,TRUE,5,"Chestnut","All Seasons",TRUE,-4.08,12.24,46,"Urban - High Density",FALSE
1823,1197,11,4,2023-03-09,TRUE,4,"Strawberry","Summer",TRUE,5.35,21.4,34,"Urban - High Density",FALSE
1824,461,9,9,2023-10-19,TRUE,6,"Onion","Unknown",TRUE,5.01,45.09,46,"Rural",FALSE
1825,1232,25,5,2023-06-05,TRUE,50,"Broccoli","All Seasons",TRUE,3.11,15.55,23,"Urban - Medium Density",TRUE
1826,1672,4,10,2023-08-10,TRUE,6,"Watermelon","Unknown",TRUE,12.08,120.8,68,"Urban - High Density",FALSE
1827,1462,26,8,2023-02-01,TRUE,5,"Mango","Summer",TRUE,-1.79,-14.32,48,"Urban - High Density",TRUE
1828,968,3,1,2023-01-16,TRUE,4,"Raspberry","Unknown",FALSE,10.26,10.26,68,"Urban - Medium Density",TRUE
1829,26,38,6,2023-10-23,TRUE,4,"Apricot","Summer",TRUE,8.8,52.8,22,"Rural",TRUE
1830,1985,12,1,2023-04-11,TRUE,7,"Banana","All Seasons",TRUE,10.29,10.29,29,"",TRUE
1831,699,2,6,2023-07-31,TRUE,7,"Grape","Unknown",TRUE,10.56,63.36,39,"Urban - High Density",FALSE
1832,1552,16,2,2023-05-05,TRUE,2,"Chestnut","Summer",TRUE,3.39,6.78,46,"Rural",FALSE
1833,221,11,0,2023-08-06,TRUE,5,"Strawberry","Summer",TRUE,5.35,0,57,"Urban - Medium Density",NA
1834,1803,16,0,2023-04-28,TRUE,-2,"Chestnut","Summer",TRUE,3.39,0,74,"Urban - High Density",FALSE
1835,1455,6,-3,2023-06-03,TRUE,1,"Walnut","Summer",TRUE,-3.25,9.75,58,"Rural",TRUE
1836,1525,42,3,2023-10-05,FALSE,6,"Pomegranate","Winter",TRUE,10.95,32.85,61,"Urban - High Density",FALSE
1837,1874,40,6,2023-09-09,TRUE,4,"Orange","Winter",FALSE,3.87,23.22,51,"Urban - High Density",FALSE
1838,1182,39,10,2023-01-17,TRUE,6,"Mango","All Seasons",TRUE,10.84,108.4,49,"Urban - Medium Density",TRUE
1839,495,24,5,2023-09-03,TRUE,3,"Asparagus","Winter",FALSE,2.01,10.05,23,"Urban - High Density",TRUE
1840,1711,18,2,2023-05-17,TRUE,6,"Apple","All Seasons",TRUE,14.07,28.14,23,"Urban - Medium Density",TRUE
1841,1011,41,10,2023-05-17,TRUE,6,"Strawberry","Summer",TRUE,4.94,49.4,57,"Urban - High Density",TRUE
1842,926,30,6,2023-09-16,TRUE,1,"Lychee","All Seasons",TRUE,1.21,7.26,66,"Rural",FALSE
1843,1979,27,-3,2023-01-08,TRUE,2,"Peach","Winter",TRUE,13.88,-41.64,45,"Rural",NA
1844,1859,23,8,2023-03-17,TRUE,7,"Corn","Winter",FALSE,1.53,12.24,65,"Urban - High Density",TRUE
1845,1814,45,-3,2023-12-24,TRUE,7,"Apricot","All Seasons",TRUE,7.43,-22.29,54,"Urban - Medium Density",TRUE
1846,397,27,5,2023-11-29,TRUE,2,"Peach","Winter",TRUE,13.88,69.4,55,"Rural",TRUE
1847,703,27,9,2023-06-19,TRUE,1,"Peach","Winter",TRUE,13.88,124.92,73,"Urban - High Density",TRUE
1848,237,19,2,2023-07-14,TRUE,4,"Banana","Winter",TRUE,-0.17,-0.34,45,"Urban - High Density",TRUE
1849,1774,8,4,2023-04-07,TRUE,50,"Garlic","Winter",TRUE,3.66,14.64,37,"Urban - Medium Density",TRUE
1850,624,7,6,2023-12-01,TRUE,5,"Lettuce","Unknown",TRUE,8.68,52.08,49,"Rural",FALSE
1851,638,35,-3,2023-12-30,TRUE,50,"Hazelnut","All Seasons",TRUE,6.96,-20.88,47,"Urban - Medium Density",TRUE
1852,152,6,1,2023-04-13,TRUE,5,"Walnut","Summer",TRUE,-3.25,-3.25,42,"Urban - High Density",TRUE
1853,1054,36,5,2023-12-28,TRUE,2,"Raspberry","Summer",TRUE,5.87,29.35,79,"Urban - Medium Density",TRUE
1854,1901,14,0,2023-03-19,TRUE,1,"Fig","Summer",TRUE,3.67,0,44,"Urban - High Density",NA
1855,1419,15,5,2023-05-14,TRUE,1,"Cabbage","All Seasons",FALSE,3.34,16.7,20,"Urban - High Density",TRUE
1856,284,32,4,2023-02-04,TRUE,2,"Raspberry","All Seasons",TRUE,12.49,49.96,53,"Urban - High Density",TRUE
1857,595,9,-3,2023-09-24,TRUE,-2,"Onion","Unknown",TRUE,5.01,-15.03,62,"Urban - Medium Density",NA
1858,307,18,10,2023-07-08,TRUE,-2,"Apple","All Seasons",TRUE,14.07,140.7,58,"Urban - High Density",FALSE
1859,755,36,2,2023-06-17,TRUE,5,"Raspberry","Summer",TRUE,5.87,11.74,80,"",TRUE
1860,992,11,4,2023-03-02,TRUE,3,"Strawberry","Summer",TRUE,5.35,21.4,36,"Urban - High Density",TRUE
1861,1839,30,9,2023-05-22,TRUE,-2,"Lychee","All Seasons",TRUE,1.21,10.89,69,"Urban - High Density",FALSE
1862,47,7,3,2023-07-29,TRUE,3,"Lettuce","Unknown",TRUE,8.68,26.04,40,"Urban - Medium Density",TRUE
1863,1616,24,-3,2023-10-08,TRUE,6,"Asparagus","Winter",FALSE,2.01,-6.03,35,"Urban - High Density",FALSE
1864,1604,39,4,2023-11-22,TRUE,-2,"Mango","All Seasons",TRUE,10.84,43.36,46,"Urban - Medium Density",FALSE
1865,1591,36,1,2023-09-30,TRUE,6,"Raspberry","Summer",TRUE,5.87,5.87,28,"Urban - High Density",TRUE
1866,159,5,0,2024-01-01,TRUE,5,"Apricot","Summer",FALSE,10.18,0,32,"Urban - High Density",FALSE
1867,295,22,10,2023-09-20,TRUE,4,"Green Bean","All Seasons",FALSE,-4.21,-42.1,61,"Urban - Medium Density",TRUE
1868,1976,21,4,2023-01-12,TRUE,4,"Sweet Potato","All Seasons",TRUE,12.3,49.2,20,"Urban - High Density",TRUE
1869,660,5,0,2023-06-23,TRUE,6,"Apricot","Summer",FALSE,10.18,0,33,"Urban - High Density",FALSE
1870,1422,23,4,2023-11-02,TRUE,5,"Corn","Winter",FALSE,1.53,6.12,66,"Urban - High Density",TRUE
1871,873,23,5,2023-11-17,TRUE,4,"Corn","Winter",FALSE,1.53,7.65,41,"Urban - High Density",FALSE
1872,1731,37,10,2023-05-13,TRUE,1,"Radish","Unknown",TRUE,7.32,73.2,57,"",FALSE
1873,940,17,-3,2023-09-09,TRUE,4,"Pea","All Seasons",TRUE,-2.07,6.21,67,"Urban - Medium Density",FALSE
1874,1195,37,5,2023-11-13,TRUE,50,"Radish","Unknown",TRUE,7.32,36.6,51,"Urban - High Density",TRUE
1875,1962,47,-3,2023-03-18,TRUE,-2,"Mango","Summer",FALSE,2.32,-6.96,47,"Urban - High Density",FALSE
1876,460,6,1,2023-03-06,TRUE,1,"Walnut","Summer",TRUE,-3.25,-3.25,75,"Urban - High Density",TRUE
1877,1871,10,0,2023-03-09,TRUE,5,"Blueberry","Summer",FALSE,4.44,0,75,"Rural",FALSE
1878,1501,12,4,2023-10-17,TRUE,7,"Banana","All Seasons",TRUE,10.29,41.16,53,"Urban - High Density",TRUE
1879,139,18,-3,2023-03-30,TRUE,50,"Apple","All Seasons",TRUE,14.07,-42.21,41,"Urban - Medium Density",TRUE
1880,1026,42,10,2023-06-25,TRUE,5,"Pomegranate","Winter",TRUE,10.95,109.5,74,"Urban - Medium Density",FALSE
1881,1136,18,9,2023-12-09,TRUE,2,"Apple","All Seasons",TRUE,14.07,126.63,62,"Urban - High Density",TRUE
1882,299,41,-3,2023-10-22,TRUE,5,"Strawberry","Summer",TRUE,4.94,-14.82,34,"Urban - Medium Density",TRUE
1883,886,4,7,2023-09-24,TRUE,7,"Watermelon","Unknown",TRUE,12.08,84.56,46,"Urban - High Density",TRUE
1884,1710,12,5,2023-05-19,TRUE,-2,"Banana","All Seasons",TRUE,10.29,51.45,74,"Urban - High Density",TRUE
1885,1452,10,-3,2023-07-24,TRUE,2,"Blueberry","Summer",FALSE,4.44,-13.32,72,"Urban - High Density",FALSE
1886,1611,27,2,2023-06-28,TRUE,5,"Peach","Winter",TRUE,13.88,27.76,57,"Urban - Medium Density",TRUE
1887,1557,43,-3,2023-08-25,TRUE,7,"Pear","Unknown",TRUE,4.62,-13.86,48,"Urban - Medium Density",FALSE
1888,775,5,4,2023-01-05,TRUE,1,"Apricot","Summer",FALSE,10.18,40.72,45,"Urban - Medium Density",FALSE
1889,220,21,0,2023-01-11,TRUE,7,"Sweet Potato","All Seasons",TRUE,12.3,0,62,"Rural",TRUE
1890,150,6,1,2023-05-28,TRUE,1,"Walnut","Summer",TRUE,-3.25,-3.25,44,"Urban - Medium Density",TRUE
1891,698,35,4,2023-12-27,TRUE,4,"Hazelnut","All Seasons",TRUE,6.96,27.84,46,"Urban - High Density",FALSE
1892,1838,5,1,2023-12-07,TRUE,3,"Apricot","Summer",FALSE,10.18,10.18,5,"Urban - High Density",TRUE
1893,1466,19,9,2023-04-11,TRUE,-2,"Banana","Winter",TRUE,-0.17,-1.53,19,"Rural",FALSE
1894,1281,47,-3,2023-01-03,TRUE,3,"Mango","Summer",FALSE,2.32,-6.96,77,"Urban - High Density",TRUE
1895,858,18,8,2023-03-26,TRUE,4,"Apple","All Seasons",TRUE,14.07,112.56,48,"Urban - High Density",FALSE
1896,1530,49,4,2023-05-06,TRUE,5,"Cherry","Summer",NA,1.84,7.36,66,"Urban - High Density",TRUE
1897,69,38,-3,2023-06-25,TRUE,6,"Apricot","Summer",TRUE,8.8,-26.4,69,"Urban - Medium Density",FALSE
1898,1734,5,2,2023-07-29,TRUE,-2,"Apricot","Summer",FALSE,10.18,20.36,42,"Urban - High Density",FALSE
1899,538,28,6,2023-10-04,TRUE,7,"Raspberry","Unknown",TRUE,14.97,89.82,46,"Urban - High Density",TRUE
1900,444,29,-3,2023-12-05,TRUE,6,"Orange","Summer",FALSE,9.07,-27.21,80,"Urban - Medium Density",FALSE
1901,1668,39,3,2023-09-15,TRUE,6,"Mango","All Seasons",TRUE,10.84,32.52,49,"Urban - Medium Density",FALSE
1902,1942,39,10,2023-06-06,TRUE,3,"Mango","All Seasons",TRUE,10.84,108.4,46,"Urban - High Density",TRUE
1903,1143,43,0,2023-07-02,TRUE,2,"Pear","Unknown",TRUE,4.62,0,65,"Urban - High Density",TRUE
1904,927,31,9,2023-02-13,TRUE,50,"Chestnut","All Seasons",NA,0.13,1.17,42,"Urban - High Density",FALSE
1905,1579,50,1,2023-02-21,TRUE,3,"Sweet Potato","Unknown",FALSE,1.01,1.01,22,"Urban - Medium Density",TRUE
1906,1852,13,3,2023-08-31,TRUE,1,"Cucumber","All Seasons",NA,8.17,24.51,71,"Urban - High Density",TRUE
1907,435,19,10,2023-05-08,TRUE,1,"Banana","Winter",TRUE,-0.17,-1.7,76,"Urban - Medium Density",TRUE
1908,543,25,4,2023-01-07,FALSE,1,"Broccoli","All Seasons",TRUE,3.11,12.44,22,"Urban - High Density",TRUE
1909,489,18,0,2023-04-30,TRUE,5,"Apple","All Seasons",TRUE,14.07,0,65,"Rural",TRUE
1910,1334,29,3,2023-10-12,TRUE,50,"Orange","Summer",FALSE,9.07,27.21,30,"Urban - High Density",FALSE
1911,719,36,9,2023-12-08,TRUE,4,"Raspberry","Summer",TRUE,5.87,52.83,54,"Urban - High Density",FALSE
1912,751,45,6,2023-10-18,TRUE,6,"Apricot","All Seasons",TRUE,7.43,44.58,58,"Urban - High Density",TRUE
1913,1201,32,-3,2023-10-24,TRUE,2,"Raspberry","All Seasons",TRUE,12.49,-37.47,38,"Urban - Medium Density",TRUE
1914,1287,34,1,2023-12-24,TRUE,5,"Celery","Winter",TRUE,5.77,5.77,64,"Urban - High Density",TRUE
1915,662,14,6,2023-08-30,TRUE,2,"Fig","Summer",TRUE,3.67,22.02,41,"Urban - Medium Density",FALSE
1916,595,12,2,2023-05-20,TRUE,7,"Banana","All Seasons",TRUE,10.29,20.58,62,"Urban - Medium Density",NA
1917,344,4,5,2023-07-17,TRUE,6,"Watermelon","Unknown",TRUE,12.08,60.4,38,"Urban - High Density",FALSE
1918,493,20,-3,2023-02-11,TRUE,7,"Corn","All Seasons",TRUE,12.25,-36.75,55,"Rural",TRUE
1919,1867,34,3,2023-08-09,TRUE,50,"Celery","Winter",TRUE,5.77,17.31,40,"Urban - High Density",FALSE
1920,1599,37,8,2023-09-15,TRUE,4,"Radish","Unknown",TRUE,7.32,58.56,53,"Rural",TRUE
1921,936,5,0,2023-11-21,TRUE,7,"Apricot","Summer",FALSE,10.18,0,77,"Urban - High Density",TRUE
1922,588,23,4,2023-08-24,TRUE,4,"Corn","Winter",FALSE,1.53,6.12,31,"Rural",TRUE
1923,781,24,9,2023-04-03,TRUE,4,"Asparagus","Winter",FALSE,2.01,18.09,67,"Urban - High Density",FALSE
1924,1737,4,2,2023-11-22,TRUE,50,"Watermelon","Unknown",TRUE,12.08,24.16,41,"Urban - Medium Density",FALSE
1925,656,3,2,2023-04-22,TRUE,-2,"Raspberry","Unknown",FALSE,10.26,20.52,48,"Urban - High Density",TRUE
1926,917,8,1,2023-12-23,TRUE,50,"Garlic","Winter",TRUE,3.66,3.66,50,"Urban - High Density",FALSE
1927,1700,31,7,2023-06-09,TRUE,5,"Chestnut","All Seasons",NA,0.13,0.91,31,"Urban - Medium Density",TRUE
1928,1518,41,10,2023-03-16,TRUE,7,"Strawberry","Summer",TRUE,4.94,49.4,30,"Urban - High Density",TRUE
1929,1641,50,5,2023-11-25,TRUE,7,"Sweet Potato","Unknown",FALSE,1.01,5.05,50,"Urban - Medium Density",FALSE
1930,1186,39,6,2023-02-17,TRUE,3,"Mango","All Seasons",TRUE,10.84,65.04,31,"Urban - High Density",FALSE
1931,386,49,7,2023-06-06,TRUE,7,"Cherry","Summer",NA,1.84,12.88,43,"Urban - Medium Density",FALSE
1932,121,17,10,2023-04-20,TRUE,7,"Pea","All Seasons",TRUE,-2.07,-20.7,22,"Urban - High Density",TRUE
1933,1846,21,1,2023-01-13,TRUE,-2,"Sweet Potato","All Seasons",TRUE,12.3,12.3,58,"Rural",FALSE
1934,1530,22,10,2023-11-15,TRUE,5,"Green Bean","All Seasons",FALSE,-4.21,-42.1,66,"Urban - High Density",TRUE
1935,452,24,6,2023-05-09,TRUE,3,"Asparagus","Winter",FALSE,2.01,12.06,18,"Urban - High Density",TRUE
1936,1966,25,10,2023-10-07,TRUE,7,"Broccoli","All Seasons",TRUE,3.11,31.1,30,"Urban - High Density",TRUE
1937,1711,32,10,2023-10-13,TRUE,-2,"Raspberry","All Seasons",TRUE,12.49,124.9,23,"Urban - Medium Density",TRUE
1938,1882,35,-3,2023-06-08,TRUE,3,"Hazelnut","All Seasons",TRUE,6.96,-20.88,38,"",FALSE
1939,1572,1,1,2023-02-24,TRUE,5,"Strawberry","Unknown",TRUE,4.42,4.42,32,"Urban - High Density",FALSE
1940,421,26,10,2023-06-14,TRUE,6,"Mango","Summer",TRUE,-1.79,-17.9,29,"Urban - Medium Density",TRUE
1941,1006,32,7,2023-03-03,TRUE,5,"Raspberry","All Seasons",TRUE,12.49,87.43,44,"Urban - Medium Density",TRUE
1942,1542,2,-3,2023-06-19,TRUE,6,"Grape","Unknown",TRUE,10.56,-31.68,50,"Urban - Medium Density",TRUE
1943,160,40,7,2023-04-04,TRUE,1,"Orange","Winter",FALSE,3.87,27.09,79,"Urban - High Density",FALSE
1944,998,50,4,2023-12-24,TRUE,2,"Sweet Potato","Unknown",FALSE,1.01,4.04,61,"Urban - Medium Density",FALSE
1945,372,8,0,2023-01-31,TRUE,2,"Garlic","Winter",TRUE,3.66,0,75,"Urban - High Density",TRUE
1946,630,10,7,2023-01-27,TRUE,-2,"Blueberry","Summer",FALSE,4.44,31.08,49,"Urban - Medium Density",FALSE
1947,1174,30,10,2023-09-28,TRUE,50,"Lychee","All Seasons",TRUE,1.21,12.1,34,"Urban - High Density",FALSE
1948,1501,44,0,2023-02-14,TRUE,6,"Apple","Summer",TRUE,9.24,0,53,"Urban - High Density",TRUE
1949,1698,20,5,2023-04-14,TRUE,5,"Corn","All Seasons",TRUE,12.25,61.25,19,"Rural",TRUE
1950,1587,11,-3,2023-04-19,TRUE,6,"Strawberry","Summer",TRUE,5.35,-16.05,23,"Rural",TRUE
1951,415,50,6,2023-01-10,TRUE,7,"Sweet Potato","Unknown",FALSE,1.01,6.06,21,"Urban - High Density",FALSE
1952,51,16,8,2023-12-26,TRUE,-2,"Chestnut","Summer",TRUE,3.39,27.12,40,"Urban - High Density",TRUE
1953,161,29,5,2023-01-29,TRUE,4,"Orange","Summer",FALSE,9.07,45.35,52,"Urban - High Density",FALSE
1954,193,47,10,2023-05-24,TRUE,50,"Mango","Summer",FALSE,2.32,23.2,78,"Urban - High Density",FALSE
1955,925,11,10,2023-05-13,TRUE,6,"Strawberry","Summer",TRUE,5.35,53.5,29,"Unknown",FALSE
1956,812,48,0,2023-08-10,TRUE,1,"Blueberry","Winter",TRUE,0.78,0,33,"Urban - High Density",TRUE
1957,1977,32,6,2023-10-29,TRUE,2,"Raspberry","All Seasons",TRUE,12.49,74.94,33,"Urban - High Density",FALSE
1958,1868,26,3,2023-11-19,TRUE,2,"Mango","Summer",TRUE,-1.79,-5.37,30,"Urban - Medium Density",FALSE
1959,1826,23,10,2023-07-10,TRUE,1,"Corn","Winter",FALSE,1.53,15.3,79,"Urban - Medium Density",FALSE
1960,1506,50,8,2023-08-25,TRUE,1,"Sweet Potato","Unknown",FALSE,1.01,8.08,36,"Rural",TRUE
1961,319,23,10,2023-01-24,TRUE,2,"Corn","Winter",FALSE,1.53,15.3,36,"Urban - High Density",TRUE
1962,574,27,9,2023-01-22,TRUE,-2,"Peach","Winter",TRUE,13.88,124.92,71,"Urban - Medium Density",FALSE
1963,112,8,1,2023-10-19,TRUE,-2,"Garlic","Winter",TRUE,3.66,3.66,51,"Urban - Medium Density",TRUE
1964,1386,38,5,2023-05-02,TRUE,6,"Apricot","Summer",TRUE,8.8,44,80,"Rural",TRUE
1965,860,41,9,2023-01-20,TRUE,2,"Strawberry","Summer",TRUE,4.94,44.46,32,"Urban - Medium Density",TRUE
1966,630,48,8,2023-04-12,TRUE,4,"Blueberry","Winter",TRUE,0.78,6.24,49,"Urban - Medium Density",FALSE
1967,1137,25,1,2023-01-05,TRUE,2,"Broccoli","All Seasons",TRUE,3.11,3.11,52,"Urban - High Density",TRUE
1968,1034,17,8,2023-07-02,TRUE,6,"Pea","All Seasons",TRUE,-2.07,-16.56,52,"Rural",FALSE
1969,1051,15,-3,2023-09-07,TRUE,5,"Cabbage","All Seasons",FALSE,3.34,-10.02,42,"Urban - Medium Density",TRUE
1970,831,5,4,2023-02-02,TRUE,6,"Apricot","Summer",FALSE,10.18,40.72,34,"Urban - Medium Density",FALSE
1971,489,41,2,2023-06-26,TRUE,7,"Strawberry","Summer",TRUE,4.94,9.88,65,"Rural",TRUE
1972,1683,8,0,2023-06-30,TRUE,6,"Garlic","Winter",TRUE,3.66,0,34,"Urban - High Density",FALSE
1973,557,4,2,2023-03-24,TRUE,2,"Watermelon","Unknown",TRUE,12.08,24.16,38,"Urban - High Density",TRUE
1974,168,6,-3,2023-11-09,TRUE,2,"Walnut","Summer",TRUE,-3.25,9.75,40,"Urban - Medium Density",TRUE
1975,428,46,3,2023-08-19,TRUE,7,"Chestnut","All Seasons",TRUE,-4.08,-12.24,34,"Urban - Medium Density",TRUE
1976,1722,45,6,2023-07-26,TRUE,2,"Apricot","All Seasons",TRUE,7.43,44.58,43,"Urban - High Density",FALSE
1977,796,38,0,2023-01-12,TRUE,2,"Apricot","Summer",TRUE,8.8,0,34,"Urban - Medium Density",TRUE
1978,693,39,-3,2023-01-19,TRUE,5,"Mango","All Seasons",TRUE,10.84,-32.52,30,"Urban - High Density",TRUE
1979,597,8,9,2023-04-01,TRUE,3,"Garlic","Winter",TRUE,3.66,32.94,43,"Urban - Medium Density",NA
1980,1241,35,0,2023-08-16,TRUE,6,"Hazelnut","All Seasons",TRUE,6.96,0,40,"Urban - Medium Density",TRUE
1981,398,4,10,2023-07-31,TRUE,7,"Watermelon","Unknown",TRUE,12.08,120.8,120,"Rural",TRUE
1982,329,24,5,2023-05-20,TRUE,6,"Asparagus","Winter",FALSE,2.01,10.05,64,"Unknown",TRUE
1983,448,42,4,2023-06-05,TRUE,7,"Pomegranate","Winter",TRUE,10.95,43.8,30,"",TRUE
1984,597,30,3,2023-12-09,TRUE,7,"Lychee","All Seasons",TRUE,1.21,3.63,43,"Urban - Medium Density",NA
1985,62,39,1,2023-03-08,TRUE,2,"Mango","All Seasons",TRUE,10.84,10.84,23,"Urban - Medium Density",FALSE
1986,1931,26,-3,2023-12-27,TRUE,4,"Mango","Summer",TRUE,-1.79,5.37,120,"Urban - High Density",TRUE
1987,760,15,5,2023-02-07,TRUE,50,"Cabbage","All Seasons",FALSE,3.34,16.7,63,"Unknown",TRUE
1988,224,37,-3,2023-07-22,TRUE,4,"Radish","Unknown",TRUE,7.32,-21.96,41,"Urban - High Density",FALSE
1989,1144,31,-3,2023-10-27,TRUE,2,"Chestnut","All Seasons",NA,0.13,-0.39,55,"Rural",TRUE
1990,1564,14,8,2023-10-08,TRUE,3,"Fig","Summer",TRUE,3.67,29.36,24,"Urban - High Density",FALSE
1991,1575,5,0,2023-04-25,TRUE,50,"Apricot","Summer",FALSE,10.18,0,31,"Rural",FALSE
1992,418,10,7,2023-04-22,TRUE,6,"Blueberry","Summer",FALSE,4.44,31.08,23,"Urban - High Density",TRUE
1993,944,35,6,2023-07-24,TRUE,1,"Hazelnut","All Seasons",TRUE,6.96,41.76,36,"Urban - High Density",TRUE
1994,886,29,3,2023-01-01,TRUE,3,"Orange","Summer",FALSE,9.07,27.21,46,"Urban - High Density",TRUE
1995,1480,22,1,2023-04-09,TRUE,2,"Green Bean","All Seasons",FALSE,-4.21,-4.21,65,"Urban - High Density",FALSE
1996,1731,36,8,2023-09-23,TRUE,-2,"Raspberry","Summer",TRUE,5.87,46.96,57,"",FALSE
1997,156,37,-3,2023-11-24,TRUE,-2,"Radish","Unknown",TRUE,7.32,-21.96,56,"Rural",TRUE
1998,1035,19,8,2023-02-06,TRUE,1,"Banana","Winter",TRUE,-0.17,-1.36,76,"Urban - High Density",FALSE
1999,1789,40,3,2023-03-18,TRUE,50,"Orange","Winter",FALSE,3.87,11.61,36,"Urban - Medium Density",TRUE
2000,438,50,1,2023-05-08,TRUE,5,"Sweet Potato","Unknown",FALSE,1.01,1.01,78,"Rural",FALSE
2001,966,11,6,2023-09-22,TRUE,7,"Strawberry","Summer",TRUE,5.35,32.1,32,"Urban - High Density",TRUE
2002,156,21,-3,2023-03-21,FALSE,1,"Sweet Potato","All Seasons",TRUE,12.3,-36.9,56,"Rural",TRUE
2003,1513,43,4,2023-11-13,TRUE,2,"Pear","Unknown",TRUE,4.62,18.48,43,"Urban - High Density",TRUE
2004,1916,19,6,2023-03-30,TRUE,1,"Banana","Winter",TRUE,-0.17,-1.02,41,"Urban - High Density",FALSE
2005,737,26,7,2023-01-15,TRUE,4,"Mango","Summer",TRUE,-1.79,-12.53,46,"Urban - High Density",TRUE
2006,960,40,3,2023-05-24,TRUE,3,"Orange","Winter",FALSE,3.87,11.61,46,"Urban - High Density",TRUE
2007,222,34,1,2023-03-06,TRUE,6,"Celery","Winter",TRUE,5.77,5.77,55,"Urban - Medium Density",FALSE
2008,1135,20,-3,2023-07-25,TRUE,4,"Corn","All Seasons",TRUE,12.25,-36.75,41,"Unknown",TRUE
2009,321,37,9,2023-06-20,TRUE,3,"Radish","Unknown",TRUE,7.32,65.88,74,"Urban - High Density",FALSE
2010,1930,1,1,2023-03-25,TRUE,50,"Strawberry","Unknown",TRUE,4.42,4.42,46,"Urban - Medium Density",TRUE
2011,1914,39,1,2023-03-12,TRUE,2,"Mango","All Seasons",TRUE,10.84,10.84,53,"Unknown",TRUE
2012,1696,27,3,2023-10-21,TRUE,4,"Peach","Winter",TRUE,13.88,41.64,74,"Urban - High Density",TRUE
2013,1794,23,3,2023-07-09,TRUE,-2,"Corn","Winter",FALSE,1.53,4.59,19,"Urban - Medium Density",FALSE
2014,1616,41,1,2023-08-06,TRUE,1,"Strawberry","Summer",TRUE,4.94,4.94,35,"Urban - High Density",FALSE
2015,1491,50,4,2023-05-13,TRUE,2,"Sweet Potato","Unknown",FALSE,1.01,4.04,5,"Urban - Medium Density",FALSE
2016,1048,21,4,2023-08-04,TRUE,3,"Sweet Potato","All Seasons",TRUE,12.3,49.2,20,"Urban - High Density",NA
2017,1316,27,2,2023-09-15,TRUE,4,"Peach","Winter",TRUE,13.88,27.76,59,"Urban - High Density",TRUE
2018,1673,11,3,2023-05-02,TRUE,2,"Strawberry","Summer",TRUE,5.35,16.05,52,"",FALSE
2019,125,4,4,2023-06-07,TRUE,4,"Watermelon","Unknown",TRUE,12.08,48.32,39,"Urban - High Density",FALSE
2020,735,29,8,2023-09-01,TRUE,50,"Orange","Summer",FALSE,9.07,72.56,24,"Urban - Medium Density",TRUE
2021,1752,23,0,2023-10-03,TRUE,3,"Corn","Winter",FALSE,1.53,0,36,"Rural",TRUE
2022,568,44,4,2023-09-09,TRUE,-2,"Apple","Summer",TRUE,9.24,36.96,31,"Urban - Medium Density",TRUE
2023,1915,30,1,2023-03-11,TRUE,2,"Lychee","All Seasons",TRUE,1.21,1.21,80,"Urban - Medium Density",NA
2024,1095,49,-3,2023-07-02,FALSE,1,"Cherry","Summer",NA,1.84,-5.52,66,"Urban - Medium Density",TRUE
2025,379,8,0,2023-02-21,TRUE,-2,"Garlic","Winter",TRUE,3.66,0,38,"Rural",FALSE
2026,903,7,5,2023-11-02,TRUE,4,"Lettuce","Unknown",TRUE,8.68,43.4,55,"Urban - High Density",TRUE
2027,1265,49,7,2023-02-01,TRUE,6,"Cherry","Summer",NA,1.84,12.88,18,"Urban - Medium Density",TRUE
2028,61,26,9,2023-06-04,TRUE,5,"Mango","Summer",TRUE,-1.79,-16.11,52,"Urban - Medium Density",TRUE
2029,10,11,7,2023-03-10,TRUE,7,"Strawberry","Summer",TRUE,5.35,37.45,24,"Urban - High Density",TRUE
2030,1316,9,0,2023-08-14,TRUE,1,"Onion","Unknown",TRUE,5.01,0,59,"Urban - High Density",TRUE
2031,1628,40,0,2023-03-05,TRUE,-2,"Orange","Winter",FALSE,3.87,0,70,"Urban - Medium Density",TRUE
2032,70,35,1,2023-12-08,TRUE,6,"Hazelnut","All Seasons",TRUE,6.96,6.96,50,"Urban - High Density",TRUE
2033,731,14,3,2023-11-02,TRUE,1,"Fig","Summer",TRUE,3.67,11.01,62,"Rural",TRUE
2034,103,22,9,2023-02-25,TRUE,4,"Green Bean","All Seasons",FALSE,-4.21,-37.89,57,"Urban - Medium Density",TRUE
2035,547,44,1,2023-12-15,TRUE,2,"Apple","Summer",TRUE,9.24,9.24,40,"Urban - High Density",FALSE
2036,559,48,1,2023-01-11,TRUE,5,"Blueberry","Winter",TRUE,0.78,0.78,48,"Urban - High Density",TRUE
2037,1654,8,9,2023-01-17,TRUE,5,"Garlic","Winter",TRUE,3.66,32.94,18,"Rural",TRUE
2038,455,21,0,2023-01-13,TRUE,50,"Sweet Potato","All Seasons",TRUE,12.3,0,39,"Urban - Medium Density",NA
2039,1336,9,4,2023-03-15,TRUE,1,"Onion","Unknown",TRUE,5.01,20.04,30,"Urban - High Density",FALSE
2040,1619,6,7,2023-01-11,TRUE,7,"Walnut","Summer",TRUE,-3.25,-22.75,26,"Urban - Medium Density",TRUE
2041,1921,36,-3,2023-01-29,TRUE,7,"Raspberry","Summer",TRUE,5.87,-17.61,27,"Urban - High Density",FALSE
2042,1909,7,2,2023-07-01,TRUE,3,"Lettuce","Unknown",TRUE,8.68,17.36,26,"Unknown",NA
2043,672,34,8,2023-06-10,TRUE,5,"Celery","Winter",TRUE,5.77,46.16,26,"Unknown",NA
2044,1307,7,6,2023-05-14,TRUE,5,"Lettuce","Unknown",TRUE,8.68,52.08,45,"Urban - High Density",TRUE
2045,1969,28,5,2023-08-31,TRUE,50,"Raspberry","Unknown",TRUE,14.97,74.85,74,"Urban - High Density",TRUE
2046,1748,4,9,2023-12-21,TRUE,5,"Watermelon","Unknown",TRUE,12.08,108.72,74,"Urban - Medium Density",TRUE
2047,235,39,0,2023-08-04,TRUE,4,"Mango","All Seasons",TRUE,10.84,0,28,"Urban - High Density",TRUE
2048,1092,34,8,2023-01-09,TRUE,50,"Celery","Winter",TRUE,5.77,46.16,43,"Urban - Medium Density",TRUE
2049,775,1,6,2023-08-16,TRUE,6,"Strawberry","Unknown",TRUE,4.42,26.52,45,"Urban - Medium Density",FALSE
2050,652,4,3,2023-05-08,TRUE,50,"Watermelon","Unknown",TRUE,12.08,36.24,43,"Rural",TRUE
2051,1673,10,0,2023-08-21,TRUE,4,"Blueberry","Summer",FALSE,4.44,0,52,"",FALSE
2052,1415,11,-3,2023-05-20,TRUE,1,"Strawberry","Summer",TRUE,5.35,-16.05,68,"Urban - High Density",FALSE
2053,211,40,10,2023-07-22,TRUE,7,"Orange","Winter",FALSE,3.87,38.7,58,"Urban - High Density",TRUE
2054,1825,47,4,2023-08-23,TRUE,-2,"Mango","Summer",FALSE,2.32,9.28,67,"Urban - High Density",TRUE
2055,1512,41,2,2023-06-09,TRUE,4,"Strawberry","Summer",TRUE,4.94,9.88,65,"Urban - Medium Density",TRUE
2056,1404,23,9,2023-06-22,TRUE,3,"Corn","Winter",FALSE,1.53,13.77,61,"Urban - Medium Density",FALSE
2057,145,9,-3,2023-04-13,TRUE,6,"Onion","Unknown",TRUE,5.01,-15.03,38,"Urban - High Density",TRUE
2058,1811,11,6,2023-04-07,TRUE,6,"Strawberry","Summer",TRUE,5.35,32.1,42,"Urban - Medium Density",FALSE
2059,980,23,10,2023-10-22,TRUE,50,"Corn","Winter",FALSE,1.53,15.3,38,"Urban - High Density",TRUE
2060,1628,6,3,2023-05-01,TRUE,50,"Walnut","Summer",TRUE,-3.25,-9.75,70,"Urban - Medium Density",TRUE
2061,283,15,10,2023-06-28,TRUE,50,"Cabbage","All Seasons",FALSE,3.34,33.4,40,"Urban - High Density",TRUE
2062,739,31,3,2023-02-02,TRUE,1,"Chestnut","All Seasons",NA,0.13,0.39,48,"Urban - High Density",TRUE
2063,277,32,5,2023-08-23,TRUE,7,"Raspberry","All Seasons",TRUE,12.49,62.45,55,"Urban - High Density",TRUE
2064,1187,40,6,2023-11-18,TRUE,1,"Orange","Winter",FALSE,3.87,23.22,36,"Urban - Medium Density",NA
2065,1733,3,2,2023-08-27,TRUE,3,"Raspberry","Unknown",FALSE,10.26,20.52,38,"Unknown",FALSE
2066,244,17,3,2023-06-19,TRUE,2,"Pea","All Seasons",TRUE,-2.07,-6.21,64,"Urban - High Density",TRUE
2067,513,47,6,2023-12-15,TRUE,4,"Mango","Summer",FALSE,2.32,13.92,78,"Urban - High Density",NA
2068,13,31,7,2023-10-07,TRUE,2,"Chestnut","All Seasons",NA,0.13,0.91,57,"Urban - Medium Density",FALSE
2069,635,40,0,2023-09-20,TRUE,7,"Orange","Winter",FALSE,3.87,0,56,"",FALSE
2070,395,2,8,2023-07-09,TRUE,1,"Grape","Unknown",TRUE,10.56,84.48,72,"Urban - High Density",TRUE
2071,564,9,1,2023-04-04,TRUE,4,"Onion","Unknown",TRUE,5.01,5.01,57,"Urban - High Density",FALSE
2072,323,45,3,2023-10-06,TRUE,2,"Apricot","All Seasons",TRUE,7.43,22.29,70,"Urban - Medium Density",TRUE
2073,619,15,-3,2023-10-06,TRUE,1,"Cabbage","All Seasons",FALSE,3.34,-10.02,40,"Urban - High Density",FALSE
2074,294,45,2,2023-09-22,TRUE,7,"Apricot","All Seasons",TRUE,7.43,14.86,52,"Rural",TRUE
2075,711,44,0,NA,TRUE,5,"Apple","Summer",TRUE,9.24,0,24,"Urban - Medium Density",FALSE
2076,823,4,10,2023-12-24,TRUE,5,"Watermelon","Unknown",TRUE,12.08,120.8,26,"Urban - High Density",TRUE
2077,312,30,0,2023-04-30,TRUE,1,"Lychee","All Seasons",TRUE,1.21,0,49,"Urban - Medium Density",TRUE
2078,178,40,-3,2023-06-05,TRUE,5,"Orange","Winter",FALSE,3.87,-11.61,32,"Urban - Medium Density",FALSE
2079,714,13,3,2023-06-19,TRUE,3,"Cucumber","All Seasons",NA,8.17,24.51,39,"Urban - High Density",TRUE
2080,1038,38,5,2023-02-12,TRUE,50,"Apricot","Summer",TRUE,8.8,44,57,"Unknown",TRUE
2081,964,50,8,2023-09-16,TRUE,5,"Sweet Potato","Unknown",FALSE,1.01,8.08,64,"Urban - High Density",TRUE
2082,789,44,0,2023-06-10,TRUE,7,"Apple","Summer",TRUE,9.24,0,25,"Rural",TRUE
2083,33,41,-3,2023-12-20,TRUE,2,"Strawberry","Summer",TRUE,4.94,-14.82,40,"Urban - High Density",TRUE
2084,522,41,-3,2023-07-16,TRUE,6,"Strawberry","Summer",TRUE,4.94,-14.82,57,"Urban - High Density",TRUE
2085,461,45,9,2023-08-28,TRUE,3,"Apricot","All Seasons",TRUE,7.43,66.87,46,"Rural",FALSE
2086,272,46,9,2023-04-07,FALSE,50,"Chestnut","All Seasons",TRUE,-4.08,-36.72,26,"Rural",TRUE
2087,924,31,10,2023-10-15,TRUE,-2,"Chestnut","All Seasons",NA,0.13,1.3,71,"Unknown",TRUE
2088,1737,34,0,2023-12-07,TRUE,4,"Celery","Winter",TRUE,5.77,0,41,"Urban - Medium Density",FALSE
2089,30,12,8,2023-01-31,TRUE,5,"Banana","All Seasons",TRUE,10.29,82.32,49,"Urban - High Density",FALSE
2090,1778,48,5,2023-05-16,TRUE,3,"Blueberry","Winter",TRUE,0.78,3.9,55,"Urban - Medium Density",FALSE
2091,135,17,7,2023-10-17,TRUE,4,"Pea","All Seasons",TRUE,-2.07,-14.49,69,"Urban - High Density",FALSE
2092,1907,49,3,2023-05-10,TRUE,7,"Cherry","Summer",NA,1.84,5.52,29,"Urban - High Density",FALSE
2093,754,11,6,2023-01-12,TRUE,1,"Strawberry","Summer",TRUE,5.35,32.1,29,"Rural",TRUE
2094,1141,9,3,2023-11-02,TRUE,2,"Onion","Unknown",TRUE,5.01,15.03,51,"Urban - Medium Density",FALSE
2095,541,18,8,2023-01-19,TRUE,3,"Apple","All Seasons",TRUE,14.07,112.56,24,"Urban - Medium Density",TRUE
2096,1515,18,2,2023-04-26,TRUE,6,"Apple","All Seasons",TRUE,14.07,28.14,73,"Urban - High Density",FALSE
2097,1134,25,4,2023-10-31,TRUE,3,"Broccoli","All Seasons",TRUE,3.11,12.44,52,"Urban - High Density",TRUE
2098,862,38,9,2023-10-14,TRUE,-2,"Apricot","Summer",TRUE,8.8,79.2,33,"Urban - Medium Density",TRUE
2099,298,3,4,2023-09-01,TRUE,3,"Raspberry","Unknown",FALSE,10.26,41.04,31,"Urban - High Density",TRUE
2100,1015,7,5,2023-10-06,TRUE,50,"Lettuce","Unknown",TRUE,8.68,43.4,29,"Rural",TRUE
2101,324,4,10,2023-06-25,TRUE,5,"Watermelon","Unknown",TRUE,12.08,120.8,21,"",TRUE
2102,837,19,9,2023-10-06,TRUE,6,"Banana","Winter",TRUE,-0.17,-1.53,120,"Urban - High Density",TRUE
2103,1127,24,3,2023-07-12,TRUE,5,"Asparagus","Winter",FALSE,2.01,6.03,69,"Rural",TRUE
2104,1619,16,6,2023-06-27,TRUE,50,"Chestnut","Summer",TRUE,3.39,20.34,26,"Urban - Medium Density",TRUE
2105,1214,35,1,2023-09-20,TRUE,50,"Hazelnut","All Seasons",TRUE,6.96,6.96,51,"Urban - High Density",TRUE
2106,1045,43,4,2023-10-30,TRUE,7,"Pear","Unknown",TRUE,4.62,18.48,5,"Urban - Medium Density",TRUE
2107,1404,21,7,2023-08-07,TRUE,1,"Sweet Potato","All Seasons",TRUE,12.3,86.1,61,"Urban - Medium Density",FALSE
2108,1172,41,2,2023-08-25,FALSE,6,"Strawberry","Summer",TRUE,4.94,9.88,40,"Urban - High Density",TRUE
2109,1993,48,1,2023-04-11,TRUE,50,"Blueberry","Winter",TRUE,0.78,0.78,32,"Urban - High Density",TRUE
2110,1912,50,7,2023-08-07,TRUE,7,"Sweet Potato","Unknown",FALSE,1.01,7.07,58,"Rural",FALSE
2111,1083,12,8,2023-09-30,TRUE,7,"Banana","All Seasons",TRUE,10.29,82.32,63,"Urban - High Density",NA
2112,24,5,-3,2023-07-06,TRUE,2,"Apricot","Summer",FALSE,10.18,-30.54,75,"Rural",TRUE
2113,1450,36,8,2023-09-13,TRUE,7,"Raspberry","Summer",TRUE,5.87,46.96,72,"Urban - High Density",TRUE
2114,1507,38,-3,2023-03-10,TRUE,1,"Apricot","Summer",TRUE,8.8,-26.4,25,"Urban - High Density",TRUE
2115,1803,30,4,2023-03-06,TRUE,-2,"Lychee","All Seasons",TRUE,1.21,4.84,74,"Urban - High Density",FALSE
2116,1602,42,-3,2023-11-07,TRUE,1,"Pomegranate","Winter",TRUE,10.95,-32.85,27,"Urban - Medium Density",TRUE
2117,645,33,2,2023-02-13,TRUE,4,"Banana","All Seasons",TRUE,13.25,26.5,73,"Rural",TRUE
2118,1582,29,3,2023-04-06,TRUE,1,"Orange","Summer",FALSE,9.07,27.21,35,"Urban - High Density",TRUE
2119,1470,48,8,2023-12-30,TRUE,3,"Blueberry","Winter",TRUE,0.78,6.24,120,"Urban - High Density",FALSE
2120,519,43,1,2023-04-27,FALSE,3,"Pear","Unknown",TRUE,4.62,4.62,44,"Urban - Medium Density",TRUE
2121,1339,2,1,2023-11-22,TRUE,4,"Grape","Unknown",TRUE,10.56,10.56,72,"Urban - Medium Density",TRUE
2122,304,6,0,2023-03-18,TRUE,2,"Walnut","Summer",TRUE,-3.25,0,77,"Urban - Medium Density",FALSE
2123,1556,26,3,2023-08-15,TRUE,50,"Mango","Summer",TRUE,-1.79,-5.37,29,"Unknown",FALSE
2124,1406,25,1,2023-10-17,TRUE,6,"Broccoli","All Seasons",TRUE,3.11,3.11,48,"Urban - High Density",FALSE
2125,944,43,2,2023-03-09,TRUE,50,"Pear","Unknown",TRUE,4.62,9.24,36,"Urban - High Density",TRUE
2126,1704,41,10,2023-06-24,TRUE,2,"Strawberry","Summer",TRUE,4.94,49.4,38,"Urban - High Density",TRUE
2127,1209,11,7,2023-12-04,TRUE,1,"Strawberry","Summer",TRUE,5.35,37.45,75,"Urban - Medium Density",TRUE
2128,467,38,-3,2023-12-04,TRUE,7,"Apricot","Summer",TRUE,8.8,-26.4,79,"Urban - High Density",TRUE
2129,373,30,5,2023-08-18,TRUE,50,"Lychee","All Seasons",TRUE,1.21,6.05,45,"Urban - High Density",TRUE
2130,483,41,3,2023-03-14,TRUE,1,"Strawberry","Summer",TRUE,4.94,14.82,36,"Urban - High Density",TRUE
2131,260,24,4,2023-07-25,TRUE,5,"Asparagus","Winter",FALSE,2.01,8.04,57,"Urban - High Density",TRUE
2132,1044,18,9,2023-02-16,FALSE,5,"Apple","All Seasons",TRUE,14.07,126.63,47,"Unknown",FALSE
2133,1302,34,7,2023-05-25,TRUE,2,"Celery","Winter",TRUE,5.77,40.39,19,"Urban - High Density",TRUE
2134,1063,43,4,2023-07-15,TRUE,-2,"Pear","Unknown",TRUE,4.62,18.48,65,"Rural",TRUE
2135,751,37,-3,2023-02-02,TRUE,-2,"Radish","Unknown",TRUE,7.32,-21.96,58,"Urban - High Density",TRUE
2136,134,49,8,2023-09-25,TRUE,5,"Cherry","Summer",NA,1.84,14.72,68,"Urban - High Density",FALSE
2137,1836,35,3,2023-11-02,TRUE,2,"Hazelnut","All Seasons",TRUE,6.96,20.88,40,"Urban - High Density",FALSE
2138,502,6,0,2023-10-14,TRUE,4,"Walnut","Summer",TRUE,-3.25,0,34,"Urban - High Density",FALSE
2139,1422,5,1,2023-12-29,TRUE,4,"Apricot","Summer",FALSE,10.18,10.18,66,"Urban - High Density",TRUE
2140,1210,19,4,2023-11-27,TRUE,7,"Banana","Winter",TRUE,-0.17,-0.68,50,"Urban - High Density",TRUE
2141,1778,10,-3,2023-08-14,TRUE,2,"Blueberry","Summer",FALSE,4.44,-13.32,55,"Urban - Medium Density",FALSE
2142,906,10,7,2023-02-17,TRUE,3,"Blueberry","Summer",FALSE,4.44,31.08,32,"Urban - Medium Density",TRUE
2143,747,45,1,2023-05-15,TRUE,1,"Apricot","All Seasons",TRUE,7.43,7.43,21,"Rural",FALSE
2144,1188,45,4,2023-05-27,TRUE,4,"Apricot","All Seasons",TRUE,7.43,29.72,23,"Urban - High Density",TRUE
2145,884,4,2,2023-12-27,TRUE,-2,"Watermelon","Unknown",TRUE,12.08,24.16,24,"Rural",TRUE
2146,778,2,10,2023-05-27,TRUE,3,"Grape","Unknown",TRUE,10.56,105.6,71,"Urban - Medium Density",TRUE
2147,1271,40,0,2023-06-23,TRUE,50,"Orange","Winter",FALSE,3.87,0,31,"Urban - Medium Density",FALSE
2148,1193,39,3,2023-09-30,TRUE,4,"Mango","All Seasons",TRUE,10.84,32.52,54,"Urban - High Density",TRUE
2149,16,19,4,2023-07-13,TRUE,4,"Banana","Winter",TRUE,-0.17,-0.68,58,"",TRUE
2150,1997,39,2,2023-08-12,TRUE,6,"Mango","All Seasons",TRUE,10.84,21.68,26,"Urban - Medium Density",TRUE
2151,691,39,1,2023-01-24,TRUE,1,"Mango","All Seasons",TRUE,10.84,10.84,47,"Urban - High Density",NA
2152,807,49,10,2023-02-26,TRUE,50,"Cherry","Summer",NA,1.84,18.4,30,"Urban - Medium Density",FALSE
2153,1412,32,5,2023-10-18,TRUE,7,"Raspberry","All Seasons",TRUE,12.49,62.45,79,"Urban - Medium Density",FALSE
2154,624,3,1,2023-05-17,TRUE,4,"Raspberry","Unknown",FALSE,10.26,10.26,49,"Rural",FALSE
2155,1796,46,-3,2023-10-30,TRUE,1,"Chestnut","All Seasons",TRUE,-4.08,12.24,54,"Urban - Medium Density",TRUE
2156,733,47,4,2023-10-22,TRUE,6,"Mango","Summer",FALSE,2.32,9.28,75,"Urban - Medium Density",TRUE
2157,1544,25,5,2023-05-15,TRUE,5,"Broccoli","All Seasons",TRUE,3.11,15.55,5,"Urban - High Density",NA
2158,1453,32,5,2023-07-02,TRUE,-2,"Raspberry","All Seasons",TRUE,12.49,62.45,60,"Urban - Medium Density",TRUE
2159,251,5,0,2023-08-16,FALSE,50,"Apricot","Summer",FALSE,10.18,0,21,"Rural",FALSE
2160,1303,5,1,2023-12-08,TRUE,-2,"Apricot","Summer",FALSE,10.18,10.18,25,"Urban - High Density",TRUE
2161,937,2,8,2023-02-19,TRUE,1,"Grape","Unknown",TRUE,10.56,84.48,45,"Urban - High Density",NA
2162,898,28,7,2023-07-06,TRUE,4,"Raspberry","Unknown",TRUE,14.97,104.79,50,"Urban - High Density",TRUE
2163,606,13,-3,2023-10-18,TRUE,5,"Cucumber","All Seasons",NA,8.17,-24.51,70,"Unknown",FALSE
2164,986,41,7,2023-04-19,TRUE,5,"Strawberry","Summer",TRUE,4.94,34.58,53,"Urban - High Density",TRUE
2165,1287,39,3,2023-05-15,TRUE,3,"Mango","All Seasons",TRUE,10.84,32.52,64,"Urban - High Density",TRUE
2166,1731,24,10,2023-02-17,TRUE,4,"Asparagus","Winter",FALSE,2.01,20.1,57,"",FALSE
2167,249,2,6,2023-03-27,TRUE,6,"Grape","Unknown",TRUE,10.56,63.36,62,"Urban - Medium Density",FALSE
2168,1512,33,5,2023-10-28,TRUE,7,"Banana","All Seasons",TRUE,13.25,66.25,65,"Urban - Medium Density",TRUE
2169,1930,19,9,2023-11-07,TRUE,50,"Banana","Winter",TRUE,-0.17,-1.53,46,"Urban - Medium Density",TRUE
2170,1786,20,4,2023-12-16,TRUE,1,"Corn","All Seasons",TRUE,12.25,49,76,"Rural",TRUE
2171,479,46,1,2023-02-22,TRUE,3,"Chestnut","All Seasons",TRUE,-4.08,-4.08,24,"Urban - Medium Density",TRUE
2172,1109,31,8,2023-06-23,TRUE,-2,"Chestnut","All Seasons",NA,0.13,1.04,76,"Urban - High Density",TRUE
2173,1531,29,1,2023-12-05,TRUE,3,"Orange","Summer",FALSE,9.07,9.07,58,"Urban - High Density",TRUE
2174,697,13,3,2023-12-28,TRUE,2,"Cucumber","All Seasons",NA,8.17,24.51,70,"Urban - High Density",TRUE
2175,554,42,9,2023-08-16,FALSE,3,"Pomegranate","Winter",TRUE,10.95,98.55,69,"Urban - Medium Density",TRUE
2176,190,9,2,2023-12-31,TRUE,2,"Onion","Unknown",TRUE,5.01,10.02,64,"Urban - High Density",TRUE
2177,902,13,3,2023-11-21,TRUE,7,"Cucumber","All Seasons",NA,8.17,24.51,68,"Urban - High Density",TRUE
2178,1171,46,5,2023-05-23,TRUE,7,"Chestnut","All Seasons",TRUE,-4.08,-20.4,77,"Urban - High Density",NA
2179,967,12,1,2023-11-08,TRUE,6,"Banana","All Seasons",TRUE,10.29,10.29,62,"Rural",TRUE
2180,1375,30,-3,2023-03-30,TRUE,5,"Lychee","All Seasons",TRUE,1.21,-3.63,35,"Urban - High Density",TRUE
2181,15,35,6,2023-03-12,TRUE,3,"Hazelnut","All Seasons",TRUE,6.96,41.76,51,"Urban - Medium Density",TRUE
2182,1833,16,3,2023-02-09,TRUE,7,"Chestnut","Summer",TRUE,3.39,10.17,30,"Urban - High Density",FALSE
2183,1299,44,2,2023-01-11,FALSE,50,"Apple","Summer",TRUE,9.24,18.48,54,"Urban - Medium Density",TRUE
2184,673,35,2,2023-07-29,FALSE,2,"Hazelnut","All Seasons",TRUE,6.96,13.92,37,"Urban - High Density",FALSE
2185,243,14,6,2023-11-18,TRUE,5,"Fig","Summer",TRUE,3.67,22.02,43,"Urban - High Density",FALSE
2186,90,27,9,NA,TRUE,4,"Peach","Winter",TRUE,13.88,124.92,71,"Urban - High Density",TRUE
2187,523,36,3,2023-02-03,TRUE,-2,"Raspberry","Summer",TRUE,5.87,17.61,77,"Urban - High Density",FALSE
2188,822,7,6,2023-05-15,NA,3,"Lettuce","Unknown",TRUE,8.68,52.08,44,"Urban - High Density",NA
2189,961,1,4,2023-05-08,TRUE,4,"Strawberry","Unknown",TRUE,4.42,17.68,56,"Urban - High Density",TRUE
2190,1224,36,7,2023-03-16,TRUE,4,"Raspberry","Summer",TRUE,5.87,41.09,63,"Urban - High Density",TRUE
2191,850,30,3,2023-06-20,TRUE,6,"Lychee","All Seasons",TRUE,1.21,3.63,76,"Urban - High Density",FALSE
2192,1742,3,0,2023-09-14,TRUE,6,"Raspberry","Unknown",FALSE,10.26,0,58,"Urban - High Density",TRUE
2193,931,24,7,2023-05-07,TRUE,2,"Asparagus","Winter",FALSE,2.01,14.07,34,"Urban - Medium Density",FALSE
2194,1076,39,9,2023-02-04,TRUE,2,"Mango","All Seasons",TRUE,10.84,97.56,47,"",TRUE
2195,552,47,-3,2023-02-05,TRUE,6,"Mango","Summer",FALSE,2.32,-6.96,26,"Urban - High Density",FALSE
2196,918,14,9,2023-03-17,TRUE,3,"Fig","Summer",TRUE,3.67,33.03,74,"Urban - Medium Density",NA
2197,1879,29,6,2023-04-14,TRUE,-2,"Orange","Summer",FALSE,9.07,54.42,48,"Urban - High Density",FALSE
2198,1849,2,2,2023-11-01,TRUE,4,"Grape","Unknown",TRUE,10.56,21.12,72,"Urban - Medium Density",TRUE
2199,552,49,3,2023-07-18,NA,3,"Cherry","Summer",NA,1.84,5.52,26,"Urban - High Density",FALSE
2200,983,46,8,2023-06-14,TRUE,4,"Chestnut","All Seasons",TRUE,-4.08,-32.64,40,"Rural",TRUE
2201,1101,3,2,2023-07-31,TRUE,50,"Raspberry","Unknown",FALSE,10.26,20.52,75,"Rural",TRUE
2202,1211,2,-3,2023-09-11,TRUE,3,"Grape","Unknown",TRUE,10.56,-31.68,57,"Unknown",FALSE
2203,829,27,7,2023-03-06,TRUE,6,"Peach","Winter",TRUE,13.88,97.16,59,"Urban - High Density",TRUE
2204,406,26,4,2023-08-02,TRUE,3,"Mango","Summer",TRUE,-1.79,-7.16,28,"Urban - High Density",TRUE
2205,935,16,-3,2023-10-10,TRUE,1,"Chestnut","Summer",TRUE,3.39,-10.17,31,"Urban - Medium Density",FALSE
2206,672,40,-3,2023-04-06,TRUE,4,"Orange","Winter",FALSE,3.87,-11.61,26,"Unknown",NA
2207,117,8,5,2023-04-07,TRUE,-2,"Garlic","Winter",TRUE,3.66,18.3,55,"Urban - High Density",FALSE
2208,184,28,9,2023-12-21,TRUE,3,"Raspberry","Unknown",TRUE,14.97,134.73,32,"Urban - High Density",FALSE
2209,1538,2,-3,2023-08-19,TRUE,2,"Grape","Unknown",TRUE,10.56,-31.68,74,"Urban - High Density",TRUE
2210,111,18,3,2023-10-01,TRUE,3,"Apple","All Seasons",TRUE,14.07,42.21,47,"Urban - Medium Density",FALSE
2211,1092,7,0,2023-05-07,TRUE,50,"Lettuce","Unknown",TRUE,8.68,0,43,"Urban - Medium Density",TRUE
2212,670,47,3,NA,TRUE,6,"Mango","Summer",FALSE,2.32,6.96,45,"Urban - Medium Density",FALSE
2213,1341,31,10,2023-07-03,TRUE,7,"Chestnut","All Seasons",NA,0.13,1.3,23,"Urban - Medium Density",FALSE
2214,1777,20,1,2023-10-24,TRUE,50,"Corn","All Seasons",TRUE,12.25,12.25,53,"Urban - Medium Density",TRUE
2215,1182,47,1,2023-01-21,TRUE,50,"Mango","Summer",FALSE,2.32,2.32,49,"Urban - Medium Density",TRUE
2216,18,12,6,2023-11-04,TRUE,7,"Banana","All Seasons",TRUE,10.29,61.74,47,"Urban - High Density",FALSE
2217,1935,45,2,2023-05-07,FALSE,5,"Apricot","All Seasons",TRUE,7.43,14.86,23,"Urban - High Density",TRUE
2218,64,5,1,2023-01-15,TRUE,3,"Apricot","Summer",FALSE,10.18,10.18,65,"Urban - Medium Density",FALSE
2219,288,10,6,2023-09-28,TRUE,7,"Blueberry","Summer",FALSE,4.44,26.64,37,"Rural",TRUE
2220,1337,29,7,2023-02-08,TRUE,7,"Orange","Summer",FALSE,9.07,63.49,64,"Urban - Medium Density",FALSE
2221,1179,4,4,2023-07-24,TRUE,50,"Watermelon","Unknown",TRUE,12.08,48.32,28,"Urban - Medium Density",FALSE
2222,1397,24,6,2023-06-21,TRUE,50,"Asparagus","Winter",FALSE,2.01,12.06,37,"Urban - High Density",TRUE
2223,1751,36,3,2023-02-11,TRUE,2,"Raspberry","Summer",TRUE,5.87,17.61,44,"Urban - High Density",FALSE
2224,1630,28,2,2023-07-23,TRUE,5,"Raspberry","Unknown",TRUE,14.97,29.94,42,"Urban - Medium Density",FALSE
2225,788,42,9,2023-03-11,TRUE,50,"Pomegranate","Winter",TRUE,10.95,98.55,37,"Urban - High Density",FALSE
2226,1616,3,10,2023-03-27,TRUE,7,"Raspberry","Unknown",FALSE,10.26,102.6,35,"Urban - High Density",FALSE
2227,945,33,7,2023-09-08,FALSE,1,"Banana","All Seasons",TRUE,13.25,92.75,73,"Urban - High Density",FALSE
2228,104,34,8,2023-11-17,TRUE,50,"Celery","Winter",TRUE,5.77,46.16,74,"Urban - High Density",NA
2229,774,13,0,2023-07-07,TRUE,1,"Cucumber","All Seasons",NA,8.17,0,41,"Rural",TRUE
2230,874,46,6,2023-10-13,TRUE,6,"Chestnut","All Seasons",TRUE,-4.08,-24.48,5,"Urban - Medium Density",TRUE
2231,1236,19,2,2023-11-14,TRUE,3,"Banana","Winter",TRUE,-0.17,-0.34,68,"Urban - Medium Density",TRUE
2232,1131,11,7,2023-10-01,TRUE,-2,"Strawberry","Summer",TRUE,5.35,37.45,48,"Rural",TRUE
2233,896,8,6,2023-08-01,TRUE,50,"Garlic","Winter",TRUE,3.66,21.96,19,"Urban - High Density",TRUE
2234,1605,46,2,2023-02-13,TRUE,4,"Chestnut","All Seasons",TRUE,-4.08,-8.16,51,"Urban - Medium Density",TRUE
2235,887,39,9,2023-01-23,TRUE,50,"Mango","All Seasons",TRUE,10.84,97.56,75,"Urban - Medium Density",TRUE
2236,833,7,2,2023-10-09,TRUE,3,"Lettuce","Unknown",TRUE,8.68,17.36,78,"Urban - Medium Density",TRUE
2237,1290,16,8,2023-06-09,TRUE,3,"Chestnut","Summer",TRUE,3.39,27.12,29,"Urban - High Density",TRUE
2238,902,7,10,2023-03-17,TRUE,50,"Lettuce","Unknown",TRUE,8.68,86.8,68,"Urban - High Density",TRUE
2239,383,22,10,2023-06-08,TRUE,50,"Green Bean","All Seasons",FALSE,-4.21,-42.1,54,"Rural",FALSE
2240,1445,23,-3,2023-10-01,TRUE,3,"Corn","Winter",FALSE,1.53,-4.59,24,"Urban - High Density",FALSE
2241,1756,42,10,2023-07-02,TRUE,1,"Pomegranate","Winter",TRUE,10.95,109.5,73,"Urban - Medium Density",TRUE
2242,203,17,9,2023-03-19,TRUE,50,"Pea","All Seasons",TRUE,-2.07,-18.63,24,"Rural",TRUE
2243,1651,7,6,2023-02-12,TRUE,7,"Lettuce","Unknown",TRUE,8.68,52.08,66,"Rural",FALSE
2244,935,15,-3,2023-08-20,FALSE,3,"Cabbage","All Seasons",FALSE,3.34,-10.02,31,"Urban - Medium Density",FALSE
2245,1516,42,0,2023-02-20,TRUE,5,"Pomegranate","Winter",TRUE,10.95,0,70,"Urban - Medium Density",TRUE
2246,1324,43,3,2023-07-10,TRUE,6,"Pear","Unknown",TRUE,4.62,13.86,55,"Rural",TRUE
2247,213,10,7,2023-07-22,TRUE,3,"Blueberry","Summer",FALSE,4.44,31.08,52,"Urban - High Density",FALSE
2248,658,2,7,2023-03-15,TRUE,1,"Grape","Unknown",TRUE,10.56,73.92,28,"Rural",FALSE
2249,1436,16,5,2023-01-07,TRUE,50,"Chestnut","Summer",TRUE,3.39,16.95,39,"Urban - Medium Density",TRUE
2250,1026,26,9,2023-11-23,TRUE,3,"Mango","Summer",TRUE,-1.79,-16.11,74,"Urban - Medium Density",FALSE
2251,930,4,3,2023-12-25,TRUE,1,"Watermelon","Unknown",TRUE,12.08,36.24,53,"Rural",TRUE
2252,1369,36,6,2023-03-15,TRUE,3,"Raspberry","Summer",TRUE,5.87,35.22,67,"Urban - High Density",FALSE
2253,1089,14,8,2023-08-11,TRUE,4,"Fig","Summer",TRUE,3.67,29.36,75,"Urban - High Density",TRUE
2254,1302,39,7,2023-09-01,TRUE,1,"Mango","All Seasons",TRUE,10.84,75.88,19,"Urban - High Density",TRUE
2255,676,2,7,2023-01-15,TRUE,6,"Grape","Unknown",TRUE,10.56,73.92,77,"Rural",FALSE
2256,1404,35,7,2023-06-04,TRUE,4,"Hazelnut","All Seasons",TRUE,6.96,48.72,61,"Urban - Medium Density",FALSE
2257,906,27,3,2023-12-01,TRUE,6,"Peach","Winter",TRUE,13.88,41.64,32,"Urban - Medium Density",TRUE
2258,93,35,6,2023-10-11,TRUE,50,"Hazelnut","All Seasons",TRUE,6.96,41.76,55,"Urban - Medium Density",FALSE
2259,1485,16,0,2023-02-11,TRUE,50,"Chestnut","Summer",TRUE,3.39,0,74,"Rural",TRUE
2260,1541,31,2,2023-12-19,TRUE,5,"Chestnut","All Seasons",NA,0.13,0.26,35,"Urban - High Density",TRUE
2261,215,12,2,2023-12-27,FALSE,-2,"Banana","All Seasons",TRUE,10.29,20.58,27,"Urban - High Density",TRUE
2262,180,2,0,2023-10-21,TRUE,5,"Grape","Unknown",TRUE,10.56,0,78,"Urban - Medium Density",TRUE
2263,1197,23,2,2023-09-16,TRUE,50,"Corn","Winter",FALSE,1.53,3.06,34,"Urban - High Density",FALSE
2264,927,48,2,2023-03-24,TRUE,6,"Blueberry","Winter",TRUE,0.78,1.56,42,"Urban - High Density",FALSE
2265,1086,31,5,2023-07-01,TRUE,6,"Chestnut","All Seasons",NA,0.13,0.65,76,"Urban - High Density",TRUE
2266,922,49,1,2023-03-13,TRUE,3,"Cherry","Summer",NA,1.84,1.84,19,"Urban - High Density",TRUE
2267,1237,28,6,2023-07-09,FALSE,1,"Raspberry","Unknown",TRUE,14.97,89.82,46,"Urban - High Density",TRUE
2268,909,20,2,2023-09-10,TRUE,1,"Corn","All Seasons",TRUE,12.25,24.5,26,"Urban - High Density",FALSE
2269,26,5,10,2023-06-05,TRUE,2,"Apricot","Summer",FALSE,10.18,101.8,22,"Rural",TRUE
2270,371,33,8,2023-01-11,TRUE,-2,"Banana","All Seasons",TRUE,13.25,106,39,"Urban - High Density",TRUE
2271,1846,35,4,2023-02-02,TRUE,4,"Hazelnut","All Seasons",TRUE,6.96,27.84,58,"Rural",FALSE
2272,902,42,3,2023-12-24,TRUE,2,"Pomegranate","Winter",TRUE,10.95,32.85,68,"Urban - High Density",TRUE
2273,1384,15,4,2023-10-19,TRUE,50,"Cabbage","All Seasons",FALSE,3.34,13.36,20,"Urban - Medium Density",TRUE
2274,13,30,5,2023-09-18,TRUE,-2,"Lychee","All Seasons",TRUE,1.21,6.05,57,"Urban - Medium Density",FALSE
2275,33,1,1,2023-12-26,TRUE,2,"Strawberry","Unknown",TRUE,4.42,4.42,40,"Urban - High Density",TRUE
2276,432,18,9,2023-01-02,TRUE,5,"Apple","All Seasons",TRUE,14.07,126.63,34,"Urban - Medium Density",TRUE
2277,1799,9,1,2023-06-17,TRUE,7,"Onion","Unknown",TRUE,5.01,5.01,39,"Rural",TRUE
2278,1153,46,10,2023-10-03,TRUE,50,"Chestnut","All Seasons",TRUE,-4.08,-40.8,26,"Rural",FALSE
2279,1393,47,9,2023-06-01,TRUE,7,"Mango","Summer",FALSE,2.32,20.88,43,"Urban - High Density",FALSE
2280,466,42,0,2023-01-09,TRUE,4,"Pomegranate","Winter",TRUE,10.95,0,25,"Urban - Medium Density",FALSE
2281,1398,47,8,2023-04-16,TRUE,50,"Mango","Summer",FALSE,2.32,18.56,21,"Urban - Medium Density",TRUE
2282,544,43,0,2023-10-27,TRUE,1,"Pear","Unknown",TRUE,4.62,0,23,"Rural",FALSE
2283,1816,20,8,2023-11-01,TRUE,3,"Corn","All Seasons",TRUE,12.25,98,62,"Urban - High Density",TRUE
2284,1387,43,3,2023-05-15,TRUE,5,"Pear","Unknown",TRUE,4.62,13.86,26,"Urban - High Density",TRUE
2285,1421,19,10,2023-04-24,TRUE,4,"Banana","Winter",TRUE,-0.17,-1.7,65,"Urban - High Density",FALSE
2286,837,11,4,2023-08-30,TRUE,-2,"Strawberry","Summer",TRUE,5.35,21.4,120,"Urban - High Density",TRUE
2287,1264,25,9,2023-02-15,TRUE,4,"Broccoli","All Seasons",TRUE,3.11,27.99,39,"Urban - High Density",TRUE
2288,287,39,10,2023-10-16,TRUE,4,"Mango","All Seasons",TRUE,10.84,108.4,67,"Urban - High Density",TRUE
2289,935,46,3,2023-10-03,TRUE,50,"Chestnut","All Seasons",TRUE,-4.08,-12.24,31,"Urban - Medium Density",FALSE
2290,1478,43,7,2023-04-20,TRUE,2,"Pear","Unknown",TRUE,4.62,32.34,78,"Urban - Medium Density",TRUE
2291,1603,5,3,2023-11-15,TRUE,-2,"Apricot","Summer",FALSE,10.18,30.54,48,"Urban - Medium Density",TRUE
2292,290,12,-3,2023-05-26,TRUE,3,"Banana","All Seasons",TRUE,10.29,-30.87,54,"Urban - High Density",TRUE
2293,628,30,2,2023-07-22,TRUE,50,"Lychee","All Seasons",TRUE,1.21,2.42,44,"Urban - High Density",NA
2294,1398,19,3,2023-05-15,TRUE,4,"Banana","Winter",TRUE,-0.17,-0.51,21,"Urban - Medium Density",TRUE
2295,1075,6,3,2023-11-07,TRUE,4,"Walnut","Summer",TRUE,-3.25,-9.75,48,"Rural",FALSE
2296,273,47,-3,2023-03-11,NA,50,"Mango","Summer",FALSE,2.32,-6.96,21,"Rural",FALSE
2297,569,23,0,2023-09-20,TRUE,4,"Corn","Winter",FALSE,1.53,0,54,"Urban - High Density",TRUE
2298,478,16,10,2023-08-02,TRUE,5,"Chestnut","Summer",TRUE,3.39,33.9,62,"Urban - Medium Density",FALSE
2299,1024,31,9,2023-09-01,TRUE,1,"Chestnut","All Seasons",NA,0.13,1.17,27,"",FALSE
2300,588,5,5,2023-10-03,TRUE,6,"Apricot","Summer",FALSE,10.18,50.9,31,"Rural",TRUE
2301,1750,14,6,2023-08-07,TRUE,2,"Fig","Summer",TRUE,3.67,22.02,47,"Urban - High Density",TRUE
2302,905,37,9,2023-05-01,TRUE,4,"Radish","Unknown",TRUE,7.32,65.88,20,"Rural",TRUE
2303,1472,32,8,2023-03-15,TRUE,1,"Raspberry","All Seasons",TRUE,12.49,99.92,56,"Urban - High Density",NA
2304,1333,49,-3,2023-01-14,FALSE,7,"Cherry","Summer",NA,1.84,-5.52,78,"Urban - Medium Density",TRUE
2305,211,4,-3,2023-03-07,TRUE,50,"Watermelon","Unknown",TRUE,12.08,-36.24,58,"Urban - High Density",TRUE
2306,1580,11,10,2023-03-09,TRUE,50,"Strawberry","Summer",TRUE,5.35,53.5,18,"Rural",FALSE
2307,1813,21,10,2023-02-25,TRUE,5,"Sweet Potato","All Seasons",TRUE,12.3,123,65,"Urban - Medium Density",FALSE
2308,739,4,10,2023-05-01,TRUE,6,"Watermelon","Unknown",TRUE,12.08,120.8,48,"Urban - High Density",TRUE
2309,1232,6,2,2023-02-04,TRUE,1,"Walnut","Summer",TRUE,-3.25,-6.5,23,"Urban - Medium Density",TRUE
2310,625,42,4,2023-03-18,TRUE,7,"Pomegranate","Winter",TRUE,10.95,43.8,78,"Urban - High Density",NA
2311,359,1,10,2023-07-12,TRUE,1,"Strawberry","Unknown",TRUE,4.42,44.2,73,"Urban - Medium Density",FALSE
2312,1554,5,8,2023-01-21,TRUE,3,"Apricot","Summer",FALSE,10.18,81.44,68,"Urban - Medium Density",FALSE
2313,569,40,9,2023-01-31,TRUE,6,"Orange","Winter",FALSE,3.87,34.83,54,"Urban - High Density",TRUE
2314,728,8,4,2023-02-13,TRUE,7,"Garlic","Winter",TRUE,3.66,14.64,36,"Urban - Medium Density",FALSE
2315,1802,39,-3,2023-02-08,TRUE,-2,"Mango","All Seasons",TRUE,10.84,-32.52,56,"Urban - High Density",TRUE
2316,731,28,8,2023-03-19,TRUE,2,"Raspberry","Unknown",TRUE,14.97,119.76,62,"Rural",TRUE
2317,1556,21,0,2023-11-23,TRUE,3,"Sweet Potato","All Seasons",TRUE,12.3,0,29,"Unknown",FALSE
2318,999,20,4,2023-02-02,TRUE,4,"Corn","All Seasons",TRUE,12.25,49,42,"Urban - High Density",FALSE
2319,921,22,4,2023-03-18,TRUE,5,"Green Bean","All Seasons",FALSE,-4.21,-16.84,26,"Urban - High Density",TRUE
2320,1044,44,3,2023-01-23,TRUE,3,"Apple","Summer",TRUE,9.24,27.72,47,"Unknown",FALSE
2321,1319,19,8,2023-06-08,TRUE,5,"Banana","Winter",TRUE,-0.17,-1.36,120,"Urban - Medium Density",TRUE
2322,1517,8,4,2023-09-14,TRUE,3,"Garlic","Winter",TRUE,3.66,14.64,34,"Urban - High Density",TRUE
2323,1551,6,7,2023-11-19,TRUE,-2,"Walnut","Summer",TRUE,-3.25,-22.75,63,"Urban - High Density",TRUE
2324,918,9,8,2023-05-29,TRUE,50,"Onion","Unknown",TRUE,5.01,40.08,74,"Urban - Medium Density",NA
2325,1673,31,-3,2023-01-17,TRUE,7,"Chestnut","All Seasons",NA,0.13,-0.39,52,"",FALSE
2326,1748,44,5,2023-06-13,TRUE,7,"Apple","Summer",TRUE,9.24,46.2,74,"Urban - Medium Density",TRUE
2327,320,22,5,2023-06-30,TRUE,50,"Green Bean","All Seasons",FALSE,-4.21,-21.05,72,"Urban - Medium Density",TRUE
2328,10,45,6,2023-07-04,TRUE,50,"Apricot","All Seasons",TRUE,7.43,44.58,24,"Urban - High Density",TRUE
2329,1136,14,0,2023-07-13,TRUE,6,"Fig","Summer",TRUE,3.67,0,62,"Urban - High Density",TRUE
2330,1057,41,10,2023-06-24,TRUE,-2,"Strawberry","Summer",TRUE,4.94,49.4,28,"Urban - High Density",FALSE
2331,381,14,1,2023-08-12,TRUE,50,"Fig","Summer",TRUE,3.67,3.67,23,"Urban - Medium Density",NA
2332,1739,15,1,2023-05-22,TRUE,50,"Cabbage","All Seasons",FALSE,3.34,3.34,79,"Urban - High Density",FALSE
2333,967,13,6,2023-11-28,TRUE,1,"Cucumber","All Seasons",NA,8.17,49.02,62,"Rural",TRUE
2334,1062,14,5,2023-12-28,TRUE,4,"Fig","Summer",TRUE,3.67,18.35,32,"Rural",FALSE
2335,1097,48,-3,2023-05-06,TRUE,50,"Blueberry","Winter",TRUE,0.78,-2.34,56,"Urban - High Density",FALSE
2336,759,44,9,2023-08-17,TRUE,50,"Apple","Summer",TRUE,9.24,83.16,27,"Rural",FALSE
2337,1675,16,10,2023-04-21,TRUE,5,"Chestnut","Summer",TRUE,3.39,33.9,60,"Urban - High Density",FALSE
2338,1345,9,5,2023-11-19,TRUE,-2,"Onion","Unknown",TRUE,5.01,25.05,49,"Urban - High Density",TRUE
2339,436,41,1,2023-03-28,TRUE,4,"Strawberry","Summer",TRUE,4.94,4.94,38,"Urban - High Density",TRUE
2340,741,2,2,2023-06-23,TRUE,5,"Grape","Unknown",TRUE,10.56,21.12,20,"Urban - High Density",TRUE
2341,1273,30,7,2023-05-15,TRUE,5,"Lychee","All Seasons",TRUE,1.21,8.47,72,"Urban - Medium Density",TRUE
2342,1984,42,4,2023-11-14,TRUE,4,"Pomegranate","Winter",TRUE,10.95,43.8,32,"Urban - High Density",TRUE
2343,545,28,1,2023-11-05,TRUE,3,"Raspberry","Unknown",TRUE,14.97,14.97,80,"Urban - High Density",FALSE
2344,242,21,2,2023-11-07,TRUE,6,"Sweet Potato","All Seasons",TRUE,12.3,24.6,48,"Urban - High Density",FALSE
2345,1690,36,3,2023-12-21,TRUE,1,"Raspberry","Summer",TRUE,5.87,17.61,77,"Urban - High Density",TRUE
2346,1492,32,4,2023-06-02,TRUE,4,"Raspberry","All Seasons",TRUE,12.49,49.96,55,"Rural",TRUE
2347,1112,27,8,2023-10-27,FALSE,-2,"Peach","Winter",TRUE,13.88,111.04,52,"Urban - High Density",TRUE
2348,1443,43,0,2023-07-25,TRUE,3,"Pear","Unknown",TRUE,4.62,0,62,"Urban - High Density",FALSE
2349,114,1,7,2023-03-15,TRUE,7,"Strawberry","Unknown",TRUE,4.42,30.94,29,"Urban - High Density",TRUE
2350,422,16,4,2023-07-08,TRUE,4,"Chestnut","Summer",TRUE,3.39,13.56,43,"Urban - Medium Density",TRUE
2351,123,38,6,2023-08-11,TRUE,5,"Apricot","Summer",TRUE,8.8,52.8,73,"Urban - High Density",TRUE
2352,449,29,3,2023-04-15,TRUE,7,"Orange","Summer",FALSE,9.07,27.21,67,"Unknown",NA
2353,1788,40,4,2023-05-22,TRUE,7,"Orange","Winter",FALSE,3.87,15.48,48,"Urban - High Density",TRUE
2354,1414,29,3,2023-10-05,TRUE,50,"Orange","Summer",FALSE,9.07,27.21,32,"Urban - High Density",FALSE
2355,1938,5,-3,2023-03-05,TRUE,50,"Apricot","Summer",FALSE,10.18,-30.54,60,"Urban - Medium Density",TRUE
2356,1824,4,1,2023-05-01,TRUE,50,"Watermelon","Unknown",TRUE,12.08,12.08,41,"",TRUE
2357,1422,6,6,2023-09-27,TRUE,3,"Walnut","Summer",TRUE,-3.25,-19.5,66,"Urban - High Density",TRUE
2358,1147,22,9,2023-08-11,TRUE,1,"Green Bean","All Seasons",FALSE,-4.21,-37.89,69,"Urban - Medium Density",FALSE
2359,1151,23,7,2023-07-24,TRUE,7,"Corn","Winter",FALSE,1.53,10.71,43,"Urban - Medium Density",FALSE
2360,13,7,7,2023-02-05,TRUE,7,"Lettuce","Unknown",TRUE,8.68,60.76,57,"Urban - Medium Density",FALSE
2361,937,18,4,2023-12-12,TRUE,1,"Apple","All Seasons",TRUE,14.07,56.28,45,"Urban - High Density",NA
2362,181,38,0,2023-03-15,TRUE,1,"Apricot","Summer",TRUE,8.8,0,68,"Urban - High Density",FALSE
2363,1975,34,3,2023-11-17,TRUE,3,"Celery","Winter",TRUE,5.77,17.31,42,"Urban - High Density",TRUE
2364,342,20,10,2023-12-05,TRUE,2,"Corn","All Seasons",TRUE,12.25,122.5,53,"Urban - High Density",TRUE
2365,1176,44,6,2023-04-28,TRUE,-2,"Apple","Summer",TRUE,9.24,55.44,27,"Urban - High Density",TRUE
2366,221,34,7,2023-04-13,TRUE,50,"Celery","Winter",TRUE,5.77,40.39,57,"Urban - Medium Density",NA
2367,225,29,2,2023-07-26,TRUE,6,"Orange","Summer",FALSE,9.07,18.14,28,"Urban - Medium Density",TRUE
2368,1896,25,6,2023-07-27,TRUE,-2,"Broccoli","All Seasons",TRUE,3.11,18.66,46,"Rural",FALSE
2369,1864,32,2,2023-11-25,TRUE,-2,"Raspberry","All Seasons",TRUE,12.49,24.98,21,"Rural",FALSE
2370,438,27,4,2023-09-16,TRUE,6,"Peach","Winter",TRUE,13.88,55.52,78,"Rural",FALSE
2371,1266,4,5,2023-10-12,TRUE,5,"Watermelon","Unknown",TRUE,12.08,60.4,49,"Urban - High Density",TRUE
2372,1843,30,3,2023-09-17,TRUE,2,"Lychee","All Seasons",TRUE,1.21,3.63,60,"Rural",TRUE
2373,1033,12,2,2023-02-02,TRUE,3,"Banana","All Seasons",TRUE,10.29,20.58,44,"Urban - High Density",TRUE
2374,730,44,7,2023-11-24,TRUE,50,"Apple","Summer",TRUE,9.24,64.68,60,"Urban - Medium Density",FALSE
2375,1324,49,3,2023-03-18,TRUE,1,"Cherry","Summer",NA,1.84,5.52,55,"Rural",TRUE
2376,205,15,0,2023-01-10,TRUE,4,"Cabbage","All Seasons",FALSE,3.34,0,54,"Urban - Medium Density",TRUE
2377,97,30,0,2023-09-19,TRUE,-2,"Lychee","All Seasons",TRUE,1.21,0,63,"Rural",TRUE
2378,185,7,10,2023-10-18,FALSE,5,"Lettuce","Unknown",TRUE,8.68,86.8,120,"Urban - High Density",FALSE
2379,187,44,9,2023-11-07,TRUE,1,"Apple","Summer",TRUE,9.24,83.16,120,"Urban - Medium Density",FALSE
2380,275,28,1,2023-01-08,TRUE,-2,"Raspberry","Unknown",TRUE,14.97,14.97,42,"Urban - High Density",TRUE
2381,1842,15,9,2023-10-27,TRUE,3,"Cabbage","All Seasons",FALSE,3.34,30.06,54,"Urban - High Density",TRUE
2382,712,13,8,2023-07-01,TRUE,6,"Cucumber","All Seasons",NA,8.17,65.36,52,"Urban - High Density",TRUE
2383,722,30,8,2023-03-05,FALSE,-2,"Lychee","All Seasons",TRUE,1.21,9.68,80,"Urban - Medium Density",FALSE
2384,1320,4,-3,2023-08-11,TRUE,4,"Watermelon","Unknown",TRUE,12.08,-36.24,28,"Urban - Medium Density",TRUE
2385,22,24,0,2023-08-01,FALSE,50,"Asparagus","Winter",FALSE,2.01,0,38,"Urban - High Density",FALSE
2386,1736,20,9,2023-09-03,TRUE,2,"Corn","All Seasons",TRUE,12.25,110.25,49,"Rural",FALSE
2387,506,36,7,2023-07-29,TRUE,6,"Raspberry","Summer",TRUE,5.87,41.09,42,"Rural",TRUE
2388,1563,42,-3,2023-07-29,TRUE,7,"Pomegranate","Winter",TRUE,10.95,-32.85,25,"Urban - High Density",TRUE
2389,1000,43,5,2023-06-15,TRUE,7,"Pear","Unknown",TRUE,4.62,23.1,27,"Urban - Medium Density",FALSE
2390,117,21,1,2023-10-14,TRUE,4,"Sweet Potato","All Seasons",TRUE,12.3,12.3,55,"Urban - High Density",FALSE
2391,1066,17,-3,2023-05-02,TRUE,3,"Pea","All Seasons",TRUE,-2.07,6.21,73,"Rural",TRUE
2392,925,9,0,2023-09-12,TRUE,-2,"Onion","Unknown",TRUE,5.01,0,29,"Unknown",FALSE
2393,1662,1,9,2023-07-24,TRUE,5,"Strawberry","Unknown",TRUE,4.42,39.78,35,"Urban - High Density",TRUE
2394,1925,14,3,2023-12-31,TRUE,50,"Fig","Summer",TRUE,3.67,11.01,67,"Unknown",TRUE
2395,1498,2,-3,2023-08-10,TRUE,4,"Grape","Unknown",TRUE,10.56,-31.68,33,"Urban - Medium Density",FALSE
2396,532,49,6,2023-06-07,TRUE,3,"Cherry","Summer",NA,1.84,11.04,38,"Urban - Medium Density",TRUE
2397,1395,27,3,2023-06-30,TRUE,5,"Peach","Winter",TRUE,13.88,41.64,19,"Urban - High Density",TRUE
2398,198,47,2,2023-11-19,TRUE,-2,"Mango","Summer",FALSE,2.32,4.64,79,"Urban - Medium Density",FALSE
2399,1119,22,4,2023-02-23,TRUE,2,"Green Bean","All Seasons",FALSE,-4.21,-16.84,60,"Urban - Medium Density",FALSE
2400,1740,40,2,2023-02-28,TRUE,2,"Orange","Winter",FALSE,3.87,7.74,80,"Urban - Medium Density",TRUE
2401,165,7,10,2023-01-09,TRUE,50,"Lettuce","Unknown",TRUE,8.68,86.8,48,"Urban - High Density",FALSE
2402,1076,29,8,2023-07-22,TRUE,6,"Orange","Summer",FALSE,9.07,72.56,47,"",TRUE
2403,1149,33,10,2023-08-05,TRUE,5,"Banana","All Seasons",TRUE,13.25,132.5,51,"Urban - Medium Density",TRUE
2404,1730,35,9,2023-11-10,TRUE,1,"Hazelnut","All Seasons",TRUE,6.96,62.64,56,"Urban - High Density",TRUE
2405,987,43,2,2023-04-20,FALSE,3,"Pear","Unknown",TRUE,4.62,9.24,19,"Urban - Medium Density",TRUE
2406,335,7,2,2023-07-19,FALSE,50,"Lettuce","Unknown",TRUE,8.68,17.36,78,"Urban - High Density",FALSE
2407,1159,19,-3,2023-08-24,TRUE,1,"Banana","Winter",TRUE,-0.17,0.51,19,"Urban - High Density",FALSE
2408,1998,22,1,2023-08-11,TRUE,-2,"Green Bean","All Seasons",FALSE,-4.21,-4.21,35,"Urban - High Density",FALSE
2409,783,30,9,2023-11-20,TRUE,6,"Lychee","All Seasons",TRUE,1.21,10.89,25,"Urban - High Density",FALSE
2410,143,21,8,2023-02-20,TRUE,4,"Sweet Potato","All Seasons",TRUE,12.3,98.4,39,"Rural",TRUE
2411,451,30,0,2023-04-11,TRUE,4,"Lychee","All Seasons",TRUE,1.21,0,51,"Urban - Medium Density",FALSE
2412,1137,49,-3,2023-04-29,TRUE,5,"Cherry","Summer",NA,1.84,-5.52,52,"Urban - High Density",TRUE
2413,47,24,3,2023-04-10,NA,2,"Asparagus","Winter",FALSE,2.01,6.03,40,"Urban - Medium Density",TRUE
2414,1346,30,-3,2023-08-15,TRUE,3,"Lychee","All Seasons",TRUE,1.21,-3.63,42,"Urban - High Density",TRUE
2415,1794,28,9,2023-08-02,TRUE,4,"Raspberry","Unknown",TRUE,14.97,134.73,19,"Urban - Medium Density",FALSE
2416,1703,31,10,2023-01-03,TRUE,6,"Chestnut","All Seasons",NA,0.13,1.3,47,"Urban - High Density",FALSE
2417,1757,19,4,2023-04-08,TRUE,50,"Banana","Winter",TRUE,-0.17,-0.68,26,"Urban - Medium Density",TRUE
2418,1699,34,2,2023-01-10,TRUE,6,"Celery","Winter",TRUE,5.77,11.54,78,"",FALSE
2419,1839,35,10,2023-11-10,TRUE,5,"Hazelnut","All Seasons",TRUE,6.96,69.6,69,"Urban - High Density",FALSE
2420,567,6,4,2023-08-14,TRUE,7,"Walnut","Summer",TRUE,-3.25,-13,23,"Rural",TRUE
2421,1503,2,2,2023-08-04,TRUE,6,"Grape","Unknown",TRUE,10.56,21.12,43,"Urban - High Density",FALSE
2422,1816,33,10,2023-08-04,TRUE,7,"Banana","All Seasons",TRUE,13.25,132.5,62,"Urban - High Density",TRUE
2423,1627,31,8,2023-11-05,TRUE,6,"Chestnut","All Seasons",NA,0.13,1.04,78,"Urban - High Density",FALSE
2424,945,19,-3,2023-12-22,TRUE,6,"Banana","Winter",TRUE,-0.17,0.51,73,"Urban - High Density",FALSE
2425,1442,37,5,2023-10-02,FALSE,-2,"Radish","Unknown",TRUE,7.32,36.6,28,"Rural",TRUE
2426,529,42,9,2023-12-15,TRUE,4,"Pomegranate","Winter",TRUE,10.95,98.55,58,"Urban - High Density",FALSE
2427,1949,9,10,2023-07-11,TRUE,50,"Onion","Unknown",TRUE,5.01,50.1,36,"",FALSE
2428,182,21,2,2023-04-22,TRUE,4,"Sweet Potato","All Seasons",TRUE,12.3,24.6,68,"Rural",TRUE
2429,1017,10,9,2023-12-29,TRUE,2,"Blueberry","Summer",FALSE,4.44,39.96,25,"Urban - High Density",TRUE
2430,358,29,5,2023-02-23,TRUE,1,"Orange","Summer",FALSE,9.07,45.35,55,"Urban - High Density",TRUE
2431,1226,11,3,2023-12-31,TRUE,2,"Strawberry","Summer",TRUE,5.35,16.05,25,"Urban - High Density",NA
2432,1823,21,0,2023-06-11,TRUE,4,"Sweet Potato","All Seasons",TRUE,12.3,0,5,"Urban - High Density",TRUE
2433,1443,10,7,2023-06-29,TRUE,3,"Blueberry","Summer",FALSE,4.44,31.08,62,"Urban - High Density",FALSE
2434,1111,13,8,2023-12-21,TRUE,6,"Cucumber","All Seasons",NA,8.17,65.36,59,"Urban - High Density",TRUE
2435,373,18,10,2023-06-15,TRUE,1,"Apple","All Seasons",TRUE,14.07,140.7,45,"Urban - High Density",TRUE
2436,1197,49,5,2023-09-09,TRUE,4,"Cherry","Summer",NA,1.84,9.2,34,"Urban - High Density",FALSE
2437,1848,33,1,2023-06-19,TRUE,1,"Banana","All Seasons",TRUE,13.25,13.25,41,"Urban - Medium Density",TRUE
2438,1384,45,2,2023-07-21,TRUE,6,"Apricot","All Seasons",TRUE,7.43,14.86,20,"Urban - Medium Density",TRUE
2439,1589,13,8,2023-12-22,TRUE,6,"Cucumber","All Seasons",NA,8.17,65.36,73,"Urban - High Density",FALSE
2440,1910,43,7,2023-08-10,TRUE,6,"Pear","Unknown",TRUE,4.62,32.34,76,"Urban - Medium Density",NA
2441,1322,16,4,2023-12-28,TRUE,2,"Chestnut","Summer",TRUE,3.39,13.56,26,"Urban - Medium Density",TRUE
2442,1934,50,10,2023-05-03,TRUE,7,"Sweet Potato","Unknown",FALSE,1.01,10.1,5,"Urban - Medium Density",FALSE
2443,1492,9,2,2023-08-06,TRUE,1,"Onion","Unknown",TRUE,5.01,10.02,55,"Rural",TRUE
2444,1241,22,-3,2023-05-16,TRUE,1,"Green Bean","All Seasons",FALSE,-4.21,12.63,40,"Urban - Medium Density",TRUE
2445,129,15,10,2023-03-14,TRUE,4,"Cabbage","All Seasons",FALSE,3.34,33.4,41,"Rural",TRUE
2446,1153,32,8,2023-10-02,TRUE,4,"Raspberry","All Seasons",TRUE,12.49,99.92,26,"Rural",FALSE
2447,921,7,8,2023-01-26,TRUE,6,"Lettuce","Unknown",TRUE,8.68,69.44,26,"Urban - High Density",TRUE
2448,1195,32,4,2023-03-02,TRUE,7,"Raspberry","All Seasons",TRUE,12.49,49.96,51,"Urban - High Density",TRUE
2449,236,21,6,2023-01-15,TRUE,2,"Sweet Potato","All Seasons",TRUE,12.3,73.8,46,"Urban - Medium Density",NA
2450,814,17,-3,2023-12-03,TRUE,50,"Pea","All Seasons",TRUE,-2.07,6.21,50,"Urban - High Density",TRUE
2451,1562,47,9,2023-01-16,TRUE,1,"Mango","Summer",FALSE,2.32,20.88,35,"Urban - Medium Density",TRUE
2452,1222,23,7,2023-10-07,TRUE,7,"Corn","Winter",FALSE,1.53,10.71,30,"Rural",TRUE
2453,576,12,8,2023-12-20,TRUE,2,"Banana","All Seasons",TRUE,10.29,82.32,32,"Urban - High Density",FALSE
2454,795,15,2,2023-06-18,TRUE,4,"Cabbage","All Seasons",FALSE,3.34,6.68,49,"Rural",FALSE
2455,837,7,3,2023-09-11,TRUE,50,"Lettuce","Unknown",TRUE,8.68,26.04,120,"Urban - High Density",TRUE
2456,147,37,-3,2023-08-03,TRUE,50,"Radish","Unknown",TRUE,7.32,-21.96,21,"Rural",TRUE
2457,7,50,-3,2023-06-06,TRUE,7,"Sweet Potato","Unknown",FALSE,1.01,-3.03,29,"Urban - Medium Density",TRUE
2458,938,16,6,2023-03-21,FALSE,4,"Chestnut","Summer",TRUE,3.39,20.34,77,"Urban - High Density",FALSE
2459,380,34,5,2023-11-21,TRUE,4,"Celery","Winter",TRUE,5.77,28.85,60,"Urban - High Density",FALSE
2460,1527,12,8,2023-03-15,TRUE,7,"Banana","All Seasons",TRUE,10.29,82.32,28,"Rural",FALSE
2461,1700,37,1,2023-02-03,TRUE,1,"Radish","Unknown",TRUE,7.32,7.32,31,"Urban - Medium Density",TRUE
2462,1947,44,4,2023-10-19,TRUE,6,"Apple","Summer",TRUE,9.24,36.96,27,"Urban - Medium Density",FALSE
2463,351,3,10,2023-07-11,TRUE,50,"Raspberry","Unknown",FALSE,10.26,102.6,66,"Urban - Medium Density",TRUE
2464,445,16,4,2023-05-12,TRUE,5,"Chestnut","Summer",TRUE,3.39,13.56,26,"Urban - Medium Density",FALSE
2465,1261,9,9,2023-12-20,TRUE,6,"Onion","Unknown",TRUE,5.01,45.09,120,"Urban - High Density",TRUE
2466,1606,31,3,2023-08-01,FALSE,50,"Chestnut","All Seasons",NA,0.13,0.39,30,"Urban - Medium Density",TRUE
2467,168,14,-3,2023-03-28,TRUE,6,"Fig","Summer",TRUE,3.67,-11.01,40,"Urban - Medium Density",TRUE
2468,1112,29,0,2023-11-03,TRUE,5,"Orange","Summer",FALSE,9.07,0,52,"Urban - High Density",TRUE
2469,1761,13,10,2023-02-03,TRUE,4,"Cucumber","All Seasons",NA,8.17,81.7,50,"Urban - High Density",TRUE
2470,1262,3,8,2023-05-20,TRUE,5,"Raspberry","Unknown",FALSE,10.26,82.08,30,"Urban - High Density",TRUE
2471,1284,38,6,2023-06-23,TRUE,4,"Apricot","Summer",TRUE,8.8,52.8,53,"Urban - High Density",FALSE
2472,1070,21,0,2023-12-05,TRUE,4,"Sweet Potato","All Seasons",TRUE,12.3,0,33,"Urban - High Density",TRUE
2473,884,26,10,2023-03-11,TRUE,1,"Mango","Summer",TRUE,-1.79,-17.9,24,"Rural",TRUE
2474,1935,18,1,2023-05-02,TRUE,4,"Apple","All Seasons",TRUE,14.07,14.07,23,"Urban - High Density",TRUE
2475,926,3,10,2023-07-26,TRUE,4,"Raspberry","Unknown",FALSE,10.26,102.6,66,"Rural",FALSE
2476,1150,3,4,2023-03-11,FALSE,1,"Raspberry","Unknown",FALSE,10.26,41.04,61,"Rural",FALSE
2477,1125,25,10,2023-02-27,TRUE,7,"Broccoli","All Seasons",TRUE,3.11,31.1,66,"Urban - Medium Density",FALSE
2478,1522,20,6,2023-09-12,TRUE,50,"Corn","All Seasons",TRUE,12.25,73.5,56,"Urban - Medium Density",FALSE
2479,707,8,-3,2023-08-24,TRUE,3,"Garlic","Winter",TRUE,3.66,-10.98,44,"Urban - High Density",FALSE
2480,1040,37,4,2023-02-02,TRUE,5,"Radish","Unknown",TRUE,7.32,29.28,77,"Urban - High Density",NA
2481,222,13,7,2023-07-03,TRUE,7,"Cucumber","All Seasons",NA,8.17,57.19,55,"Urban - Medium Density",FALSE
2482,1384,33,-3,2023-06-27,TRUE,7,"Banana","All Seasons",TRUE,13.25,-39.75,20,"Urban - Medium Density",TRUE
2483,495,20,2,2023-12-15,TRUE,7,"Corn","All Seasons",TRUE,12.25,24.5,23,"Urban - High Density",TRUE
2484,843,30,7,2023-12-14,TRUE,7,"Lychee","All Seasons",TRUE,1.21,8.47,56,"Urban - High Density",FALSE
2485,691,48,5,2023-09-23,TRUE,3,"Blueberry","Winter",TRUE,0.78,3.9,47,"Urban - High Density",NA
2486,817,25,-3,2023-01-26,FALSE,6,"Broccoli","All Seasons",TRUE,3.11,-9.33,37,"Rural",FALSE
2487,365,16,1,2023-12-06,TRUE,5,"Chestnut","Summer",TRUE,3.39,3.39,71,"Urban - High Density",TRUE
2488,1012,17,9,2023-04-18,TRUE,4,"Pea","All Seasons",TRUE,-2.07,-18.63,26,"Urban - High Density",TRUE
2489,242,15,4,2023-01-07,TRUE,-2,"Cabbage","All Seasons",FALSE,3.34,13.36,48,"Urban - High Density",FALSE
2490,1448,50,1,2023-11-20,TRUE,3,"Sweet Potato","Unknown",FALSE,1.01,1.01,79,"Rural",FALSE
2491,1485,17,1,2023-08-29,TRUE,1,"Pea","All Seasons",TRUE,-2.07,-2.07,74,"Rural",TRUE
2492,964,5,3,2023-06-03,TRUE,1,"Apricot","Summer",FALSE,10.18,30.54,64,"Urban - High Density",TRUE
2493,1299,41,4,2023-01-04,TRUE,5,"Strawberry","Summer",TRUE,4.94,19.76,54,"Urban - Medium Density",TRUE
2494,1860,46,5,2023-12-04,TRUE,50,"Chestnut","All Seasons",TRUE,-4.08,-20.4,57,"Urban - High Density",TRUE
2495,56,45,-3,2023-12-26,TRUE,7,"Apricot","All Seasons",TRUE,7.43,-22.29,46,"Urban - Medium Density",TRUE
2496,1807,23,0,2023-11-30,TRUE,3,"Corn","Winter",FALSE,1.53,0,58,"Urban - High Density",TRUE
2497,1492,15,4,2023-11-10,TRUE,50,"Cabbage","All Seasons",FALSE,3.34,13.36,55,"Rural",TRUE
2498,963,11,1,2023-01-20,TRUE,50,"Strawberry","Summer",TRUE,5.35,5.35,50,"Urban - High Density",TRUE
2499,964,29,10,2023-11-20,TRUE,5,"Orange","Summer",FALSE,9.07,90.7,64,"Urban - High Density",TRUE
2500,882,41,0,2023-03-15,TRUE,5,"Strawberry","Summer",TRUE,4.94,0,48,"Urban - High Density",FALSE
2501,1382,36,0,2023-10-05,TRUE,7,"Raspberry","Summer",TRUE,5.87,0,20,"Rural",FALSE
2502,609,20,1,2023-02-27,TRUE,7,"Corn","All Seasons",TRUE,12.25,12.25,59,"Urban - High Density",FALSE
2503,593,49,-3,2023-01-28,TRUE,-2,"Cherry","Summer",NA,1.84,-5.52,28,"Urban - High Density",NA
2504,1279,34,1,2023-10-09,TRUE,-2,"Celery","Winter",TRUE,5.77,5.77,63,"Rural",TRUE
2505,1146,39,-3,2023-01-14,TRUE,2,"Mango","All Seasons",TRUE,10.84,-32.52,71,"Urban - High Density",TRUE
2506,21,1,-3,2023-02-09,TRUE,2,"Strawberry","Unknown",TRUE,4.42,-13.26,56,"Urban - High Density",FALSE
2507,1710,16,2,2023-07-03,TRUE,1,"Chestnut","Summer",TRUE,3.39,6.78,74,"Urban - High Density",TRUE
2508,1417,36,10,2023-01-05,TRUE,50,"Raspberry","Summer",TRUE,5.87,58.7,52,"Urban - Medium Density",FALSE
2509,914,17,6,2023-05-16,TRUE,5,"Pea","All Seasons",TRUE,-2.07,-12.42,25,"Urban - High Density",TRUE
2510,1979,49,2,2023-06-24,TRUE,2,"Cherry","Summer",NA,1.84,3.68,45,"Rural",NA
2511,1484,30,4,2023-06-12,TRUE,4,"Lychee","All Seasons",TRUE,1.21,4.84,63,"Urban - High Density",FALSE
2512,1171,3,8,2023-08-07,TRUE,1,"Raspberry","Unknown",FALSE,10.26,82.08,77,"Urban - High Density",NA
2513,1525,25,1,2023-01-24,TRUE,50,"Broccoli","All Seasons",TRUE,3.11,3.11,61,"Urban - High Density",FALSE
2514,1167,46,0,2023-02-02,TRUE,4,"Chestnut","All Seasons",TRUE,-4.08,0,31,"Urban - High Density",FALSE
2515,630,5,5,2023-04-20,TRUE,4,"Apricot","Summer",FALSE,10.18,50.9,49,"Urban - Medium Density",FALSE
2516,1599,6,2,2023-07-10,TRUE,7,"Walnut","Summer",TRUE,-3.25,-6.5,53,"Rural",TRUE
2517,945,46,3,2023-05-14,TRUE,1,"Chestnut","All Seasons",TRUE,-4.08,-12.24,73,"Urban - High Density",FALSE
2518,248,13,1,2023-12-07,TRUE,-2,"Cucumber","All Seasons",NA,8.17,8.17,65,"Urban - High Density",FALSE
2519,1766,46,0,2023-11-01,TRUE,2,"Chestnut","All Seasons",TRUE,-4.08,0,31,"Urban - High Density",FALSE
2520,963,11,4,2023-07-10,TRUE,3,"Strawberry","Summer",TRUE,5.35,21.4,50,"Urban - High Density",TRUE
2521,765,7,5,2023-07-02,TRUE,2,"Lettuce","Unknown",TRUE,8.68,43.4,23,"Urban - High Density",TRUE
2522,1579,39,-3,2023-05-23,TRUE,2,"Mango","All Seasons",TRUE,10.84,-32.52,22,"Urban - Medium Density",TRUE
2523,593,43,4,2023-09-19,TRUE,1,"Pear","Unknown",TRUE,4.62,18.48,28,"Urban - High Density",NA
2524,413,19,10,2023-10-14,TRUE,2,"Banana","Winter",TRUE,-0.17,-1.7,54,"Rural",TRUE
2525,1984,10,10,2023-05-22,TRUE,4,"Blueberry","Summer",FALSE,4.44,44.4,32,"Urban - High Density",TRUE
2526,909,18,10,2023-01-07,TRUE,3,"Apple","All Seasons",TRUE,14.07,140.7,26,"Urban - High Density",FALSE
2527,1244,17,7,2023-10-24,TRUE,7,"Pea","All Seasons",TRUE,-2.07,-14.49,78,"Urban - High Density",TRUE
2528,1980,38,10,2023-04-28,TRUE,-2,"Apricot","Summer",TRUE,8.8,88,52,"Rural",TRUE
2529,35,25,9,2023-01-11,TRUE,-2,"Broccoli","All Seasons",TRUE,3.11,27.99,36,"Urban - High Density",FALSE
2530,433,9,9,2023-01-18,TRUE,50,"Onion","Unknown",TRUE,5.01,45.09,50,"Urban - High Density",FALSE
2531,362,28,9,2023-02-03,TRUE,5,"Raspberry","Unknown",TRUE,14.97,134.73,55,"Urban - High Density",TRUE
2532,1326,3,4,2023-04-04,TRUE,-2,"Raspberry","Unknown",FALSE,10.26,41.04,20,"Urban - High Density",FALSE
2533,749,35,7,2023-08-05,TRUE,7,"Hazelnut","All Seasons",TRUE,6.96,48.72,61,"Urban - High Density",FALSE
2534,79,33,5,2023-07-16,FALSE,7,"Banana","All Seasons",TRUE,13.25,66.25,20,"Unknown",TRUE
2535,744,38,5,2023-05-08,NA,2,"Apricot","Summer",TRUE,8.8,44,52,"Urban - High Density",TRUE
2536,1185,41,4,2023-10-16,TRUE,7,"Strawberry","Summer",TRUE,4.94,19.76,29,"Urban - High Density",TRUE
2537,1498,14,-3,2023-10-06,TRUE,4,"Fig","Summer",TRUE,3.67,-11.01,33,"Urban - Medium Density",FALSE
2538,69,38,8,2023-04-24,TRUE,1,"Apricot","Summer",TRUE,8.8,70.4,69,"Urban - Medium Density",FALSE
2539,458,35,2,2023-08-02,TRUE,-2,"Hazelnut","All Seasons",TRUE,6.96,13.92,47,"Urban - Medium Density",FALSE
2540,234,49,2,2023-03-07,TRUE,-2,"Cherry","Summer",NA,1.84,3.68,34,"Rural",FALSE
2541,904,10,1,2023-11-28,TRUE,1,"Blueberry","Summer",FALSE,4.44,4.44,20,"Urban - Medium Density",TRUE
2542,1101,10,8,2023-01-17,TRUE,5,"Blueberry","Summer",FALSE,4.44,35.52,75,"Rural",TRUE
2543,1032,4,6,2023-09-28,TRUE,7,"Watermelon","Unknown",TRUE,12.08,72.48,68,"Urban - High Density",FALSE
2544,1123,24,6,2023-12-23,TRUE,1,"Asparagus","Winter",FALSE,2.01,12.06,25,"Urban - Medium Density",FALSE
2545,1735,26,7,2023-06-16,TRUE,7,"Mango","Summer",TRUE,-1.79,-12.53,19,"Urban - High Density",FALSE
2546,749,21,5,2023-05-13,TRUE,1,"Sweet Potato","All Seasons",TRUE,12.3,61.5,61,"Urban - High Density",FALSE
2547,1024,12,7,2023-08-15,TRUE,7,"Banana","All Seasons",TRUE,10.29,72.03,27,"",FALSE
2548,1746,27,3,2023-02-09,TRUE,4,"Peach","Winter",TRUE,13.88,41.64,32,"Urban - High Density",TRUE
2549,950,10,10,2023-07-26,TRUE,3,"Blueberry","Summer",FALSE,4.44,44.4,63,"Urban - High Density",FALSE
2550,1102,35,5,2023-06-24,TRUE,7,"Hazelnut","All Seasons",TRUE,6.96,34.8,77,"Urban - High Density",TRUE
2551,357,49,4,2023-03-05,TRUE,7,"Cherry","Summer",NA,1.84,7.36,79,"Urban - High Density",TRUE
2552,776,50,5,2023-04-20,TRUE,2,"Sweet Potato","Unknown",FALSE,1.01,5.05,61,"Rural",TRUE
2553,381,15,2,2023-11-01,TRUE,4,"Cabbage","All Seasons",FALSE,3.34,6.68,23,"Urban - Medium Density",NA
2554,18,37,6,2023-09-28,TRUE,-2,"Radish","Unknown",TRUE,7.32,43.92,47,"Urban - High Density",FALSE
2555,1199,48,7,2023-04-17,FALSE,1,"Blueberry","Winter",TRUE,0.78,5.46,72,"Urban - High Density",NA
2556,253,12,1,2023-09-21,TRUE,-2,"Banana","All Seasons",TRUE,10.29,10.29,34,"Urban - High Density",TRUE
2557,1200,32,10,2023-09-22,TRUE,6,"Raspberry","All Seasons",TRUE,12.49,124.9,63,"Urban - High Density",TRUE
2558,194,50,1,2023-09-24,TRUE,6,"Sweet Potato","Unknown",FALSE,1.01,1.01,28,"Rural",FALSE
2559,1116,35,7,2023-11-01,TRUE,50,"Hazelnut","All Seasons",TRUE,6.96,48.72,31,"Urban - Medium Density",FALSE
2560,1175,16,7,2023-06-10,TRUE,2,"Chestnut","Summer",TRUE,3.39,23.73,26,"Urban - High Density",TRUE
2561,466,13,-3,2023-07-16,TRUE,5,"Cucumber","All Seasons",NA,8.17,-24.51,25,"Urban - Medium Density",FALSE
2562,1883,6,6,2023-12-01,TRUE,4,"Walnut","Summer",TRUE,-3.25,-19.5,57,"Urban - Medium Density",FALSE
2563,1051,41,1,2023-01-30,TRUE,2,"Strawberry","Summer",TRUE,4.94,4.94,42,"Urban - Medium Density",TRUE
2564,244,7,7,2023-10-17,TRUE,4,"Lettuce","Unknown",TRUE,8.68,60.76,64,"Urban - High Density",TRUE
2565,1797,34,0,2023-07-16,TRUE,-2,"Celery","Winter",TRUE,5.77,0,28,"Urban - Medium Density",TRUE
2566,1768,3,10,2023-04-11,TRUE,6,"Raspberry","Unknown",FALSE,10.26,102.6,39,"Urban - High Density",TRUE
2567,544,28,2,2023-11-22,TRUE,3,"Raspberry","Unknown",TRUE,14.97,29.94,23,"Rural",FALSE
2568,1420,40,3,2023-06-30,TRUE,50,"Orange","Winter",FALSE,3.87,11.61,72,"Urban - Medium Density",TRUE
2569,1518,21,9,2023-05-17,TRUE,5,"Sweet Potato","All Seasons",TRUE,12.3,110.7,30,"Urban - High Density",TRUE
2570,246,45,10,2023-10-10,TRUE,-2,"Apricot","All Seasons",TRUE,7.43,74.3,68,"Urban - High Density",FALSE
2571,265,44,8,2023-10-25,TRUE,2,"Apple","Summer",TRUE,9.24,73.92,68,"Urban - High Density",FALSE
2572,1911,50,6,2023-05-28,TRUE,2,"Sweet Potato","Unknown",FALSE,1.01,6.06,50,"Urban - Medium Density",TRUE
2573,1213,18,7,2023-01-05,TRUE,50,"Apple","All Seasons",TRUE,14.07,98.49,30,"Rural",FALSE
2574,210,17,10,2023-08-12,TRUE,-2,"Pea","All Seasons",TRUE,-2.07,-20.7,56,"Urban - High Density",TRUE
2575,47,44,6,2023-09-28,TRUE,1,"Apple","Summer",TRUE,9.24,55.44,40,"Urban - Medium Density",TRUE
2576,1118,41,5,2023-04-22,TRUE,50,"Strawberry","Summer",TRUE,4.94,24.7,41,"Urban - High Density",TRUE
2577,329,15,10,2023-10-07,TRUE,7,"Cabbage","All Seasons",FALSE,3.34,33.4,64,"Unknown",TRUE
2578,1646,47,6,2023-01-09,TRUE,3,"Mango","Summer",FALSE,2.32,13.92,40,"Urban - High Density",TRUE
2579,625,33,-3,2023-06-28,FALSE,6,"Banana","All Seasons",TRUE,13.25,-39.75,78,"Urban - High Density",NA
2580,885,8,8,2023-11-07,TRUE,7,"Garlic","Winter",TRUE,3.66,29.28,46,"",FALSE
2581,266,38,10,2023-12-07,TRUE,50,"Apricot","Summer",TRUE,8.8,88,26,"Urban - High Density",TRUE
2582,622,49,3,2023-11-03,TRUE,5,"Cherry","Summer",NA,1.84,5.52,42,"Urban - Medium Density",TRUE
2583,1039,46,6,2023-11-13,TRUE,2,"Chestnut","All Seasons",TRUE,-4.08,-24.48,70,"Urban - High Density",TRUE
2584,877,19,6,2023-01-13,TRUE,3,"Banana","Winter",TRUE,-0.17,-1.02,50,"Urban - High Density",FALSE
2585,453,42,4,2023-09-30,TRUE,7,"Pomegranate","Winter",TRUE,10.95,43.8,22,"Urban - High Density",FALSE
2586,113,3,-3,2023-06-07,TRUE,2,"Raspberry","Unknown",FALSE,10.26,-30.78,60,"Urban - High Density",TRUE
2587,85,50,9,2023-05-15,TRUE,5,"Sweet Potato","Unknown",FALSE,1.01,9.09,51,"Urban - High Density",TRUE
2588,1815,32,4,2023-11-25,TRUE,50,"Raspberry","All Seasons",TRUE,12.49,49.96,43,"Rural",FALSE
2589,789,41,3,2023-08-30,TRUE,1,"Strawberry","Summer",TRUE,4.94,14.82,25,"Rural",TRUE
2590,189,42,4,2023-04-27,TRUE,1,"Pomegranate","Winter",TRUE,10.95,43.8,39,"Urban - High Density",FALSE
2591,461,16,1,2023-10-30,TRUE,2,"Chestnut","Summer",TRUE,3.39,3.39,46,"Rural",FALSE
2592,1578,43,5,2023-03-08,FALSE,50,"Pear","Unknown",TRUE,4.62,23.1,18,"Urban - High Density",TRUE
2593,1397,43,0,2023-08-12,TRUE,50,"Pear","Unknown",TRUE,4.62,0,37,"Urban - High Density",TRUE
2594,1753,50,6,2023-02-19,TRUE,50,"Sweet Potato","Unknown",FALSE,1.01,6.06,63,"Urban - High Density",TRUE
2595,491,41,4,2023-10-14,TRUE,5,"Strawberry","Summer",TRUE,4.94,19.76,75,"Urban - Medium Density",TRUE
2596,110,4,9,2023-12-05,TRUE,50,"Watermelon","Unknown",TRUE,12.08,108.72,59,"Urban - Medium Density",TRUE
2597,1237,34,1,2023-04-10,TRUE,50,"Celery","Winter",TRUE,5.77,5.77,46,"Urban - High Density",TRUE
2598,490,46,0,2023-11-06,TRUE,3,"Chestnut","All Seasons",TRUE,-4.08,0,26,"Urban - Medium Density",FALSE
2599,383,37,8,2023-03-20,TRUE,4,"Radish","Unknown",TRUE,7.32,58.56,54,"Rural",FALSE
2600,749,26,0,2023-12-01,TRUE,6,"Mango","Summer",TRUE,-1.79,0,61,"Urban - High Density",FALSE
2601,656,9,8,2023-07-23,TRUE,-2,"Onion","Unknown",TRUE,5.01,40.08,48,"Urban - High Density",TRUE
2602,1234,6,5,2023-02-27,TRUE,6,"Walnut","Summer",TRUE,-3.25,-16.25,63,"Urban - High Density",FALSE
2603,323,28,9,2023-02-28,TRUE,5,"Raspberry","Unknown",TRUE,14.97,134.73,70,"Urban - Medium Density",TRUE
2604,60,48,0,2023-02-12,TRUE,-2,"Blueberry","Winter",TRUE,0.78,0,38,"Urban - Medium Density",TRUE
2605,670,5,1,2023-01-20,TRUE,6,"Apricot","Summer",FALSE,10.18,10.18,45,"Urban - Medium Density",FALSE
2606,1635,41,4,2023-07-03,TRUE,-2,"Strawberry","Summer",TRUE,4.94,19.76,19,"Urban - High Density",TRUE
2607,874,2,3,2023-09-17,TRUE,3,"Grape","Unknown",TRUE,10.56,31.68,5,"Urban - Medium Density",TRUE
2608,970,22,-3,2023-08-17,TRUE,-2,"Green Bean","All Seasons",FALSE,-4.21,12.63,30,"Urban - Medium Density",TRUE
2609,135,8,0,2023-03-11,TRUE,4,"Garlic","Winter",TRUE,3.66,0,69,"Urban - High Density",FALSE
2610,1078,6,4,2023-06-03,TRUE,-2,"Walnut","Summer",TRUE,-3.25,-13,77,"Urban - High Density",TRUE
2611,1577,47,7,2023-06-02,TRUE,50,"Mango","Summer",FALSE,2.32,16.24,69,"Urban - Medium Density",TRUE
2612,1339,17,6,2023-01-21,FALSE,6,"Pea","All Seasons",TRUE,-2.07,-12.42,72,"Urban - Medium Density",TRUE
2613,246,48,6,2023-05-17,FALSE,6,"Blueberry","Winter",TRUE,0.78,4.68,68,"Urban - High Density",FALSE
2614,242,7,8,2023-06-24,TRUE,4,"Lettuce","Unknown",TRUE,8.68,69.44,48,"Urban - High Density",FALSE
2615,758,32,1,2023-08-15,TRUE,5,"Raspberry","All Seasons",TRUE,12.49,12.49,25,"Urban - Medium Density",FALSE
2616,1246,30,5,2023-06-11,TRUE,50,"Lychee","All Seasons",TRUE,1.21,6.05,30,"Urban - Medium Density",FALSE
2617,1313,11,7,2023-11-22,TRUE,50,"Strawberry","Summer",TRUE,5.35,37.45,69,"Urban - High Density",TRUE
2618,1203,30,2,2023-03-12,TRUE,-2,"Lychee","All Seasons",TRUE,1.21,2.42,120,"Urban - High Density",TRUE
2619,1117,10,1,2023-01-13,TRUE,2,"Blueberry","Summer",FALSE,4.44,4.44,71,"Urban - Medium Density",FALSE
2620,1975,18,5,2023-03-06,TRUE,5,"Apple","All Seasons",TRUE,14.07,70.35,42,"Urban - High Density",TRUE
2621,692,26,5,NA,TRUE,4,"Mango","Summer",TRUE,-1.79,-8.95,63,"Urban - Medium Density",TRUE
2622,391,10,-3,2023-09-08,TRUE,-2,"Blueberry","Summer",FALSE,4.44,-13.32,5,"Urban - Medium Density",TRUE
2623,738,12,8,2023-06-12,TRUE,5,"Banana","All Seasons",TRUE,10.29,82.32,53,"Urban - High Density",FALSE
2624,857,45,2,2023-11-11,TRUE,6,"Apricot","All Seasons",TRUE,7.43,14.86,26,"Urban - Medium Density",TRUE
2625,90,28,6,2023-02-05,TRUE,50,"Raspberry","Unknown",TRUE,14.97,89.82,71,"Urban - High Density",TRUE
2626,145,47,6,2023-12-08,TRUE,2,"Mango","Summer",FALSE,2.32,13.92,38,"Urban - High Density",TRUE
2627,1232,23,10,2023-06-06,TRUE,1,"Corn","Winter",FALSE,1.53,15.3,23,"Urban - Medium Density",TRUE
2628,849,12,-3,2023-03-04,TRUE,2,"Banana","All Seasons",TRUE,10.29,-30.87,32,"Rural",TRUE
2629,1362,24,10,2023-07-04,TRUE,-2,"Asparagus","Winter",FALSE,2.01,20.1,41,"Urban - High Density",TRUE
2630,665,15,4,2023-06-23,TRUE,3,"Cabbage","All Seasons",FALSE,3.34,13.36,71,"Urban - High Density",TRUE
2631,1388,2,2,2023-09-08,TRUE,3,"Grape","Unknown",TRUE,10.56,21.12,54,"Urban - Medium Density",TRUE
2632,218,44,8,2023-12-25,TRUE,50,"Apple","Summer",TRUE,9.24,73.92,45,"Urban - High Density",TRUE
2633,1169,44,5,2023-04-29,TRUE,6,"Apple","Summer",TRUE,9.24,46.2,44,"Urban - Medium Density",FALSE
2634,1047,12,10,2023-03-26,TRUE,2,"Banana","All Seasons",TRUE,10.29,102.9,25,"Urban - Medium Density",TRUE
2635,1693,6,9,2023-02-12,TRUE,-2,"Walnut","Summer",TRUE,-3.25,-29.25,52,"Urban - High Density",TRUE
2636,216,35,0,2023-11-30,TRUE,3,"Hazelnut","All Seasons",TRUE,6.96,0,36,"Urban - Medium Density",FALSE
2637,951,19,6,2023-03-05,TRUE,6,"Banana","Winter",TRUE,-0.17,-1.02,35,"Urban - Medium Density",TRUE
2638,250,27,0,2023-11-08,FALSE,50,"Peach","Winter",TRUE,13.88,0,66,"Urban - High Density",NA
2639,1067,13,3,2023-01-05,TRUE,3,"Cucumber","All Seasons",NA,8.17,24.51,62,"Urban - High Density",TRUE
2640,964,39,8,2023-08-19,TRUE,2,"Mango","All Seasons",TRUE,10.84,86.72,64,"Urban - High Density",TRUE
2641,1712,16,2,2023-04-24,TRUE,2,"Chestnut","Summer",TRUE,3.39,6.78,78,"Rural",TRUE
2642,1983,16,8,2023-06-26,TRUE,-2,"Chestnut","Summer",TRUE,3.39,27.12,74,"Urban - High Density",TRUE
2643,1736,5,2,2023-12-15,TRUE,2,"Apricot","Summer",FALSE,10.18,20.36,49,"Rural",FALSE
2644,1727,11,6,2023-07-22,TRUE,5,"Strawberry","Summer",TRUE,5.35,32.1,73,"Urban - High Density",FALSE
2645,1569,14,10,2023-05-16,TRUE,5,"Fig","Summer",TRUE,3.67,36.7,58,"Urban - Medium Density",TRUE
2646,1751,41,-3,2023-06-23,TRUE,1,"Strawberry","Summer",TRUE,4.94,-14.82,44,"Urban - High Density",FALSE
2647,538,48,8,2023-07-26,TRUE,50,"Blueberry","Winter",TRUE,0.78,6.24,46,"Urban - High Density",TRUE
2648,1995,20,10,2023-07-27,TRUE,4,"Corn","All Seasons",TRUE,12.25,122.5,33,"Urban - High Density",TRUE
2649,702,6,5,2023-02-09,TRUE,50,"Walnut","Summer",TRUE,-3.25,-16.25,50,"Urban - High Density",TRUE
2650,770,29,5,2023-03-12,TRUE,50,"Orange","Summer",FALSE,9.07,45.35,32,"Urban - High Density",TRUE
2651,1803,34,2,2023-09-08,TRUE,4,"Celery","Winter",TRUE,5.77,11.54,74,"Urban - High Density",FALSE
2652,1139,31,8,2023-01-23,TRUE,4,"Chestnut","All Seasons",NA,0.13,1.04,60,"Urban - Medium Density",TRUE
2653,863,22,10,2023-03-09,TRUE,7,"Green Bean","All Seasons",FALSE,-4.21,-42.1,39,"Urban - High Density",FALSE
2654,1590,45,9,2023-06-19,TRUE,4,"Apricot","All Seasons",TRUE,7.43,66.87,30,"Urban - High Density",TRUE
2655,1032,50,5,2023-10-22,TRUE,7,"Sweet Potato","Unknown",FALSE,1.01,5.05,68,"Urban - High Density",FALSE
2656,1733,15,-3,2023-07-01,TRUE,1,"Cabbage","All Seasons",FALSE,3.34,-10.02,38,"Unknown",FALSE
2657,144,28,0,2023-12-17,TRUE,6,"Raspberry","Unknown",TRUE,14.97,0,72,"Rural",FALSE
2658,1189,27,-3,2023-09-02,TRUE,4,"Peach","Winter",TRUE,13.88,-41.64,48,"Urban - Medium Density",NA
2659,10,2,8,2023-12-29,TRUE,6,"Grape","Unknown",TRUE,10.56,84.48,24,"Urban - High Density",TRUE
2660,583,50,7,2023-04-21,TRUE,5,"Sweet Potato","Unknown",FALSE,1.01,7.07,32,"Urban - High Density",TRUE
2661,1322,23,4,2023-07-28,TRUE,6,"Corn","Winter",FALSE,1.53,6.12,26,"Urban - Medium Density",TRUE
2662,1475,42,3,2023-09-05,TRUE,2,"Pomegranate","Winter",TRUE,10.95,32.85,29,"Urban - High Density",TRUE
2663,1804,28,6,2023-10-04,TRUE,6,"Raspberry","Unknown",TRUE,14.97,89.82,59,"Urban - High Density",FALSE
2664,1079,22,5,2023-10-09,FALSE,3,"Green Bean","All Seasons",FALSE,-4.21,-21.05,52,"Urban - Medium Density",TRUE
2665,1296,26,4,2023-07-30,TRUE,50,"Mango","Summer",TRUE,-1.79,-7.16,59,"Urban - High Density",TRUE
2666,451,14,1,2023-07-12,TRUE,50,"Fig","Summer",TRUE,3.67,3.67,51,"Urban - Medium Density",FALSE
2667,1594,8,0,2023-01-24,TRUE,1,"Garlic","Winter",TRUE,3.66,0,58,"Rural",TRUE
2668,438,22,1,2023-06-14,TRUE,50,"Green Bean","All Seasons",FALSE,-4.21,-4.21,78,"Rural",FALSE
2669,1707,26,2,2023-02-14,TRUE,5,"Mango","Summer",TRUE,-1.79,-3.58,31,"Urban - Medium Density",TRUE
2670,1965,37,-3,2023-09-03,TRUE,50,"Radish","Unknown",TRUE,7.32,-21.96,26,"Urban - High Density",TRUE
2671,276,19,3,2023-02-18,TRUE,50,"Banana","Winter",TRUE,-0.17,-0.51,43,"Rural",TRUE
2672,120,27,1,2023-05-01,TRUE,1,"Peach","Winter",TRUE,13.88,13.88,24,"Unknown",TRUE
2673,1029,3,5,2023-01-15,TRUE,5,"Raspberry","Unknown",FALSE,10.26,51.3,64,"Urban - High Density",TRUE
2674,1231,10,2,2023-06-29,TRUE,50,"Blueberry","Summer",FALSE,4.44,8.88,50,"Urban - High Density",FALSE
2675,386,12,1,2023-07-11,TRUE,3,"Banana","All Seasons",TRUE,10.29,10.29,43,"Urban - Medium Density",FALSE
2676,681,21,6,2023-04-15,TRUE,6,"Sweet Potato","All Seasons",TRUE,12.3,73.8,50,"Urban - Medium Density",TRUE
2677,417,10,10,2023-01-11,TRUE,5,"Blueberry","Summer",FALSE,4.44,44.4,63,"Urban - High Density",TRUE
2678,1510,12,9,2023-07-18,TRUE,-2,"Banana","All Seasons",TRUE,10.29,92.61,62,"Urban - Medium Density",NA
2679,1858,39,5,2023-05-22,TRUE,7,"Mango","All Seasons",TRUE,10.84,54.2,79,"Urban - High Density",TRUE
2680,1961,40,6,2024-01-01,TRUE,3,"Orange","Winter",FALSE,3.87,23.22,5,"Urban - High Density",TRUE
2681,697,46,0,2023-12-10,TRUE,6,"Chestnut","All Seasons",TRUE,-4.08,0,70,"Urban - High Density",TRUE
2682,1380,46,8,2023-09-08,TRUE,4,"Chestnut","All Seasons",TRUE,-4.08,-32.64,72,"Urban - High Density",TRUE
2683,619,30,10,2023-09-23,TRUE,2,"Lychee","All Seasons",TRUE,1.21,12.1,40,"Urban - High Density",FALSE
2684,721,4,9,2023-01-01,FALSE,2,"Watermelon","Unknown",TRUE,12.08,108.72,63,"Urban - High Density",FALSE
2685,1490,10,-3,2023-03-08,FALSE,7,"Blueberry","Summer",FALSE,4.44,-13.32,49,"Urban - High Density",FALSE
2686,802,47,4,2023-05-04,TRUE,2,"Mango","Summer",FALSE,2.32,9.28,52,"Urban - Medium Density",FALSE
2687,802,35,0,2023-06-10,TRUE,50,"Hazelnut","All Seasons",TRUE,6.96,0,52,"Urban - Medium Density",FALSE
2688,358,38,2,2023-02-20,TRUE,50,"Apricot","Summer",TRUE,8.8,17.6,55,"Urban - High Density",TRUE
2689,25,27,9,2023-09-11,TRUE,50,"Peach","Winter",TRUE,13.88,124.92,68,"Urban - Medium Density",TRUE
2690,29,33,8,2023-07-25,TRUE,2,"Banana","All Seasons",TRUE,13.25,106,53,"Rural",TRUE
2691,1199,29,6,2023-07-02,TRUE,3,"Orange","Summer",FALSE,9.07,54.42,72,"Urban - High Density",NA
2692,1001,40,2,2023-12-11,TRUE,3,"Orange","Winter",FALSE,3.87,7.74,64,"Urban - High Density",FALSE
2693,251,19,8,2023-09-09,TRUE,3,"Banana","Winter",TRUE,-0.17,-1.36,21,"Rural",FALSE
2694,1517,5,7,2023-05-25,TRUE,6,"Apricot","Summer",FALSE,10.18,71.26,34,"Urban - High Density",TRUE
2695,841,48,7,2023-03-30,TRUE,5,"Blueberry","Winter",TRUE,0.78,5.46,43,"Urban - Medium Density",FALSE
2696,1343,35,5,2023-08-01,TRUE,1,"Hazelnut","All Seasons",TRUE,6.96,34.8,19,"Urban - Medium Density",TRUE
2697,975,33,6,2023-06-28,TRUE,50,"Banana","All Seasons",TRUE,13.25,79.5,24,"Urban - Medium Density",FALSE
2698,1408,24,5,2023-09-08,TRUE,5,"Asparagus","Winter",FALSE,2.01,10.05,52,"Unknown",TRUE
2699,261,17,-3,2023-09-23,TRUE,-2,"Pea","All Seasons",TRUE,-2.07,6.21,39,"Urban - Medium Density",TRUE
2700,840,46,0,2023-09-14,TRUE,7,"Chestnut","All Seasons",TRUE,-4.08,0,63,"Rural",FALSE
2701,692,31,1,2023-04-23,TRUE,-2,"Chestnut","All Seasons",NA,0.13,0.13,63,"Urban - Medium Density",TRUE
2702,1141,27,3,2023-10-04,TRUE,-2,"Peach","Winter",TRUE,13.88,41.64,51,"Urban - Medium Density",FALSE
2703,1752,29,4,2023-10-05,TRUE,3,"Orange","Summer",FALSE,9.07,36.28,36,"Rural",TRUE
2704,1379,19,9,2023-05-16,TRUE,4,"Banana","Winter",TRUE,-0.17,-1.53,76,"Urban - Medium Density",FALSE
2705,1666,48,8,2023-12-05,TRUE,3,"Blueberry","Winter",TRUE,0.78,6.24,59,"Urban - Medium Density",FALSE
2706,435,40,6,2023-03-20,TRUE,3,"Orange","Winter",FALSE,3.87,23.22,76,"Urban - Medium Density",TRUE
2707,1171,2,4,2024-01-01,TRUE,4,"Grape","Unknown",TRUE,10.56,42.24,77,"Urban - High Density",NA
2708,1738,39,9,2023-03-06,TRUE,5,"Mango","All Seasons",TRUE,10.84,97.56,62,"Urban - Medium Density",TRUE
2709,113,14,3,2023-12-15,TRUE,50,"Fig","Summer",TRUE,3.67,11.01,60,"Urban - High Density",TRUE
2710,1478,50,3,2023-05-13,TRUE,50,"Sweet Potato","Unknown",FALSE,1.01,3.03,78,"Urban - Medium Density",TRUE
2711,119,18,3,2023-10-08,TRUE,-2,"Apple","All Seasons",TRUE,14.07,42.21,25,"Urban - High Density",TRUE
2712,1675,22,8,2023-01-26,TRUE,5,"Green Bean","All Seasons",FALSE,-4.21,-33.68,60,"Urban - High Density",FALSE
2713,452,44,7,2023-12-25,TRUE,2,"Apple","Summer",TRUE,9.24,64.68,18,"Urban - High Density",TRUE
2714,1907,14,10,2023-09-11,TRUE,50,"Fig","Summer",TRUE,3.67,36.7,29,"Urban - High Density",FALSE
2715,878,44,1,2023-03-30,TRUE,7,"Apple","Summer",TRUE,9.24,9.24,27,"Urban - High Density",TRUE
2716,1964,41,2,2023-10-15,TRUE,2,"Strawberry","Summer",TRUE,4.94,9.88,27,"Urban - Medium Density",NA
2717,897,13,0,2023-09-30,TRUE,1,"Cucumber","All Seasons",NA,8.17,0,66,"Urban - High Density",FALSE
2718,1795,20,10,2023-06-07,TRUE,3,"Corn","All Seasons",TRUE,12.25,122.5,53,"Urban - High Density",FALSE
2719,1916,42,2,2023-02-24,TRUE,4,"Pomegranate","Winter",TRUE,10.95,21.9,41,"Urban - High Density",FALSE
2720,1210,49,10,2023-11-25,FALSE,7,"Cherry","Summer",NA,1.84,18.4,50,"Urban - High Density",TRUE
2721,1817,40,6,2023-06-06,TRUE,3,"Orange","Winter",FALSE,3.87,23.22,44,"Urban - High Density",TRUE
2722,228,43,9,2023-03-29,TRUE,3,"Pear","Unknown",TRUE,4.62,41.58,56,"Urban - Medium Density",TRUE
2723,321,14,3,2023-05-02,TRUE,4,"Fig","Summer",TRUE,3.67,11.01,74,"Urban - High Density",FALSE
2724,650,36,-3,2023-04-28,TRUE,2,"Raspberry","Summer",TRUE,5.87,-17.61,63,"Rural",TRUE
2725,1752,41,5,2023-10-10,TRUE,5,"Strawberry","Summer",TRUE,4.94,24.7,36,"Rural",TRUE
2726,696,7,3,2023-06-05,TRUE,4,"Lettuce","Unknown",TRUE,8.68,26.04,50,"Urban - High Density",TRUE
2727,606,28,7,2023-07-23,TRUE,2,"Raspberry","Unknown",TRUE,14.97,104.79,70,"Unknown",FALSE
2728,1075,13,5,2023-05-20,TRUE,6,"Cucumber","All Seasons",NA,8.17,40.85,48,"Rural",FALSE
2729,609,39,-3,2023-04-05,TRUE,2,"Mango","All Seasons",TRUE,10.84,-32.52,59,"Urban - High Density",FALSE
2730,1866,7,4,2023-08-21,TRUE,50,"Lettuce","Unknown",TRUE,8.68,34.72,36,"Urban - Medium Density",TRUE
2731,438,35,0,2023-11-29,TRUE,3,"Hazelnut","All Seasons",TRUE,6.96,0,78,"Rural",FALSE
2732,1629,24,8,2023-01-03,FALSE,2,"Asparagus","Winter",FALSE,2.01,16.08,50,"Unknown",TRUE
2733,453,47,6,2023-04-23,TRUE,1,"Mango","Summer",FALSE,2.32,13.92,22,"Urban - High Density",FALSE
2734,283,4,10,2023-12-15,TRUE,2,"Watermelon","Unknown",TRUE,12.08,120.8,40,"Urban - High Density",TRUE
2735,650,9,4,2023-12-10,TRUE,1,"Onion","Unknown",TRUE,5.01,20.04,63,"Rural",TRUE
2736,139,49,10,2023-10-10,TRUE,4,"Cherry","Summer",NA,1.84,18.4,41,"Urban - Medium Density",TRUE
2737,980,6,0,2023-01-29,TRUE,7,"Walnut","Summer",TRUE,-3.25,0,38,"Urban - High Density",TRUE
2738,1549,6,1,2023-06-30,TRUE,-2,"Walnut","Summer",TRUE,-3.25,-3.25,57,"Urban - High Density",TRUE
2739,594,49,2,2023-11-30,TRUE,2,"Cherry","Summer",NA,1.84,3.68,51,"Rural",FALSE
2740,1213,36,0,2023-07-20,TRUE,50,"Raspberry","Summer",TRUE,5.87,0,30,"Rural",FALSE
2741,235,10,0,2023-04-08,TRUE,7,"Blueberry","Summer",FALSE,4.44,0,28,"Urban - High Density",TRUE
2742,873,18,-3,2023-07-19,NA,3,"Apple","All Seasons",TRUE,14.07,-42.21,41,"Urban - High Density",FALSE
2743,1761,43,-3,2023-04-30,TRUE,7,"Pear","Unknown",TRUE,4.62,-13.86,50,"Urban - High Density",TRUE
2744,1426,27,8,2023-03-14,TRUE,3,"Peach","Winter",TRUE,13.88,111.04,70,"Unknown",TRUE
2745,1715,12,6,2023-05-13,TRUE,1,"Banana","All Seasons",TRUE,10.29,61.74,53,"Urban - Medium Density",FALSE
2746,1001,7,-3,2023-03-25,TRUE,2,"Lettuce","Unknown",TRUE,8.68,-26.04,64,"Urban - High Density",FALSE
2747,1849,50,10,2023-09-24,TRUE,6,"Sweet Potato","Unknown",FALSE,1.01,10.1,72,"Urban - Medium Density",TRUE
2748,1361,16,5,2023-06-22,TRUE,1,"Chestnut","Summer",TRUE,3.39,16.95,36,"Urban - High Density",TRUE
2749,604,16,9,2023-03-04,TRUE,4,"Chestnut","Summer",TRUE,3.39,30.51,28,"Urban - High Density",TRUE
2750,1176,31,4,2023-04-20,TRUE,5,"Chestnut","All Seasons",NA,0.13,0.52,27,"Urban - High Density",TRUE
2751,1855,15,6,2023-01-04,TRUE,6,"Cabbage","All Seasons",FALSE,3.34,20.04,5,"Urban - Medium Density",TRUE
2752,1669,49,5,2023-09-03,TRUE,3,"Cherry","Summer",NA,1.84,9.2,22,"Urban - High Density",FALSE
2753,1281,35,0,2023-08-09,TRUE,50,"Hazelnut","All Seasons",TRUE,6.96,0,77,"Urban - High Density",TRUE
2754,245,34,8,2023-08-26,TRUE,5,"Celery","Winter",TRUE,5.77,46.16,27,"Urban - High Density",TRUE
2755,1832,14,0,2023-07-15,TRUE,3,"Fig","Summer",TRUE,3.67,0,33,"Rural",TRUE
2756,1008,43,6,2023-10-13,TRUE,3,"Pear","Unknown",TRUE,4.62,27.72,24,"Urban - High Density",TRUE
2757,805,44,7,2023-10-24,TRUE,2,"Apple","Summer",TRUE,9.24,64.68,80,"Urban - High Density",TRUE
2758,389,6,8,2023-01-18,TRUE,3,"Walnut","Summer",TRUE,-3.25,-26,56,"Rural",TRUE
2759,1943,29,-3,2023-12-30,TRUE,7,"Orange","Summer",FALSE,9.07,-27.21,21,"Urban - Medium Density",NA
2760,1451,5,-3,2023-06-28,TRUE,4,"Apricot","Summer",FALSE,10.18,-30.54,61,"Urban - High Density",TRUE
2761,334,31,2,2023-12-08,TRUE,-2,"Chestnut","All Seasons",NA,0.13,0.26,77,"Urban - Medium Density",TRUE
2762,1810,44,9,2023-12-25,TRUE,3,"Apple","Summer",TRUE,9.24,83.16,80,"Urban - High Density",TRUE
2763,1764,46,10,2023-10-06,TRUE,50,"Chestnut","All Seasons",TRUE,-4.08,-40.8,56,"Urban - High Density",TRUE
2764,1133,5,3,2023-07-31,TRUE,-2,"Apricot","Summer",FALSE,10.18,30.54,79,"Urban - High Density",TRUE
2765,532,8,3,2023-09-01,TRUE,7,"Garlic","Winter",TRUE,3.66,10.98,38,"Urban - Medium Density",TRUE
2766,1826,33,1,2023-02-04,TRUE,4,"Banana","All Seasons",TRUE,13.25,13.25,79,"Urban - Medium Density",FALSE
2767,167,50,10,2023-02-01,TRUE,5,"Sweet Potato","Unknown",FALSE,1.01,10.1,20,"Urban - High Density",TRUE
2768,464,10,5,2023-07-31,TRUE,-2,"Blueberry","Summer",FALSE,4.44,22.2,39,"Urban - High Density",TRUE
2769,178,42,2,2023-11-15,TRUE,7,"Pomegranate","Winter",TRUE,10.95,21.9,32,"Urban - Medium Density",FALSE
2770,1859,9,0,2023-04-08,TRUE,4,"Onion","Unknown",TRUE,5.01,0,65,"Urban - High Density",TRUE
2771,356,35,1,2023-12-29,TRUE,50,"Hazelnut","All Seasons",TRUE,6.96,6.96,49,"Urban - Medium Density",TRUE
2772,1821,16,1,2023-05-02,TRUE,5,"Chestnut","Summer",TRUE,3.39,3.39,51,"Urban - High Density",FALSE
2773,655,39,4,2023-02-15,TRUE,4,"Mango","All Seasons",TRUE,10.84,43.36,64,"Urban - Medium Density",TRUE
2774,753,37,5,2023-11-06,TRUE,4,"Radish","Unknown",TRUE,7.32,36.6,20,"Urban - Medium Density",FALSE
2775,1911,9,0,2023-03-16,TRUE,7,"Onion","Unknown",TRUE,5.01,0,50,"Urban - Medium Density",TRUE
2776,1792,12,1,2023-10-14,TRUE,2,"Banana","All Seasons",TRUE,10.29,10.29,21,"Urban - Medium Density",FALSE
2777,1761,2,3,2023-05-18,TRUE,50,"Grape","Unknown",TRUE,10.56,31.68,50,"Urban - High Density",TRUE
2778,95,18,7,2023-11-20,TRUE,4,"Apple","All Seasons",TRUE,14.07,98.49,31,"Urban - High Density",TRUE
2779,1995,7,7,2023-10-01,TRUE,4,"Lettuce","Unknown",TRUE,8.68,60.76,33,"Urban - High Density",TRUE
2780,1951,32,-3,2023-01-29,TRUE,-2,"Raspberry","All Seasons",TRUE,12.49,-37.47,33,"Urban - High Density",FALSE
2781,1899,13,6,2023-10-11,TRUE,50,"Cucumber","All Seasons",NA,8.17,49.02,26,"Urban - High Density",TRUE
2782,554,15,6,2023-07-22,TRUE,-2,"Cabbage","All Seasons",FALSE,3.34,20.04,69,"Urban - Medium Density",TRUE
2783,1027,14,1,2023-07-15,TRUE,2,"Fig","Summer",TRUE,3.67,3.67,61,"Urban - High Density",TRUE
2784,1327,30,7,2023-07-20,TRUE,7,"Lychee","All Seasons",TRUE,1.21,8.47,44,"Rural",FALSE
2785,913,10,3,2023-11-17,TRUE,6,"Blueberry","Summer",FALSE,4.44,13.32,79,"Rural",FALSE
2786,699,14,1,2023-10-03,TRUE,-2,"Fig","Summer",TRUE,3.67,3.67,39,"Urban - High Density",FALSE
2787,241,27,9,2023-05-04,TRUE,4,"Peach","Winter",TRUE,13.88,124.92,65,"Urban - Medium Density",FALSE
2788,1181,6,7,2023-04-22,FALSE,6,"Walnut","Summer",TRUE,-3.25,-22.75,51,"Urban - High Density",NA
2789,1465,21,4,2023-03-19,TRUE,7,"Sweet Potato","All Seasons",TRUE,12.3,49.2,43,"Urban - Medium Density",TRUE
2790,450,24,7,2023-05-10,TRUE,3,"Asparagus","Winter",FALSE,2.01,14.07,76,"Urban - High Density",NA
2791,267,6,8,2023-06-22,TRUE,50,"Walnut","Summer",TRUE,-3.25,-26,23,"Urban - Medium Density",FALSE
2792,420,7,9,2023-06-28,TRUE,6,"Lettuce","Unknown",TRUE,8.68,78.12,68,"Rural",FALSE
2793,1927,14,1,2023-02-02,TRUE,4,"Fig","Summer",TRUE,3.67,3.67,50,"Urban - High Density",FALSE
2794,84,21,10,2023-11-14,TRUE,7,"Sweet Potato","All Seasons",TRUE,12.3,123,70,"Urban - High Density",NA
2795,826,15,9,2023-09-20,TRUE,-2,"Cabbage","All Seasons",FALSE,3.34,30.06,66,"Urban - High Density",FALSE
2796,1359,27,7,2023-07-29,TRUE,6,"Peach","Winter",TRUE,13.88,97.16,62,"Urban - Medium Density",TRUE
2797,1656,28,1,2023-08-16,TRUE,1,"Raspberry","Unknown",TRUE,14.97,14.97,70,"Urban - High Density",FALSE
2798,1993,16,3,2023-08-23,TRUE,-2,"Chestnut","Summer",TRUE,3.39,10.17,32,"Urban - High Density",TRUE
2799,1583,43,-3,2023-05-07,TRUE,6,"Pear","Unknown",TRUE,4.62,-13.86,34,"Urban - High Density",TRUE
2800,825,40,4,2023-04-03,TRUE,7,"Orange","Winter",FALSE,3.87,15.48,35,"Urban - High Density",FALSE
2801,1861,39,1,2023-04-18,TRUE,50,"Mango","All Seasons",TRUE,10.84,10.84,48,"Rural",FALSE
2802,1097,11,3,2023-04-23,TRUE,7,"Strawberry","Summer",TRUE,5.35,16.05,56,"Urban - High Density",FALSE
2803,1088,41,3,2023-02-13,TRUE,50,"Strawberry","Summer",TRUE,4.94,14.82,23,"Rural",TRUE
2804,1938,26,8,2023-04-14,TRUE,3,"Mango","Summer",TRUE,-1.79,-14.32,60,"Urban - Medium Density",TRUE
2805,1093,1,-3,2023-11-25,TRUE,2,"Strawberry","Unknown",TRUE,4.42,-13.26,59,"Urban - Medium Density",TRUE
2806,1844,31,8,2023-02-15,FALSE,-2,"Chestnut","All Seasons",NA,0.13,1.04,39,"Urban - High Density",TRUE
2807,497,8,6,2023-09-10,TRUE,3,"Garlic","Winter",TRUE,3.66,21.96,21,"Urban - Medium Density",TRUE
2808,403,10,2,2023-05-06,TRUE,6,"Blueberry","Summer",FALSE,4.44,8.88,22,"Urban - Medium Density",TRUE
2809,1565,1,8,2023-05-23,TRUE,-2,"Strawberry","Unknown",TRUE,4.42,35.36,42,"Urban - High Density",TRUE
2810,1215,31,-3,2023-02-18,TRUE,1,"Chestnut","All Seasons",NA,0.13,-0.39,40,"Urban - High Density",TRUE
2811,959,8,4,2023-02-17,TRUE,6,"Garlic","Winter",TRUE,3.66,14.64,24,"Urban - Medium Density",FALSE
2812,33,19,8,2023-04-03,TRUE,4,"Banana","Winter",TRUE,-0.17,-1.36,40,"Urban - High Density",TRUE
2813,1434,45,5,2023-08-14,TRUE,5,"Apricot","All Seasons",TRUE,7.43,37.15,68,"Rural",TRUE
2814,946,19,-3,2023-07-07,TRUE,5,"Banana","Winter",TRUE,-0.17,0.51,58,"Urban - High Density",TRUE
2815,1053,2,1,2023-08-27,TRUE,2,"Grape","Unknown",TRUE,10.56,10.56,26,"Urban - High Density",FALSE
2816,526,6,7,2023-02-01,TRUE,-2,"Walnut","Summer",TRUE,-3.25,-22.75,33,"Urban - Medium Density",TRUE
2817,973,22,1,2023-03-01,FALSE,1,"Green Bean","All Seasons",FALSE,-4.21,-4.21,80,"Urban - Medium Density",TRUE
2818,573,46,5,2023-11-15,TRUE,4,"Chestnut","All Seasons",TRUE,-4.08,-20.4,58,"Urban - High Density",TRUE
2819,1567,39,8,2023-02-27,TRUE,50,"Mango","All Seasons",TRUE,10.84,86.72,78,"Urban - Medium Density",TRUE
2820,1127,47,0,2023-10-04,TRUE,4,"Mango","Summer",FALSE,2.32,0,69,"Rural",TRUE
2821,587,14,-3,2023-06-18,TRUE,3,"Fig","Summer",TRUE,3.67,-11.01,72,"Urban - High Density",TRUE
2822,1337,29,2,2023-08-08,TRUE,7,"Orange","Summer",FALSE,9.07,18.14,64,"Urban - Medium Density",FALSE
2823,859,4,5,2023-09-26,TRUE,4,"Watermelon","Unknown",TRUE,12.08,60.4,38,"Urban - Medium Density",FALSE
2824,1114,26,10,2023-11-22,TRUE,2,"Mango","Summer",TRUE,-1.79,-17.9,71,"Urban - High Density",TRUE
2825,1202,2,-3,2023-04-27,TRUE,7,"Grape","Unknown",TRUE,10.56,-31.68,26,"Urban - High Density",TRUE
2826,736,33,2,2023-10-27,TRUE,1,"Banana","All Seasons",TRUE,13.25,26.5,38,"Urban - High Density",NA
2827,1701,22,10,2023-02-27,FALSE,4,"Green Bean","All Seasons",FALSE,-4.21,-42.1,77,"Urban - Medium Density",TRUE
2828,1902,40,8,2023-04-14,TRUE,1,"Orange","Winter",FALSE,3.87,30.96,18,"Urban - High Density",FALSE
2829,1085,40,9,2023-07-24,TRUE,4,"Orange","Winter",FALSE,3.87,34.83,38,"Urban - High Density",TRUE
2830,1697,7,10,2023-01-18,TRUE,2,"Lettuce","Unknown",TRUE,8.68,86.8,63,"Urban - Medium Density",TRUE
2831,1234,6,4,2023-07-13,TRUE,3,"Walnut","Summer",TRUE,-3.25,-13,63,"Urban - High Density",FALSE
2832,1531,21,8,2023-09-07,TRUE,-2,"Sweet Potato","All Seasons",TRUE,12.3,98.4,58,"Urban - High Density",TRUE
2833,905,44,9,2023-03-22,TRUE,2,"Apple","Summer",TRUE,9.24,83.16,20,"Rural",TRUE
2834,1466,42,4,2023-11-29,TRUE,1,"Pomegranate","Winter",TRUE,10.95,43.8,19,"Rural",FALSE
2835,564,18,3,2023-05-31,TRUE,-2,"Apple","All Seasons",TRUE,14.07,42.21,57,"Urban - High Density",FALSE
2836,1607,49,4,2023-06-13,TRUE,7,"Cherry","Summer",NA,1.84,7.36,43,"Urban - High Density",NA
2837,1831,3,2,2023-02-07,TRUE,3,"Raspberry","Unknown",FALSE,10.26,20.52,23,"Urban - High Density",TRUE
2838,1857,17,4,2023-02-13,TRUE,5,"Pea","All Seasons",TRUE,-2.07,-8.28,21,"Urban - High Density",TRUE
2839,591,35,0,2023-09-04,TRUE,7,"Hazelnut","All Seasons",TRUE,6.96,0,69,"Urban - Medium Density",TRUE
2840,1872,46,9,2023-05-14,FALSE,5,"Chestnut","All Seasons",TRUE,-4.08,-36.72,65,"Rural",FALSE
2841,1830,14,-3,2023-12-20,TRUE,50,"Fig","Summer",TRUE,3.67,-11.01,76,"Urban - Medium Density",TRUE
2842,1533,48,10,2023-08-13,TRUE,-2,"Blueberry","Winter",TRUE,0.78,7.8,26,"Urban - Medium Density",FALSE
2843,472,25,3,2023-04-22,FALSE,1,"Broccoli","All Seasons",TRUE,3.11,9.33,22,"Urban - Medium Density",FALSE
2844,632,28,6,2023-07-27,FALSE,4,"Raspberry","Unknown",TRUE,14.97,89.82,5,"Urban - High Density",FALSE
2845,1516,2,3,2023-07-17,TRUE,5,"Grape","Unknown",TRUE,10.56,31.68,70,"Urban - Medium Density",TRUE
2846,1007,40,-3,2023-01-11,TRUE,50,"Orange","Winter",FALSE,3.87,-11.61,71,"Urban - High Density",FALSE
2847,1147,6,2,2023-02-27,TRUE,4,"Walnut","Summer",TRUE,-3.25,-6.5,69,"Urban - Medium Density",FALSE
2848,1674,17,2,2023-02-06,TRUE,2,"Pea","All Seasons",TRUE,-2.07,-4.14,30,"Urban - Medium Density",FALSE
2849,995,49,3,2023-02-11,TRUE,7,"Cherry","Summer",NA,1.84,5.52,22,"Rural",TRUE
2850,1852,26,7,2023-12-14,TRUE,4,"Mango","Summer",TRUE,-1.79,-12.53,71,"Urban - High Density",TRUE
2851,1762,33,8,2023-08-12,TRUE,50,"Banana","All Seasons",TRUE,13.25,106,19,"Urban - High Density",TRUE
2852,634,27,9,2023-04-18,TRUE,50,"Peach","Winter",TRUE,13.88,124.92,56,"Urban - High Density",TRUE
2853,1300,44,-3,2023-12-25,TRUE,6,"Apple","Summer",TRUE,9.24,-27.72,36,"Urban - High Density",TRUE
2854,1075,13,8,2023-03-12,TRUE,5,"Cucumber","All Seasons",NA,8.17,65.36,48,"Rural",FALSE
2855,1014,22,1,2023-06-19,FALSE,5,"Green Bean","All Seasons",FALSE,-4.21,-4.21,77,"Urban - High Density",TRUE
2856,705,29,5,2023-11-23,TRUE,2,"Orange","Summer",FALSE,9.07,45.35,28,"Urban - High Density",FALSE
2857,1577,8,9,2023-02-19,TRUE,7,"Garlic","Winter",TRUE,3.66,32.94,69,"Urban - Medium Density",TRUE
2858,1149,3,4,2023-01-16,TRUE,2,"Raspberry","Unknown",FALSE,10.26,41.04,51,"Urban - Medium Density",TRUE
2859,1901,18,9,2023-09-19,TRUE,50,"Apple","All Seasons",TRUE,14.07,126.63,44,"Urban - High Density",NA
2860,1051,11,6,2023-05-28,TRUE,1,"Strawberry","Summer",TRUE,5.35,32.1,42,"Urban - Medium Density",TRUE
2861,1228,40,10,2023-09-19,TRUE,1,"Orange","Winter",FALSE,3.87,38.7,21,"Urban - High Density",FALSE
2862,1469,11,4,2023-09-23,TRUE,5,"Strawberry","Summer",TRUE,5.35,21.4,62,"Urban - Medium Density",TRUE
2863,1402,18,10,2023-02-25,TRUE,2,"Apple","All Seasons",TRUE,14.07,140.7,55,"Urban - Medium Density",TRUE
2864,607,17,0,2023-04-30,TRUE,3,"Pea","All Seasons",TRUE,-2.07,0,20,"Rural",TRUE
2865,1308,1,9,2023-08-28,TRUE,50,"Strawberry","Unknown",TRUE,4.42,39.78,36,"Urban - High Density",FALSE
2866,738,5,5,2023-11-02,FALSE,4,"Apricot","Summer",FALSE,10.18,50.9,53,"Urban - High Density",FALSE
2867,755,49,1,2023-05-12,TRUE,4,"Cherry","Summer",NA,1.84,1.84,80,"",TRUE
2868,1330,45,2,2023-07-20,TRUE,1,"Apricot","All Seasons",TRUE,7.43,14.86,80,"Urban - High Density",TRUE
2869,851,21,9,2023-01-17,TRUE,6,"Sweet Potato","All Seasons",TRUE,12.3,110.7,56,"Urban - High Density",TRUE
2870,1430,10,-3,2023-12-27,TRUE,6,"Blueberry","Summer",FALSE,4.44,-13.32,46,"Urban - High Density",TRUE
2871,1625,42,7,2023-10-30,TRUE,2,"Pomegranate","Winter",TRUE,10.95,76.65,67,"Urban - High Density",FALSE
2872,438,48,9,2023-05-27,TRUE,6,"Blueberry","Winter",TRUE,0.78,7.02,78,"Rural",FALSE
2873,1926,19,0,2023-08-22,TRUE,7,"Banana","Winter",TRUE,-0.17,0,22,"Urban - High Density",TRUE
2874,919,21,4,2023-08-13,TRUE,7,"Sweet Potato","All Seasons",TRUE,12.3,49.2,48,"Urban - Medium Density",TRUE
2875,1522,36,2,2023-12-21,TRUE,50,"Raspberry","Summer",TRUE,5.87,11.74,56,"Urban - Medium Density",FALSE
2876,218,6,1,2023-08-11,TRUE,6,"Walnut","Summer",TRUE,-3.25,-3.25,45,"Urban - High Density",TRUE
2877,774,29,6,2023-02-02,TRUE,5,"Orange","Summer",FALSE,9.07,54.42,41,"Rural",TRUE
2878,466,29,0,2023-07-29,TRUE,3,"Orange","Summer",FALSE,9.07,0,25,"Urban - Medium Density",FALSE
2879,1565,32,10,2023-02-19,TRUE,5,"Raspberry","All Seasons",TRUE,12.49,124.9,42,"Urban - High Density",TRUE
2880,487,5,3,2023-03-19,TRUE,50,"Apricot","Summer",FALSE,10.18,30.54,19,"Rural",TRUE
2881,947,22,8,2023-01-08,TRUE,1,"Green Bean","All Seasons",FALSE,-4.21,-33.68,5,"Urban - High Density",TRUE
2882,688,10,7,2023-05-15,TRUE,7,"Blueberry","Summer",FALSE,4.44,31.08,24,"Urban - High Density",TRUE
2883,92,38,9,2023-03-21,TRUE,5,"Apricot","Summer",TRUE,8.8,79.2,5,"Urban - High Density",TRUE
2884,1018,21,0,2023-12-02,TRUE,-2,"Sweet Potato","All Seasons",TRUE,12.3,0,64,"Urban - High Density",TRUE
2885,446,16,9,2023-07-25,TRUE,-2,"Chestnut","Summer",TRUE,3.39,30.51,72,"Urban - Medium Density",TRUE
2886,239,32,8,2023-12-08,TRUE,5,"Raspberry","All Seasons",TRUE,12.49,99.92,31,"Urban - Medium Density",TRUE
2887,1233,22,1,2023-02-02,TRUE,4,"Green Bean","All Seasons",FALSE,-4.21,-4.21,70,"Unknown",FALSE
2888,1432,1,0,2023-06-15,TRUE,-2,"Strawberry","Unknown",TRUE,4.42,0,24,"Urban - Medium Density",FALSE
2889,866,19,5,2023-03-10,TRUE,-2,"Banana","Winter",TRUE,-0.17,-0.85,18,"Urban - High Density",TRUE
2890,1273,18,4,2023-07-07,TRUE,-2,"Apple","All Seasons",TRUE,14.07,56.28,72,"Urban - Medium Density",TRUE
2891,1351,32,9,2023-02-11,TRUE,50,"Raspberry","All Seasons",TRUE,12.49,112.41,68,"Urban - High Density",FALSE
2892,1579,23,5,2023-07-31,TRUE,5,"Corn","Winter",FALSE,1.53,7.65,22,"Urban - Medium Density",TRUE
2893,1208,5,10,2023-11-11,TRUE,-2,"Apricot","Summer",FALSE,10.18,101.8,70,"Unknown",TRUE
2894,1977,30,8,2023-01-26,TRUE,1,"Lychee","All Seasons",TRUE,1.21,9.68,33,"Urban - High Density",FALSE
2895,1302,44,9,2023-08-08,TRUE,-2,"Apple","Summer",TRUE,9.24,83.16,19,"Urban - High Density",TRUE
2896,1436,41,3,2023-05-31,TRUE,3,"Strawberry","Summer",TRUE,4.94,14.82,39,"Urban - Medium Density",TRUE
2897,899,50,10,2023-11-06,TRUE,5,"Sweet Potato","Unknown",FALSE,1.01,10.1,49,"Urban - High Density",TRUE
2898,1910,24,2,2023-08-14,TRUE,5,"Asparagus","Winter",FALSE,2.01,4.02,76,"Urban - Medium Density",NA
2899,130,11,0,2023-05-22,TRUE,4,"Strawberry","Summer",TRUE,5.35,0,48,"Urban - Medium Density",FALSE
2900,1525,11,6,2023-12-10,TRUE,7,"Strawberry","Summer",TRUE,5.35,32.1,61,"Urban - High Density",FALSE
2901,1943,11,9,2023-05-31,TRUE,5,"Strawberry","Summer",TRUE,5.35,48.15,21,"Urban - Medium Density",NA
2902,562,42,5,2023-04-04,TRUE,4,"Pomegranate","Winter",TRUE,10.95,54.75,44,"Urban - Medium Density",TRUE
2903,1338,24,10,2023-03-27,TRUE,7,"Asparagus","Winter",FALSE,2.01,20.1,50,"Urban - High Density",FALSE
2904,857,39,9,2023-06-27,TRUE,7,"Mango","All Seasons",TRUE,10.84,97.56,26,"Urban - Medium Density",TRUE
2905,1160,5,1,2023-12-01,TRUE,6,"Apricot","Summer",FALSE,10.18,10.18,56,"",TRUE
2906,912,7,8,2023-10-12,TRUE,50,"Lettuce","Unknown",TRUE,8.68,69.44,49,"Unknown",TRUE
2907,247,17,8,2023-08-18,TRUE,50,"Pea","All Seasons",TRUE,-2.07,-16.56,43,"Urban - High Density",TRUE
2908,846,29,0,2023-05-19,TRUE,2,"Orange","Summer",FALSE,9.07,0,43,"Rural",FALSE
2909,1477,38,5,2023-12-28,TRUE,5,"Apricot","Summer",TRUE,8.8,44,23,"Urban - High Density",TRUE
2910,794,30,2,2023-08-27,TRUE,2,"Lychee","All Seasons",TRUE,1.21,2.42,78,"Urban - Medium Density",FALSE
2911,1297,24,1,2023-08-01,TRUE,6,"Asparagus","Winter",FALSE,2.01,2.01,41,"Urban - High Density",FALSE
2912,278,40,8,2023-04-05,TRUE,4,"Orange","Winter",FALSE,3.87,30.96,21,"Rural",TRUE
2913,1151,20,2,2023-06-29,TRUE,50,"Corn","All Seasons",TRUE,12.25,24.5,43,"Urban - Medium Density",FALSE
2914,245,40,2,2023-09-07,TRUE,1,"Orange","Winter",FALSE,3.87,7.74,27,"Urban - High Density",TRUE
2915,762,2,8,2023-04-05,TRUE,3,"Grape","Unknown",TRUE,10.56,84.48,41,"Urban - Medium Density",TRUE
2916,1612,35,10,2023-05-25,TRUE,4,"Hazelnut","All Seasons",TRUE,6.96,69.6,58,"Unknown",FALSE
2917,1797,45,1,2023-02-04,TRUE,1,"Apricot","All Seasons",TRUE,7.43,7.43,28,"Urban - Medium Density",TRUE
2918,791,4,7,2023-11-03,TRUE,3,"Watermelon","Unknown",TRUE,12.08,84.56,80,"Urban - High Density",TRUE
2919,1134,45,0,2023-06-14,TRUE,7,"Apricot","All Seasons",TRUE,7.43,0,52,"Urban - High Density",TRUE
2920,1846,18,9,2023-02-24,TRUE,6,"Apple","All Seasons",TRUE,14.07,126.63,58,"Rural",FALSE
2921,727,36,1,2023-11-10,TRUE,1,"Raspberry","Summer",TRUE,5.87,5.87,78,"Urban - Medium Density",FALSE
2922,410,20,6,2023-07-04,TRUE,-2,"Corn","All Seasons",TRUE,12.25,73.5,23,"Urban - High Density",FALSE
2923,607,20,8,2023-10-25,TRUE,-2,"Corn","All Seasons",TRUE,12.25,98,20,"Rural",TRUE
2924,1196,16,8,2023-04-24,TRUE,2,"Chestnut","Summer",TRUE,3.39,27.12,38,"Urban - High Density",TRUE
2925,1697,2,1,2023-01-24,TRUE,2,"Grape","Unknown",TRUE,10.56,10.56,63,"Urban - Medium Density",TRUE
2926,1831,47,0,2023-07-17,TRUE,-2,"Mango","Summer",FALSE,2.32,0,23,"Urban - High Density",TRUE
2927,1005,38,7,2023-11-25,TRUE,2,"Apricot","Summer",TRUE,8.8,61.6,35,"Urban - Medium Density",TRUE
2928,100,1,0,2023-11-06,TRUE,3,"Strawberry","Unknown",TRUE,4.42,0,67,"Rural",TRUE
2929,28,22,7,2023-06-16,TRUE,3,"Green Bean","All Seasons",FALSE,-4.21,-29.47,42,"Urban - High Density",FALSE
2930,1063,36,-3,2023-01-21,TRUE,-2,"Raspberry","Summer",TRUE,5.87,-17.61,65,"Rural",TRUE
2931,665,38,9,2023-05-25,TRUE,4,"Apricot","Summer",TRUE,8.8,79.2,71,"Urban - High Density",TRUE
2932,852,31,5,2023-06-22,TRUE,3,"Chestnut","All Seasons",NA,0.13,0.65,40,"Urban - Medium Density",FALSE
2933,400,6,4,2023-01-02,TRUE,6,"Walnut","Summer",TRUE,-3.25,-13,22,"Urban - High Density",TRUE
2934,625,10,10,2023-10-16,TRUE,50,"Blueberry","Summer",FALSE,4.44,44.4,78,"Urban - High Density",NA
2935,1805,34,9,2023-10-14,TRUE,7,"Celery","Winter",TRUE,5.77,51.93,120,"Urban - Medium Density",TRUE
2936,1590,4,9,2023-02-14,TRUE,7,"Watermelon","Unknown",TRUE,12.08,108.72,30,"Urban - High Density",TRUE
2937,716,18,7,2023-08-21,TRUE,50,"Apple","All Seasons",TRUE,14.07,98.49,45,"Urban - High Density",FALSE
2938,472,46,7,2023-01-02,TRUE,1,"Chestnut","All Seasons",TRUE,-4.08,-28.56,22,"Urban - Medium Density",FALSE
2939,1392,46,6,2023-09-17,NA,1,"Chestnut","All Seasons",TRUE,-4.08,-24.48,41,"Rural",TRUE
2940,1012,25,0,2023-03-01,FALSE,4,"Broccoli","All Seasons",TRUE,3.11,0,26,"Urban - High Density",TRUE
2941,1493,22,1,2023-04-13,TRUE,5,"Green Bean","All Seasons",FALSE,-4.21,-4.21,73,"Urban - Medium Density",FALSE
2942,957,25,4,2023-09-29,TRUE,-2,"Broccoli","All Seasons",TRUE,3.11,12.44,54,"Rural",TRUE
2943,269,28,9,2023-09-16,TRUE,4,"Raspberry","Unknown",TRUE,14.97,134.73,44,"Rural",TRUE
2944,360,9,6,2023-06-16,TRUE,-2,"Onion","Unknown",TRUE,5.01,30.06,35,"Urban - High Density",NA
2945,1066,15,7,2023-07-01,TRUE,50,"Cabbage","All Seasons",FALSE,3.34,23.38,73,"Rural",TRUE
2946,731,41,7,2023-07-07,TRUE,4,"Strawberry","Summer",TRUE,4.94,34.58,62,"Rural",TRUE
2947,1086,44,-3,2023-03-18,TRUE,-2,"Apple","Summer",TRUE,9.24,-27.72,76,"Urban - High Density",TRUE
2948,1561,4,2,2023-12-27,TRUE,50,"Watermelon","Unknown",TRUE,12.08,24.16,38,"Rural",TRUE
2949,1699,11,4,2023-08-06,TRUE,50,"Strawberry","Summer",TRUE,5.35,21.4,78,"",FALSE
2950,102,14,9,2023-07-09,TRUE,7,"Fig","Summer",TRUE,3.67,33.03,64,"Urban - Medium Density",TRUE
2951,398,21,0,2023-09-08,TRUE,7,"Sweet Potato","All Seasons",TRUE,12.3,0,120,"Rural",TRUE
2952,319,38,4,2023-02-12,FALSE,4,"Apricot","Summer",TRUE,8.8,35.2,36,"Urban - High Density",TRUE
2953,1949,18,6,2023-09-02,TRUE,6,"Apple","All Seasons",TRUE,14.07,84.42,36,"",FALSE
2954,1767,15,4,2023-08-22,TRUE,2,"Cabbage","All Seasons",FALSE,3.34,13.36,28,"Urban - Medium Density",NA
2955,1170,38,2,2023-09-22,TRUE,2,"Apricot","Summer",TRUE,8.8,17.6,76,"Urban - High Density",NA
2956,627,22,10,2023-04-29,TRUE,5,"Green Bean","All Seasons",FALSE,-4.21,-42.1,50,"Urban - Medium Density",FALSE
2957,457,14,9,2023-03-29,TRUE,4,"Fig","Summer",TRUE,3.67,33.03,20,"Urban - High Density",FALSE
2958,1599,24,0,2023-10-31,TRUE,50,"Asparagus","Winter",FALSE,2.01,0,53,"Rural",TRUE
2959,785,44,9,2023-06-11,TRUE,1,"Apple","Summer",TRUE,9.24,83.16,23,"Urban - High Density",TRUE
2960,1733,41,10,2023-12-19,TRUE,5,"Strawberry","Summer",TRUE,4.94,49.4,38,"Unknown",FALSE
2961,72,28,2,2023-11-19,TRUE,3,"Raspberry","Unknown",TRUE,14.97,29.94,22,"Rural",TRUE
2962,728,35,4,2023-11-09,TRUE,50,"Hazelnut","All Seasons",TRUE,6.96,27.84,36,"Urban - Medium Density",FALSE
2963,1088,27,2,2023-11-07,TRUE,7,"Peach","Winter",TRUE,13.88,27.76,23,"Rural",TRUE
2964,173,32,4,2023-02-20,TRUE,50,"Raspberry","All Seasons",TRUE,12.49,49.96,57,"Urban - High Density",FALSE
2965,1361,28,4,2023-12-18,TRUE,3,"Raspberry","Unknown",TRUE,14.97,59.88,36,"Urban - High Density",TRUE
2966,1155,35,7,2023-12-24,TRUE,5,"Hazelnut","All Seasons",TRUE,6.96,48.72,26,"Urban - Medium Density",TRUE
2967,384,49,0,2023-01-02,TRUE,5,"Cherry","Summer",NA,1.84,0,48,"Urban - High Density",NA
2968,207,34,9,2023-08-24,TRUE,1,"Celery","Winter",TRUE,5.77,51.93,51,"Urban - High Density",TRUE
2969,1774,30,4,2023-01-04,TRUE,6,"Lychee","All Seasons",TRUE,1.21,4.84,37,"Urban - Medium Density",TRUE
2970,974,37,0,2023-05-28,TRUE,6,"Radish","Unknown",TRUE,7.32,0,20,"Urban - High Density",TRUE
2971,1906,10,4,2023-08-22,TRUE,1,"Blueberry","Summer",FALSE,4.44,17.76,33,"Urban - High Density",TRUE
2972,161,40,7,2023-03-27,FALSE,7,"Orange","Winter",FALSE,3.87,27.09,52,"Urban - High Density",FALSE
2973,681,17,-3,2023-05-25,TRUE,4,"Pea","All Seasons",TRUE,-2.07,6.21,50,"Urban - Medium Density",TRUE
2974,788,29,0,2023-10-31,FALSE,1,"Orange","Summer",FALSE,9.07,0,37,"Urban - High Density",FALSE
2975,1770,13,8,2023-04-20,TRUE,50,"Cucumber","All Seasons",NA,8.17,65.36,19,"Urban - High Density",TRUE
2976,522,40,2,2023-04-28,TRUE,5,"Orange","Winter",FALSE,3.87,7.74,57,"Urban - High Density",TRUE
2977,1820,15,2,2023-01-25,TRUE,3,"Cabbage","All Seasons",FALSE,3.34,6.68,27,"Urban - High Density",FALSE
2978,1867,43,2,2023-06-10,TRUE,5,"Pear","Unknown",TRUE,4.62,9.24,40,"Urban - High Density",FALSE
2979,489,31,10,2024-01-01,TRUE,-2,"Chestnut","All Seasons",NA,0.13,1.3,65,"Rural",TRUE
2980,12,29,3,2023-05-16,TRUE,3,"Orange","Summer",FALSE,9.07,27.21,22,"Urban - High Density",TRUE
2981,248,30,9,2023-06-05,TRUE,3,"Lychee","All Seasons",TRUE,1.21,10.89,65,"Urban - High Density",FALSE
2982,860,27,1,2023-10-26,TRUE,7,"Peach","Winter",TRUE,13.88,13.88,32,"Urban - Medium Density",TRUE
2983,1556,23,-3,2023-09-24,TRUE,1,"Corn","Winter",FALSE,1.53,-4.59,29,"Unknown",FALSE
2984,323,22,10,2023-12-24,TRUE,5,"Green Bean","All Seasons",FALSE,-4.21,-42.1,70,"Urban - Medium Density",TRUE
2985,1375,3,3,2023-09-09,TRUE,2,"Raspberry","Unknown",FALSE,10.26,30.78,35,"Urban - High Density",TRUE
2986,1725,8,1,2023-12-08,TRUE,1,"Garlic","Winter",TRUE,3.66,3.66,61,"Rural",FALSE
2987,995,45,9,2023-08-08,TRUE,3,"Apricot","All Seasons",TRUE,7.43,66.87,22,"Rural",TRUE
2988,94,8,0,2023-05-24,TRUE,3,"Garlic","Winter",TRUE,3.66,0,45,"Urban - Medium Density",TRUE
2989,739,50,6,2023-01-24,TRUE,7,"Sweet Potato","Unknown",FALSE,1.01,6.06,48,"Urban - High Density",TRUE
2990,535,46,9,2023-05-07,TRUE,1,"Chestnut","All Seasons",TRUE,-4.08,-36.72,73,"Urban - High Density",FALSE
2991,778,38,1,2023-08-01,TRUE,5,"Apricot","Summer",TRUE,8.8,8.8,71,"Urban - Medium Density",TRUE
2992,99,41,5,2023-07-29,TRUE,3,"Strawberry","Summer",TRUE,4.94,24.7,51,"Rural",FALSE
2993,1858,46,9,2023-05-22,TRUE,-2,"Chestnut","All Seasons",TRUE,-4.08,-36.72,79,"Urban - High Density",TRUE
2994,1964,44,3,2023-12-23,TRUE,6,"Apple","Summer",TRUE,9.24,27.72,27,"Urban - Medium Density",NA
2995,1464,14,5,2023-02-03,TRUE,3,"Fig","Summer",TRUE,3.67,18.35,38,"Urban - High Density",FALSE
2996,725,38,8,2023-05-01,TRUE,4,"Apricot","Summer",TRUE,8.8,70.4,61,"Rural",FALSE
2997,1425,7,2,2023-04-30,TRUE,1,"Lettuce","Unknown",TRUE,8.68,17.36,52,"Urban - High Density",TRUE
2998,599,20,8,2023-07-09,TRUE,3,"Corn","All Seasons",TRUE,12.25,98,59,"Urban - Medium Density",FALSE
2999,744,19,1,2023-01-12,TRUE,2,"Banana","Winter",TRUE,-0.17,-0.17,52,"Urban - High Density",TRUE
3000,1214,17,3,2023-11-04,TRUE,3,"Pea","All Seasons",TRUE,-2.07,-6.21,51,"Urban - High Density",TRUE
3001,364,1,5,2023-07-09,TRUE,3,"Strawberry","Unknown",TRUE,4.42,22.1,37,"Rural",FALSE
3002,1860,30,0,2023-12-27,TRUE,5,"Lychee","All Seasons",TRUE,1.21,0,57,"Urban - High Density",TRUE
3003,958,42,3,2023-10-31,TRUE,7,"Pomegranate","Winter",TRUE,10.95,32.85,74,"Urban - Medium Density",TRUE
3004,1277,2,2,2023-05-18,TRUE,1,"Grape","Unknown",TRUE,10.56,21.12,59,"Urban - High Density",TRUE
3005,1589,8,-3,2023-11-17,TRUE,-2,"Garlic","Winter",TRUE,3.66,-10.98,73,"Urban - High Density",FALSE
3006,398,46,4,2023-01-03,FALSE,3,"Chestnut","All Seasons",TRUE,-4.08,-16.32,120,"Rural",TRUE
3007,1549,24,6,2023-11-17,TRUE,5,"Asparagus","Winter",FALSE,2.01,12.06,57,"Urban - High Density",TRUE
3008,965,47,5,2023-12-23,TRUE,50,"Mango","Summer",FALSE,2.32,11.6,53,"Urban - High Density",TRUE
3009,1621,43,0,2023-05-26,TRUE,1,"Pear","Unknown",TRUE,4.62,0,120,"Urban - High Density",FALSE
3010,590,24,2,2023-04-17,TRUE,5,"Asparagus","Winter",FALSE,2.01,4.02,50,"Unknown",FALSE
3011,914,30,2,2023-12-06,TRUE,7,"Lychee","All Seasons",TRUE,1.21,2.42,25,"Urban - High Density",TRUE
3012,1059,22,3,2024-01-01,TRUE,2,"Green Bean","All Seasons",FALSE,-4.21,-12.63,72,"Urban - Medium Density",TRUE
3013,620,4,-3,2023-03-08,TRUE,-2,"Watermelon","Unknown",TRUE,12.08,-36.24,67,"Urban - High Density",TRUE
3014,172,27,8,2023-12-23,TRUE,3,"Peach","Winter",TRUE,13.88,111.04,33,"Urban - High Density",FALSE
3015,1111,46,8,2023-03-17,TRUE,3,"Chestnut","All Seasons",TRUE,-4.08,-32.64,59,"Urban - High Density",TRUE
3016,1323,40,7,2023-06-28,TRUE,7,"Orange","Winter",FALSE,3.87,27.09,55,"Urban - Medium Density",FALSE
3017,495,3,5,2023-03-30,TRUE,2,"Raspberry","Unknown",FALSE,10.26,51.3,23,"Urban - High Density",TRUE
3018,1111,6,7,2023-06-07,TRUE,2,"Walnut","Summer",TRUE,-3.25,-22.75,59,"Urban - High Density",TRUE
3019,608,46,6,2023-01-24,TRUE,1,"Chestnut","All Seasons",TRUE,-4.08,-24.48,71,"Urban - Medium Density",TRUE
3020,1374,24,4,2023-08-29,TRUE,4,"Asparagus","Winter",FALSE,2.01,8.04,31,"Urban - High Density",TRUE
3021,1267,38,3,2023-09-02,TRUE,2,"Apricot","Summer",TRUE,8.8,26.4,58,"Rural",TRUE
3022,760,13,3,2023-08-06,TRUE,5,"Cucumber","All Seasons",NA,8.17,24.51,63,"Unknown",TRUE
3023,729,25,1,2023-05-21,TRUE,6,"Broccoli","All Seasons",TRUE,3.11,3.11,54,"Urban - High Density",TRUE
3024,1139,39,-3,2023-03-26,TRUE,6,"Mango","All Seasons",TRUE,10.84,-32.52,60,"Urban - Medium Density",TRUE
3025,1090,50,1,2023-03-03,TRUE,1,"Sweet Potato","Unknown",FALSE,1.01,1.01,64,"Urban - High Density",FALSE
3026,1733,8,1,2023-12-17,TRUE,-2,"Garlic","Winter",TRUE,3.66,3.66,38,"Unknown",FALSE
3027,1287,25,0,2023-08-28,TRUE,7,"Broccoli","All Seasons",TRUE,3.11,0,64,"Urban - High Density",TRUE
3028,794,34,1,2023-10-13,TRUE,-2,"Celery","Winter",TRUE,5.77,5.77,78,"Urban - Medium Density",FALSE
3029,1293,13,10,2023-01-26,TRUE,7,"Cucumber","All Seasons",NA,8.17,81.7,57,"Unknown",TRUE
3030,960,22,7,2023-10-17,TRUE,2,"Green Bean","All Seasons",FALSE,-4.21,-29.47,46,"Urban - High Density",TRUE
3031,413,9,7,2023-01-30,TRUE,-2,"Onion","Unknown",TRUE,5.01,35.07,54,"Rural",TRUE
3032,1101,37,9,2023-11-05,TRUE,3,"Radish","Unknown",TRUE,7.32,65.88,75,"Rural",TRUE
3033,371,19,10,2023-11-25,TRUE,5,"Banana","Winter",TRUE,-0.17,-1.7,39,"Urban - High Density",TRUE
3034,1023,45,7,2023-05-08,TRUE,4,"Apricot","All Seasons",TRUE,7.43,52.01,33,"Urban - High Density",FALSE
3035,1994,2,6,2023-04-18,TRUE,1,"Grape","Unknown",TRUE,10.56,63.36,80,"Unknown",TRUE
3036,1649,45,8,2023-10-30,TRUE,-2,"Apricot","All Seasons",TRUE,7.43,59.44,59,"Urban - Medium Density",TRUE
3037,1294,39,-3,2023-12-01,TRUE,6,"Mango","All Seasons",TRUE,10.84,-32.52,34,"Urban - High Density",FALSE
3038,1643,16,3,2023-07-10,TRUE,1,"Chestnut","Summer",TRUE,3.39,10.17,18,"Urban - High Density",TRUE
3039,1526,42,1,2023-06-16,TRUE,-2,"Pomegranate","Winter",TRUE,10.95,10.95,50,"Urban - High Density",FALSE
3040,534,12,1,2023-05-07,TRUE,1,"Banana","All Seasons",TRUE,10.29,10.29,30,"Urban - High Density",FALSE
3041,869,23,2,2023-02-02,TRUE,5,"Corn","Winter",FALSE,1.53,3.06,77,"Urban - High Density",FALSE
3042,264,22,2,2023-04-14,TRUE,7,"Green Bean","All Seasons",FALSE,-4.21,-8.42,24,"Rural",TRUE
3043,998,18,2,2023-01-16,TRUE,4,"Apple","All Seasons",TRUE,14.07,28.14,61,"Urban - Medium Density",FALSE
3044,1752,23,1,2023-05-31,FALSE,50,"Corn","Winter",FALSE,1.53,1.53,36,"Rural",TRUE
3045,970,9,-3,2023-09-06,TRUE,50,"Onion","Unknown",TRUE,5.01,-15.03,30,"Urban - Medium Density",TRUE
3046,1710,38,3,2023-11-11,TRUE,5,"Apricot","Summer",TRUE,8.8,26.4,74,"Urban - High Density",TRUE
3047,74,33,1,2023-01-02,TRUE,2,"Banana","All Seasons",TRUE,13.25,13.25,41,"Urban - Medium Density",FALSE
3048,129,10,0,2023-11-21,TRUE,-2,"Blueberry","Summer",FALSE,4.44,0,41,"Rural",TRUE
3049,387,7,0,2023-07-14,TRUE,1,"Lettuce","Unknown",TRUE,8.68,0,68,"Urban - High Density",NA
3050,1892,28,5,2023-05-30,TRUE,7,"Raspberry","Unknown",TRUE,14.97,74.85,47,"Urban - High Density",TRUE
3051,1935,30,9,2023-10-25,TRUE,4,"Lychee","All Seasons",TRUE,1.21,10.89,23,"Urban - High Density",TRUE
3052,1821,11,8,2023-06-27,TRUE,1,"Strawberry","Summer",TRUE,5.35,42.8,51,"Urban - High Density",FALSE
3053,1630,4,5,2023-01-04,TRUE,1,"Watermelon","Unknown",TRUE,12.08,60.4,42,"Urban - Medium Density",FALSE
3054,72,33,3,2023-08-27,TRUE,-2,"Banana","All Seasons",TRUE,13.25,39.75,22,"Rural",TRUE
3055,1630,9,1,2023-06-06,TRUE,6,"Onion","Unknown",TRUE,5.01,5.01,42,"Urban - Medium Density",FALSE
3056,106,5,3,2023-01-15,TRUE,4,"Apricot","Summer",FALSE,10.18,30.54,70,"Rural",FALSE
3057,1627,9,0,2023-05-12,TRUE,7,"Onion","Unknown",TRUE,5.01,0,78,"Urban - High Density",FALSE
3058,442,25,6,2023-12-28,TRUE,5,"Broccoli","All Seasons",TRUE,3.11,18.66,33,"Urban - Medium Density",FALSE
3059,968,8,5,2023-04-14,TRUE,2,"Garlic","Winter",TRUE,3.66,18.3,68,"Urban - Medium Density",TRUE
3060,251,11,3,2023-11-14,TRUE,2,"Strawberry","Summer",TRUE,5.35,16.05,21,"Rural",FALSE
3061,753,1,8,2023-05-10,TRUE,3,"Strawberry","Unknown",TRUE,4.42,35.36,20,"Urban - Medium Density",FALSE
3062,640,49,2,2023-08-29,TRUE,4,"Cherry","Summer",NA,1.84,3.68,31,"Urban - High Density",FALSE
3063,497,11,-3,2023-12-21,TRUE,3,"Strawberry","Summer",TRUE,5.35,-16.05,21,"Urban - Medium Density",TRUE
3064,1035,45,-3,2023-10-14,TRUE,5,"Apricot","All Seasons",TRUE,7.43,-22.29,76,"Urban - High Density",FALSE
3065,1510,32,5,2023-08-16,TRUE,7,"Raspberry","All Seasons",TRUE,12.49,62.45,62,"Urban - Medium Density",NA
3066,1053,13,10,2023-11-08,TRUE,3,"Cucumber","All Seasons",NA,8.17,81.7,26,"Urban - High Density",FALSE
3067,1269,29,4,2023-03-23,TRUE,6,"Orange","Summer",FALSE,9.07,36.28,74,"Urban - High Density",FALSE
3068,1629,33,0,2023-09-29,TRUE,1,"Banana","All Seasons",TRUE,13.25,0,50,"Unknown",TRUE
3069,1368,34,7,2023-09-16,TRUE,-2,"Celery","Winter",TRUE,5.77,40.39,43,"Urban - High Density",FALSE
3070,1153,36,5,2023-07-29,TRUE,-2,"Raspberry","Summer",TRUE,5.87,29.35,26,"Rural",FALSE
3071,1126,8,2,2023-06-11,TRUE,4,"Garlic","Winter",TRUE,3.66,7.32,44,"Urban - High Density",FALSE
3072,1861,28,7,2023-11-04,FALSE,5,"Raspberry","Unknown",TRUE,14.97,104.79,48,"Rural",FALSE
3073,1469,9,8,2023-09-30,TRUE,50,"Onion","Unknown",TRUE,5.01,40.08,62,"Urban - Medium Density",TRUE
3074,354,23,4,2023-11-04,TRUE,50,"Corn","Winter",FALSE,1.53,6.12,18,"Rural",FALSE
3075,761,17,5,2023-02-16,TRUE,3,"Pea","All Seasons",TRUE,-2.07,-10.35,18,"Urban - High Density",TRUE
3076,93,16,1,2023-01-03,TRUE,4,"Chestnut","Summer",TRUE,3.39,3.39,55,"Urban - Medium Density",FALSE
3077,170,13,10,2023-10-15,TRUE,6,"Cucumber","All Seasons",NA,8.17,81.7,70,"Urban - High Density",TRUE
3078,1510,16,10,2023-08-21,TRUE,50,"Chestnut","Summer",TRUE,3.39,33.9,62,"Urban - Medium Density",NA
3079,1594,22,7,2023-10-05,TRUE,3,"Green Bean","All Seasons",FALSE,-4.21,-29.47,58,"Rural",TRUE
3080,999,28,-3,2023-11-15,TRUE,6,"Raspberry","Unknown",TRUE,14.97,-44.91,42,"Urban - High Density",FALSE
3081,37,18,3,2023-01-12,TRUE,-2,"Apple","All Seasons",TRUE,14.07,42.21,62,"Urban - High Density",TRUE
3082,1100,26,5,2023-05-08,TRUE,50,"Mango","Summer",TRUE,-1.79,-8.95,66,"Urban - Medium Density",FALSE
3083,1345,48,7,2023-04-01,TRUE,2,"Blueberry","Winter",TRUE,0.78,5.46,49,"Urban - High Density",TRUE
3084,925,16,6,2023-05-28,FALSE,3,"Chestnut","Summer",TRUE,3.39,20.34,29,"Unknown",FALSE
3085,635,15,9,2023-01-05,TRUE,7,"Cabbage","All Seasons",FALSE,3.34,30.06,56,"",FALSE
3086,1942,7,3,2023-11-24,TRUE,5,"Lettuce","Unknown",TRUE,8.68,26.04,46,"Urban - High Density",TRUE
3087,1002,10,8,2023-07-01,TRUE,50,"Blueberry","Summer",FALSE,4.44,35.52,23,"Urban - High Density",FALSE
3088,1892,9,4,2023-04-08,TRUE,1,"Onion","Unknown",TRUE,5.01,20.04,47,"Urban - High Density",TRUE
3089,841,44,6,2023-01-04,FALSE,5,"Apple","Summer",TRUE,9.24,55.44,43,"Urban - Medium Density",FALSE
3090,750,36,1,2023-12-28,TRUE,1,"Raspberry","Summer",TRUE,5.87,5.87,23,"Urban - High Density",NA
3091,1782,11,8,2023-04-07,TRUE,7,"Strawberry","Summer",TRUE,5.35,42.8,25,"Urban - High Density",TRUE
3092,342,27,-3,2023-11-29,TRUE,1,"Peach","Winter",TRUE,13.88,-41.64,53,"Urban - High Density",TRUE
3093,1877,32,4,2023-11-14,TRUE,7,"Raspberry","All Seasons",TRUE,12.49,49.96,46,"Urban - Medium Density",FALSE
3094,640,31,5,2023-12-12,TRUE,5,"Chestnut","All Seasons",NA,0.13,0.65,31,"Urban - High Density",FALSE
3095,666,26,4,2023-06-22,TRUE,-2,"Mango","Summer",TRUE,-1.79,-7.16,72,"Urban - Medium Density",TRUE
3096,174,34,9,2023-08-11,TRUE,-2,"Celery","Winter",TRUE,5.77,51.93,46,"Urban - High Density",TRUE
3097,1348,18,7,2023-02-17,TRUE,3,"Apple","All Seasons",TRUE,14.07,98.49,23,"Urban - High Density",TRUE
3098,1241,28,7,2023-01-30,TRUE,5,"Raspberry","Unknown",TRUE,14.97,104.79,40,"Urban - Medium Density",TRUE
3099,1708,38,5,2023-06-04,TRUE,7,"Apricot","Summer",TRUE,8.8,44,59,"Urban - High Density",TRUE
3100,1162,31,5,2023-07-07,TRUE,4,"Chestnut","All Seasons",NA,0.13,0.65,22,"Urban - High Density",TRUE
3101,1354,39,5,2023-04-06,TRUE,5,"Mango","All Seasons",TRUE,10.84,54.2,27,"Urban - Medium Density",FALSE
3102,737,3,9,2023-11-24,TRUE,7,"Raspberry","Unknown",FALSE,10.26,92.34,46,"Urban - High Density",TRUE
3103,99,24,-3,2023-07-12,TRUE,6,"Asparagus","Winter",FALSE,2.01,-6.03,51,"Rural",FALSE
3104,476,3,9,2023-05-19,TRUE,-2,"Raspberry","Unknown",FALSE,10.26,92.34,120,"Urban - Medium Density",NA
3105,440,16,7,2023-02-17,TRUE,-2,"Chestnut","Summer",TRUE,3.39,23.73,79,"Urban - High Density",TRUE
3106,360,34,-3,2023-07-27,TRUE,3,"Celery","Winter",TRUE,5.77,-17.31,35,"Urban - High Density",NA
3107,1815,8,4,2023-10-21,TRUE,4,"Garlic","Winter",TRUE,3.66,14.64,43,"Rural",FALSE
3108,291,27,-3,2023-02-12,TRUE,6,"Peach","Winter",TRUE,13.88,-41.64,62,"Urban - High Density",TRUE
3109,975,48,7,2023-10-22,TRUE,7,"Blueberry","Winter",TRUE,0.78,5.46,24,"Urban - Medium Density",FALSE
3110,791,11,0,2023-04-20,TRUE,5,"Strawberry","Summer",TRUE,5.35,0,80,"Urban - High Density",TRUE
3111,475,50,8,2023-10-12,TRUE,50,"Sweet Potato","Unknown",FALSE,1.01,8.08,48,"Rural",NA
3112,814,46,0,2023-11-15,TRUE,2,"Chestnut","All Seasons",TRUE,-4.08,0,50,"Urban - High Density",TRUE
3113,74,44,0,2023-12-23,TRUE,-2,"Apple","Summer",TRUE,9.24,0,41,"Urban - Medium Density",FALSE
3114,1014,19,8,2023-04-08,TRUE,5,"Banana","Winter",TRUE,-0.17,-1.36,77,"Urban - High Density",TRUE
3115,580,16,3,2023-04-30,TRUE,50,"Chestnut","Summer",TRUE,3.39,10.17,23,"Urban - Medium Density",TRUE
3116,416,6,3,2023-06-23,TRUE,4,"Walnut","Summer",TRUE,-3.25,-9.75,19,"Urban - Medium Density",TRUE
3117,549,27,9,2023-09-24,TRUE,50,"Peach","Winter",TRUE,13.88,124.92,26,"Urban - High Density",TRUE
3118,877,43,8,2023-01-29,TRUE,7,"Pear","Unknown",TRUE,4.62,36.96,50,"Urban - High Density",FALSE
3119,382,28,5,2023-08-30,TRUE,7,"Raspberry","Unknown",TRUE,14.97,74.85,51,"Rural",TRUE
3120,1443,22,2,2023-08-20,TRUE,5,"Green Bean","All Seasons",FALSE,-4.21,-8.42,62,"Urban - High Density",FALSE
3121,1949,25,1,2023-06-12,TRUE,-2,"Broccoli","All Seasons",TRUE,3.11,3.11,36,"",FALSE
3122,1648,26,3,2023-01-22,TRUE,7,"Mango","Summer",TRUE,-1.79,-5.37,34,"Rural",FALSE
3123,876,33,9,2023-12-18,TRUE,3,"Banana","All Seasons",TRUE,13.25,119.25,57,"Urban - High Density",TRUE
3124,1937,18,4,2023-03-19,TRUE,4,"Apple","All Seasons",TRUE,14.07,56.28,58,"Urban - High Density",FALSE
3125,1248,50,3,2023-05-24,FALSE,1,"Sweet Potato","Unknown",FALSE,1.01,3.03,39,"Urban - Medium Density",FALSE
3126,1846,14,0,2023-10-16,TRUE,6,"Fig","Summer",TRUE,3.67,0,58,"Rural",FALSE
3127,173,41,-3,2023-06-30,TRUE,-2,"Strawberry","Summer",TRUE,4.94,-14.82,57,"Urban - High Density",FALSE
3128,123,47,1,2023-04-22,TRUE,6,"Mango","Summer",FALSE,2.32,2.32,73,"Urban - High Density",TRUE
3129,1434,41,2,2023-10-19,TRUE,1,"Strawberry","Summer",TRUE,4.94,9.88,68,"Rural",TRUE
3130,814,25,7,2024-01-01,TRUE,2,"Broccoli","All Seasons",TRUE,3.11,21.77,50,"Urban - High Density",TRUE
3131,684,43,7,2023-04-22,TRUE,1,"Pear","Unknown",TRUE,4.62,32.34,120,"Urban - Medium Density",TRUE
3132,466,6,0,2023-12-15,TRUE,5,"Walnut","Summer",TRUE,-3.25,0,25,"Urban - Medium Density",FALSE
3133,78,8,3,2023-03-27,TRUE,2,"Garlic","Winter",TRUE,3.66,10.98,57,"Urban - Medium Density",TRUE
3134,1768,12,5,2023-12-22,TRUE,-2,"Banana","All Seasons",TRUE,10.29,51.45,39,"Urban - High Density",TRUE
3135,1055,20,9,2023-08-29,TRUE,7,"Corn","All Seasons",TRUE,12.25,110.25,78,"Urban - Medium Density",FALSE
3136,1715,37,6,2023-12-24,TRUE,3,"Radish","Unknown",TRUE,7.32,43.92,53,"Urban - Medium Density",FALSE
3137,1683,39,4,2023-05-21,TRUE,50,"Mango","All Seasons",TRUE,10.84,43.36,34,"Urban - High Density",FALSE
3138,1558,6,3,2023-06-14,TRUE,2,"Walnut","Summer",TRUE,-3.25,-9.75,52,"Rural",FALSE
3139,879,46,2,2023-05-31,TRUE,7,"Chestnut","All Seasons",TRUE,-4.08,-8.16,28,"Urban - High Density",TRUE
3140,1112,13,-3,2023-04-04,TRUE,7,"Cucumber","All Seasons",NA,8.17,-24.51,52,"Urban - High Density",TRUE
3141,565,7,10,2023-06-05,TRUE,3,"Lettuce","Unknown",TRUE,8.68,86.8,41,"Urban - High Density",TRUE
3142,563,33,4,2023-02-16,TRUE,2,"Banana","All Seasons",TRUE,13.25,53,40,"Urban - High Density",TRUE
3143,482,12,-3,2023-05-04,TRUE,4,"Banana","All Seasons",TRUE,10.29,-30.87,30,"Urban - High Density",TRUE
3144,1210,16,0,2023-10-07,TRUE,1,"Chestnut","Summer",TRUE,3.39,0,50,"Urban - High Density",TRUE
3145,525,27,4,2023-12-05,TRUE,2,"Peach","Winter",TRUE,13.88,55.52,66,"Urban - High Density",TRUE
3146,755,26,10,2023-07-09,TRUE,2,"Mango","Summer",TRUE,-1.79,-17.9,80,"",TRUE
3147,451,48,6,2023-12-09,TRUE,-2,"Blueberry","Winter",TRUE,0.78,4.68,51,"Urban - Medium Density",FALSE
3148,18,7,5,2023-03-04,TRUE,-2,"Lettuce","Unknown",TRUE,8.68,43.4,47,"Urban - High Density",FALSE
3149,329,36,4,2023-12-22,TRUE,5,"Raspberry","Summer",TRUE,5.87,23.48,64,"Unknown",TRUE
3150,1982,7,10,2023-02-18,TRUE,4,"Lettuce","Unknown",TRUE,8.68,86.8,51,"Urban - High Density",TRUE
3151,58,48,9,2023-12-09,TRUE,50,"Blueberry","Winter",TRUE,0.78,7.02,79,"Rural",TRUE
3152,469,40,7,2023-07-24,TRUE,2,"Orange","Winter",FALSE,3.87,27.09,57,"Urban - High Density",TRUE
3153,506,18,5,2023-08-16,TRUE,3,"Apple","All Seasons",TRUE,14.07,70.35,42,"Rural",TRUE
3154,522,18,8,2023-09-28,TRUE,6,"Apple","All Seasons",TRUE,14.07,112.56,57,"Urban - High Density",TRUE
3155,214,10,3,2023-06-28,TRUE,6,"Blueberry","Summer",FALSE,4.44,13.32,48,"Urban - Medium Density",TRUE
3156,1200,45,4,2023-01-09,TRUE,7,"Apricot","All Seasons",TRUE,7.43,29.72,63,"Urban - High Density",TRUE
3157,528,28,1,2023-12-17,TRUE,2,"Raspberry","Unknown",TRUE,14.97,14.97,120,"Urban - High Density",TRUE
3158,1665,11,9,2023-01-31,TRUE,6,"Strawberry","Summer",TRUE,5.35,48.15,59,"Urban - High Density",TRUE
3159,1185,17,8,2023-10-09,TRUE,5,"Pea","All Seasons",TRUE,-2.07,-16.56,29,"Urban - High Density",TRUE
3160,420,1,-3,2023-08-25,TRUE,3,"Strawberry","Unknown",TRUE,4.42,-13.26,68,"Rural",FALSE
3161,1594,32,9,2023-03-02,TRUE,4,"Raspberry","All Seasons",TRUE,12.49,112.41,58,"Rural",TRUE
3162,1783,47,9,2023-02-12,TRUE,2,"Mango","Summer",FALSE,2.32,20.88,75,"Urban - High Density",TRUE
3163,676,44,10,2023-04-27,TRUE,2,"Apple","Summer",TRUE,9.24,92.4,77,"Rural",FALSE
3164,629,21,6,2023-01-05,TRUE,4,"Sweet Potato","All Seasons",TRUE,12.3,73.8,60,"Urban - Medium Density",TRUE
3165,800,41,9,2023-06-06,TRUE,4,"Strawberry","Summer",TRUE,4.94,44.46,67,"Urban - High Density",FALSE
3166,1390,46,8,2023-03-01,TRUE,5,"Chestnut","All Seasons",TRUE,-4.08,-32.64,20,"Rural",NA
3167,414,30,2,2023-09-27,TRUE,6,"Lychee","All Seasons",TRUE,1.21,2.42,50,"Rural",TRUE
3168,1318,16,4,2023-05-06,TRUE,6,"Chestnut","Summer",TRUE,3.39,13.56,26,"Unknown",TRUE
3169,1113,5,-3,2023-03-23,TRUE,3,"Apricot","Summer",FALSE,10.18,-30.54,34,"Urban - High Density",FALSE
3170,553,47,8,2023-04-08,TRUE,50,"Mango","Summer",FALSE,2.32,18.56,33,"Urban - Medium Density",TRUE
3171,1644,43,1,2023-01-29,TRUE,4,"Pear","Unknown",TRUE,4.62,4.62,47,"Urban - High Density",NA
3172,370,12,2,2023-12-01,TRUE,-2,"Banana","All Seasons",TRUE,10.29,20.58,61,"Urban - Medium Density",FALSE
3173,1931,43,10,2023-12-26,TRUE,3,"Pear","Unknown",TRUE,4.62,46.2,120,"Urban - High Density",TRUE
3174,1380,4,3,2023-09-27,TRUE,50,"Watermelon","Unknown",TRUE,12.08,36.24,72,"Urban - High Density",TRUE
3175,618,38,8,2023-09-18,FALSE,5,"Apricot","Summer",TRUE,8.8,70.4,56,"Urban - High Density",FALSE
3176,743,17,1,2023-02-09,TRUE,6,"Pea","All Seasons",TRUE,-2.07,-2.07,56,"Urban - Medium Density",TRUE
3177,1935,24,-3,2023-08-15,TRUE,1,"Asparagus","Winter",FALSE,2.01,-6.03,23,"Urban - High Density",TRUE
3178,1816,32,9,2023-07-26,TRUE,3,"Raspberry","All Seasons",TRUE,12.49,112.41,62,"Urban - High Density",TRUE
3179,1248,39,3,2023-04-24,TRUE,50,"Mango","All Seasons",TRUE,10.84,32.52,39,"Urban - Medium Density",FALSE
3180,1419,37,8,2023-04-20,TRUE,7,"Radish","Unknown",TRUE,7.32,58.56,20,"Urban - High Density",TRUE
3181,92,17,2,2023-07-30,TRUE,7,"Pea","All Seasons",TRUE,-2.07,-4.14,5,"Urban - High Density",TRUE
3182,228,4,9,2023-07-23,TRUE,50,"Watermelon","Unknown",TRUE,12.08,108.72,56,"Urban - Medium Density",TRUE
3183,1691,13,0,2023-03-10,TRUE,50,"Cucumber","All Seasons",NA,8.17,0,37,"Urban - High Density",NA
3184,1057,34,7,2023-08-19,FALSE,4,"Celery","Winter",TRUE,5.77,40.39,28,"Urban - High Density",FALSE
3185,1307,31,8,2023-07-16,TRUE,2,"Chestnut","All Seasons",NA,0.13,1.04,45,"Urban - High Density",TRUE
3186,142,36,1,2023-09-14,TRUE,5,"Raspberry","Summer",TRUE,5.87,5.87,47,"Rural",TRUE
3187,1267,15,10,2023-09-19,TRUE,50,"Cabbage","All Seasons",FALSE,3.34,33.4,58,"Rural",TRUE
3188,1850,44,10,2023-09-01,TRUE,5,"Apple","Summer",TRUE,9.24,92.4,45,"Urban - High Density",FALSE
3189,136,19,8,2023-08-07,TRUE,3,"Banana","Winter",TRUE,-0.17,-1.36,26,"Urban - Medium Density",FALSE
3190,1959,23,7,2023-01-14,TRUE,5,"Corn","Winter",FALSE,1.53,10.71,78,"Urban - High Density",NA
3191,1704,32,3,2023-04-22,TRUE,7,"Raspberry","All Seasons",TRUE,12.49,37.47,38,"Urban - High Density",TRUE
3192,539,33,1,2023-11-01,TRUE,-2,"Banana","All Seasons",TRUE,13.25,13.25,33,"Urban - High Density",TRUE
3193,752,48,4,2023-03-21,FALSE,5,"Blueberry","Winter",TRUE,0.78,3.12,39,"Rural",TRUE
3194,1459,18,-3,2023-12-04,TRUE,-2,"Apple","All Seasons",TRUE,14.07,-42.21,65,"Rural",FALSE
3195,907,43,1,2023-04-09,TRUE,1,"Pear","Unknown",TRUE,4.62,4.62,32,"Urban - High Density",FALSE
3196,1078,46,9,2023-11-13,TRUE,4,"Chestnut","All Seasons",TRUE,-4.08,-36.72,77,"Urban - High Density",TRUE
3197,749,50,4,2023-06-24,TRUE,6,"Sweet Potato","Unknown",FALSE,1.01,4.04,61,"Urban - High Density",FALSE
3198,1325,48,3,2023-10-13,TRUE,4,"Blueberry","Winter",TRUE,0.78,2.34,21,"Urban - High Density",FALSE
3199,1358,4,6,2024-01-01,TRUE,-2,"Watermelon","Unknown",TRUE,12.08,72.48,20,"Urban - Medium Density",NA
3200,567,13,10,2023-04-07,TRUE,6,"Cucumber","All Seasons",NA,8.17,81.7,23,"Rural",TRUE
3201,1817,1,7,2023-03-16,TRUE,7,"Strawberry","Unknown",TRUE,4.42,30.94,44,"Urban - High Density",TRUE
3202,514,26,3,2023-09-02,TRUE,3,"Mango","Summer",TRUE,-1.79,-5.37,46,"Urban - High Density",FALSE
3203,1008,7,2,2023-04-28,TRUE,50,"Lettuce","Unknown",TRUE,8.68,17.36,24,"Urban - High Density",TRUE
3204,1210,20,1,2023-09-14,TRUE,1,"Corn","All Seasons",TRUE,12.25,12.25,50,"Urban - High Density",TRUE
3205,3,44,9,2023-08-14,TRUE,3,"Apple","Summer",TRUE,9.24,83.16,29,"Urban - High Density",FALSE
3206,536,36,6,2023-05-02,TRUE,3,"Raspberry","Summer",TRUE,5.87,35.22,22,"Urban - Medium Density",TRUE
3207,1726,44,8,2023-12-16,TRUE,-2,"Apple","Summer",TRUE,9.24,73.92,47,"Urban - Medium Density",TRUE
3208,509,10,6,2023-08-25,TRUE,-2,"Blueberry","Summer",FALSE,4.44,26.64,33,"Urban - High Density",TRUE
3209,1406,31,3,2023-08-01,TRUE,50,"Chestnut","All Seasons",NA,0.13,0.39,48,"Urban - High Density",FALSE
3210,752,37,6,2023-05-15,TRUE,2,"Radish","Unknown",TRUE,7.32,43.92,39,"Rural",TRUE
3211,644,36,7,2023-12-31,TRUE,4,"Raspberry","Summer",TRUE,5.87,41.09,43,"Urban - High Density",FALSE
3212,101,18,1,2023-12-11,TRUE,1,"Apple","All Seasons",TRUE,14.07,14.07,37,"Urban - High Density",TRUE
3213,1551,40,3,2023-12-11,TRUE,2,"Orange","Winter",FALSE,3.87,11.61,63,"Urban - High Density",TRUE
3214,1247,43,8,2023-06-05,TRUE,5,"Pear","Unknown",TRUE,4.62,36.96,57,"Urban - High Density",TRUE
3215,1119,20,4,2023-09-08,NA,-2,"Corn","All Seasons",TRUE,12.25,49,60,"Urban - Medium Density",FALSE
3216,381,45,4,2023-09-27,TRUE,7,"Apricot","All Seasons",TRUE,7.43,29.72,23,"Urban - Medium Density",NA
3217,932,44,9,2023-04-08,TRUE,-2,"Apple","Summer",TRUE,9.24,83.16,36,"Urban - High Density",TRUE
3218,1772,47,9,2023-04-28,TRUE,1,"Mango","Summer",FALSE,2.32,20.88,52,"Urban - High Density",FALSE
3219,1985,15,8,2023-08-28,TRUE,7,"Cabbage","All Seasons",FALSE,3.34,26.72,29,"",TRUE
3220,277,27,5,2023-10-20,TRUE,-2,"Peach","Winter",TRUE,13.88,69.4,55,"Urban - High Density",TRUE
3221,9999,38,2,2023-08-02,FALSE,6,"Apricot","Summer",TRUE,8.8,17.6,NA,NA,NA
3222,1304,7,4,2023-11-29,FALSE,4,"Lettuce","Unknown",TRUE,8.68,34.72,70,"Urban - High Density",TRUE
3223,1057,24,1,2023-10-27,FALSE,3,"Asparagus","Winter",FALSE,2.01,2.01,28,"Urban - High Density",FALSE
3224,1893,32,9,2023-02-14,TRUE,1,"Raspberry","All Seasons",TRUE,12.49,112.41,32,"Urban - High Density",FALSE
3225,401,23,4,2023-12-19,TRUE,50,"Corn","Winter",FALSE,1.53,6.12,44,"Urban - Medium Density",TRUE
3226,809,40,9,2023-12-30,TRUE,4,"Orange","Winter",FALSE,3.87,34.83,55,"Urban - Medium Density",FALSE
3227,1524,35,1,2023-03-27,TRUE,4,"Hazelnut","All Seasons",TRUE,6.96,6.96,22,"Urban - High Density",FALSE
3228,65,39,-3,2023-06-10,TRUE,4,"Mango","All Seasons",TRUE,10.84,-32.52,61,"Rural",TRUE
3229,1109,5,0,2023-10-21,TRUE,1,"Apricot","Summer",FALSE,10.18,0,76,"Urban - High Density",TRUE
3230,585,11,10,2023-06-13,TRUE,2,"Strawberry","Summer",TRUE,5.35,53.5,50,"Urban - High Density",TRUE
3231,83,15,1,2023-03-18,TRUE,7,"Cabbage","All Seasons",FALSE,3.34,3.34,36,"Urban - High Density",TRUE
3232,1748,46,10,2023-04-11,TRUE,5,"Chestnut","All Seasons",TRUE,-4.08,-40.8,74,"Urban - Medium Density",TRUE
3233,1291,2,3,2023-12-21,TRUE,6,"Grape","Unknown",TRUE,10.56,31.68,18,"Rural",TRUE
3234,1326,25,0,2023-02-12,TRUE,2,"Broccoli","All Seasons",TRUE,3.11,0,20,"Urban - High Density",FALSE
3235,1428,21,3,2023-02-14,TRUE,1,"Sweet Potato","All Seasons",TRUE,12.3,36.9,75,"Urban - Medium Density",TRUE
3236,1220,46,10,2023-07-29,TRUE,50,"Chestnut","All Seasons",TRUE,-4.08,-40.8,48,"Rural",NA
3237,1247,32,5,2023-03-20,TRUE,1,"Raspberry","All Seasons",TRUE,12.49,62.45,57,"Urban - High Density",TRUE
3238,619,28,6,2023-09-08,TRUE,1,"Raspberry","Unknown",TRUE,14.97,89.82,40,"Urban - High Density",FALSE
3239,298,49,2,2023-08-12,TRUE,4,"Cherry","Summer",NA,1.84,3.68,31,"Urban - High Density",TRUE
3240,1470,34,10,2023-10-22,TRUE,3,"Celery","Winter",TRUE,5.77,57.7,120,"Urban - High Density",FALSE
3241,492,5,5,2023-10-29,FALSE,-2,"Apricot","Summer",FALSE,10.18,50.9,73,"Urban - Medium Density",TRUE
3242,1600,7,9,2023-12-23,TRUE,2,"Lettuce","Unknown",TRUE,8.68,78.12,76,"Unknown",TRUE
3243,1075,25,8,2023-12-25,NA,4,"Broccoli","All Seasons",TRUE,3.11,24.88,48,"Rural",FALSE
3244,1715,44,-3,2023-10-02,TRUE,6,"Apple","Summer",TRUE,9.24,-27.72,53,"Urban - Medium Density",FALSE
3245,122,21,5,2023-08-26,TRUE,1,"Sweet Potato","All Seasons",TRUE,12.3,61.5,22,"Urban - Medium Density",TRUE
3246,1997,29,7,2023-05-14,TRUE,5,"Orange","Summer",FALSE,9.07,63.49,26,"Urban - Medium Density",TRUE
3247,45,18,5,2023-06-25,TRUE,1,"Apple","All Seasons",TRUE,14.07,70.35,19,"Urban - Medium Density",TRUE
3248,781,43,10,2023-10-20,TRUE,3,"Pear","Unknown",TRUE,4.62,46.2,67,"Urban - High Density",FALSE
3249,1801,34,1,2023-08-23,TRUE,4,"Celery","Winter",TRUE,5.77,5.77,27,"Urban - High Density",TRUE
3250,596,16,6,2023-01-16,TRUE,-2,"Chestnut","Summer",TRUE,3.39,20.34,40,"Urban - High Density",FALSE
3251,1379,30,2,2023-07-04,TRUE,2,"Lychee","All Seasons",TRUE,1.21,2.42,76,"Urban - Medium Density",FALSE
3252,1098,29,5,2023-09-05,TRUE,-2,"Orange","Summer",FALSE,9.07,45.35,72,"Urban - High Density",TRUE
3253,67,37,6,2023-03-28,TRUE,5,"Radish","Unknown",TRUE,7.32,43.92,77,"",NA
3254,891,10,0,2023-03-18,TRUE,6,"Blueberry","Summer",FALSE,4.44,0,34,"Urban - High Density",TRUE
3255,1876,44,7,2023-10-23,TRUE,5,"Apple","Summer",TRUE,9.24,64.68,71,"Urban - Medium Density",TRUE
3256,443,37,4,2023-11-03,NA,4,"Radish","Unknown",TRUE,7.32,29.28,19,"Urban - Medium Density",FALSE
3257,1259,38,7,2023-01-06,TRUE,-2,"Apricot","Summer",TRUE,8.8,61.6,27,"Urban - Medium Density",FALSE
3258,444,47,5,2023-10-13,TRUE,50,"Mango","Summer",FALSE,2.32,11.6,80,"Urban - Medium Density",FALSE
3259,1311,49,0,2023-11-05,TRUE,5,"Cherry","Summer",NA,1.84,0,61,"Urban - Medium Density",FALSE
3260,914,49,10,2023-04-11,TRUE,6,"Cherry","Summer",NA,1.84,18.4,25,"Urban - High Density",TRUE
3261,1121,32,10,2023-12-09,TRUE,3,"Raspberry","All Seasons",TRUE,12.49,124.9,25,"Urban - High Density",TRUE
3262,1423,36,8,2023-01-12,TRUE,6,"Raspberry","Summer",TRUE,5.87,46.96,50,"Urban - High Density",TRUE
3263,1685,7,-3,2023-04-22,TRUE,2,"Lettuce","Unknown",TRUE,8.68,-26.04,39,"Urban - High Density",FALSE
3264,506,34,10,2023-09-18,TRUE,50,"Celery","Winter",TRUE,5.77,57.7,42,"Rural",TRUE
3265,1663,18,4,2023-09-23,TRUE,6,"Apple","All Seasons",TRUE,14.07,56.28,66,"Urban - High Density",FALSE
3266,1878,16,6,2023-05-30,TRUE,-2,"Chestnut","Summer",TRUE,3.39,20.34,25,"Urban - Medium Density",FALSE
3267,560,16,4,2023-07-07,TRUE,4,"Chestnut","Summer",TRUE,3.39,13.56,52,"Urban - High Density",FALSE
3268,1862,26,0,2023-01-18,TRUE,3,"Mango","Summer",TRUE,-1.79,0,44,"Urban - High Density",NA
3269,1070,17,8,2023-02-15,FALSE,2,"Pea","All Seasons",TRUE,-2.07,-16.56,33,"Urban - High Density",TRUE
3270,549,9,10,2023-08-27,TRUE,-2,"Onion","Unknown",TRUE,5.01,50.1,26,"Urban - High Density",TRUE
3271,1909,20,5,2023-02-14,TRUE,2,"Corn","All Seasons",TRUE,12.25,61.25,26,"Unknown",NA
3272,991,7,6,2023-03-03,TRUE,2,"Lettuce","Unknown",TRUE,8.68,52.08,77,"Urban - High Density",TRUE
3273,818,3,7,2023-01-22,TRUE,50,"Raspberry","Unknown",FALSE,10.26,71.82,35,"Urban - High Density",FALSE
3274,335,42,2,2023-12-06,TRUE,5,"Pomegranate","Winter",TRUE,10.95,21.9,78,"Urban - High Density",FALSE
3275,1768,24,3,2023-04-08,FALSE,1,"Asparagus","Winter",FALSE,2.01,6.03,39,"Urban - High Density",TRUE
3276,1503,16,1,2023-08-28,TRUE,4,"Chestnut","Summer",TRUE,3.39,3.39,43,"Urban - High Density",FALSE
3277,462,17,4,2023-05-02,FALSE,4,"Pea","All Seasons",TRUE,-2.07,-8.28,60,"Urban - Medium Density",TRUE
3278,877,42,10,2023-05-16,TRUE,2,"Pomegranate","Winter",TRUE,10.95,109.5,50,"Urban - High Density",FALSE
3279,464,18,1,2023-03-25,TRUE,-2,"Apple","All Seasons",TRUE,14.07,14.07,39,"Urban - High Density",TRUE
3280,1337,27,5,2023-02-01,TRUE,-2,"Peach","Winter",TRUE,13.88,69.4,64,"Urban - Medium Density",FALSE
3281,1305,26,1,2023-04-27,TRUE,50,"Mango","Summer",TRUE,-1.79,-1.79,50,"Urban - Medium Density",FALSE
3282,1351,41,4,2023-05-13,TRUE,7,"Strawberry","Summer",TRUE,4.94,19.76,68,"Urban - High Density",FALSE
3283,75,34,1,2023-01-11,TRUE,6,"Celery","Winter",TRUE,5.77,5.77,47,"Urban - High Density",TRUE
3284,552,33,2,2023-11-25,TRUE,-2,"Banana","All Seasons",TRUE,13.25,26.5,26,"Urban - High Density",FALSE
3285,1197,29,9,2023-05-04,TRUE,50,"Orange","Summer",FALSE,9.07,81.63,34,"Urban - High Density",FALSE
3286,1788,42,9,2023-05-09,TRUE,-2,"Pomegranate","Winter",TRUE,10.95,98.55,48,"Urban - High Density",TRUE
3287,340,20,0,2023-11-11,TRUE,1,"Corn","All Seasons",TRUE,12.25,0,22,"Urban - Medium Density",TRUE
3288,1551,8,0,2023-05-12,TRUE,4,"Garlic","Winter",TRUE,3.66,0,63,"Urban - High Density",TRUE
3289,276,22,8,2023-10-23,TRUE,5,"Green Bean","All Seasons",FALSE,-4.21,-33.68,43,"Rural",TRUE
3290,1340,10,8,2023-06-29,TRUE,1,"Blueberry","Summer",FALSE,4.44,35.52,65,"Urban - Medium Density",FALSE
3291,194,37,10,2023-01-17,FALSE,2,"Radish","Unknown",TRUE,7.32,73.2,28,"Rural",FALSE
3292,1708,10,6,2023-11-19,TRUE,5,"Blueberry","Summer",FALSE,4.44,26.64,59,"Urban - High Density",TRUE
3293,745,27,5,2023-12-15,TRUE,3,"Peach","Winter",TRUE,13.88,69.4,61,"Urban - Medium Density",TRUE
3294,1098,4,0,2023-08-08,TRUE,7,"Watermelon","Unknown",TRUE,12.08,0,72,"Urban - High Density",TRUE
3295,547,37,5,2023-03-09,TRUE,5,"Radish","Unknown",TRUE,7.32,36.6,40,"Urban - High Density",FALSE
3296,92,50,10,2023-10-28,TRUE,4,"Sweet Potato","Unknown",FALSE,1.01,10.1,5,"Urban - High Density",TRUE
3297,393,8,1,2023-03-05,TRUE,50,"Garlic","Winter",TRUE,3.66,3.66,56,"Urban - High Density",FALSE
3298,320,30,3,2023-08-24,TRUE,3,"Lychee","All Seasons",TRUE,1.21,3.63,72,"Urban - Medium Density",TRUE
3299,252,13,6,2023-05-17,TRUE,-2,"Cucumber","All Seasons",NA,8.17,49.02,30,"Urban - High Density",TRUE
3300,1221,10,8,2023-07-14,TRUE,5,"Blueberry","Summer",FALSE,4.44,35.52,22,"Urban - Medium Density",FALSE
3301,170,17,6,2023-11-09,TRUE,6,"Pea","All Seasons",TRUE,-2.07,-12.42,70,"Urban - High Density",TRUE
3302,573,41,1,2023-09-28,TRUE,5,"Strawberry","Summer",TRUE,4.94,4.94,58,"Urban - High Density",TRUE
3303,1724,20,6,2023-04-10,TRUE,2,"Corn","All Seasons",TRUE,12.25,73.5,22,"Urban - Medium Density",TRUE
3304,1848,23,0,2023-08-18,TRUE,4,"Corn","Winter",FALSE,1.53,0,41,"Urban - Medium Density",TRUE
3305,24,11,7,2023-07-02,TRUE,7,"Strawberry","Summer",TRUE,5.35,37.45,75,"Rural",TRUE
3306,1595,31,7,2023-09-04,TRUE,4,"Chestnut","All Seasons",NA,0.13,0.91,20,"Urban - Medium Density",FALSE
3307,1539,10,4,2023-12-30,TRUE,50,"Blueberry","Summer",FALSE,4.44,17.76,40,"Urban - Medium Density",FALSE
3308,932,32,2,2023-04-28,TRUE,6,"Raspberry","All Seasons",TRUE,12.49,24.98,36,"Urban - High Density",TRUE
3309,296,42,7,2023-01-17,TRUE,1,"Pomegranate","Winter",TRUE,10.95,76.65,69,"Urban - High Density",FALSE
3310,1938,43,4,2023-12-05,TRUE,6,"Pear","Unknown",TRUE,4.62,18.48,60,"Urban - Medium Density",TRUE
3311,1747,10,10,2023-07-07,TRUE,4,"Blueberry","Summer",FALSE,4.44,44.4,79,"Urban - High Density",TRUE
3312,47,36,1,2023-04-18,TRUE,2,"Raspberry","Summer",TRUE,5.87,5.87,40,"Urban - Medium Density",TRUE
3313,518,15,7,2023-05-12,TRUE,5,"Cabbage","All Seasons",FALSE,3.34,23.38,36,"Urban - High Density",FALSE
3314,690,37,3,2023-11-10,TRUE,7,"Radish","Unknown",TRUE,7.32,21.96,60,"Rural",TRUE
3315,1391,27,5,2023-05-15,TRUE,1,"Peach","Winter",TRUE,13.88,69.4,56,"Rural",FALSE
3316,1793,31,4,2023-08-10,TRUE,4,"Chestnut","All Seasons",NA,0.13,0.52,51,"Urban - High Density",TRUE
3317,234,37,1,2023-09-30,TRUE,-2,"Radish","Unknown",TRUE,7.32,7.32,34,"Rural",FALSE
3318,1571,48,10,2023-03-31,TRUE,5,"Blueberry","Winter",TRUE,0.78,7.8,55,"Urban - High Density",FALSE
3319,1747,26,1,2023-12-02,TRUE,7,"Mango","Summer",TRUE,-1.79,-1.79,79,"Urban - High Density",TRUE
3320,159,19,3,2023-10-03,TRUE,5,"Banana","Winter",TRUE,-0.17,-0.51,32,"Urban - High Density",FALSE
3321,1885,46,4,2023-02-07,TRUE,1,"Chestnut","All Seasons",TRUE,-4.08,-16.32,67,"Urban - High Density",FALSE
3322,1469,4,9,2023-12-08,TRUE,7,"Watermelon","Unknown",TRUE,12.08,108.72,62,"Urban - Medium Density",TRUE
3323,1446,19,10,2023-02-28,TRUE,-2,"Banana","Winter",TRUE,-0.17,-1.7,63,"Urban - High Density",FALSE
3324,879,49,7,2023-03-12,TRUE,-2,"Cherry","Summer",NA,1.84,12.88,28,"Urban - High Density",TRUE
3325,1448,5,-3,2023-02-02,TRUE,2,"Apricot","Summer",FALSE,10.18,-30.54,79,"Rural",FALSE
3326,1991,3,2,2023-05-16,TRUE,4,"Raspberry","Unknown",FALSE,10.26,20.52,50,"Urban - High Density",TRUE
3327,904,43,7,2023-05-17,TRUE,-2,"Pear","Unknown",TRUE,4.62,32.34,20,"Urban - Medium Density",TRUE
3328,884,38,0,2023-05-17,FALSE,1,"Apricot","Summer",TRUE,8.8,0,24,"Rural",TRUE
3329,99,39,9,2023-03-20,TRUE,4,"Mango","All Seasons",TRUE,10.84,97.56,51,"Rural",FALSE
3330,848,27,-3,2023-11-09,TRUE,50,"Peach","Winter",TRUE,13.88,-41.64,75,"Urban - Medium Density",TRUE
3331,1208,24,6,2023-03-03,TRUE,4,"Asparagus","Winter",FALSE,2.01,12.06,70,"Unknown",TRUE
3332,122,50,2,2023-06-26,TRUE,3,"Sweet Potato","Unknown",FALSE,1.01,2.02,22,"Urban - Medium Density",TRUE
3333,559,28,10,2023-05-04,TRUE,-2,"Raspberry","Unknown",TRUE,14.97,149.7,48,"Urban - High Density",TRUE
3334,1745,28,3,2023-02-22,TRUE,5,"Raspberry","Unknown",TRUE,14.97,44.91,75,"Urban - Medium Density",TRUE
3335,1181,39,5,2023-12-15,TRUE,2,"Mango","All Seasons",TRUE,10.84,54.2,51,"Urban - High Density",NA
3336,1787,45,7,2023-10-08,TRUE,6,"Apricot","All Seasons",TRUE,7.43,52.01,69,"Urban - Medium Density",FALSE
3337,576,36,10,2023-12-10,TRUE,7,"Raspberry","Summer",TRUE,5.87,58.7,32,"Urban - High Density",FALSE
3338,937,21,4,2023-05-08,TRUE,2,"Sweet Potato","All Seasons",TRUE,12.3,49.2,45,"Urban - High Density",NA
3339,743,44,2,2023-08-06,TRUE,3,"Apple","Summer",TRUE,9.24,18.48,56,"Urban - Medium Density",TRUE
3340,168,43,7,2023-06-01,TRUE,50,"Pear","Unknown",TRUE,4.62,32.34,40,"Urban - Medium Density",TRUE
3341,380,30,6,2023-06-10,TRUE,6,"Lychee","All Seasons",TRUE,1.21,7.26,60,"Urban - High Density",FALSE
3342,278,39,10,2023-03-07,TRUE,7,"Mango","All Seasons",TRUE,10.84,108.4,21,"Rural",TRUE
3343,650,34,4,2023-02-23,TRUE,2,"Celery","Winter",TRUE,5.77,23.08,63,"Rural",TRUE
3344,348,22,9,2023-07-26,TRUE,50,"Green Bean","All Seasons",FALSE,-4.21,-37.89,44,"Urban - High Density",FALSE
3345,558,13,0,2023-11-13,TRUE,5,"Cucumber","All Seasons",NA,8.17,0,55,"Urban - High Density",FALSE
3346,1063,17,0,2023-11-14,TRUE,6,"Pea","All Seasons",TRUE,-2.07,0,65,"Rural",TRUE
3347,1822,1,7,2023-02-08,TRUE,50,"Strawberry","Unknown",TRUE,4.42,30.94,40,"Urban - Medium Density",TRUE
3348,406,25,6,2023-01-28,TRUE,5,"Broccoli","All Seasons",TRUE,3.11,18.66,28,"Urban - High Density",TRUE
3349,1357,49,2,2023-12-02,TRUE,7,"Cherry","Summer",NA,1.84,3.68,25,"Rural",FALSE
3350,1619,46,5,2023-12-12,TRUE,5,"Chestnut","All Seasons",TRUE,-4.08,-20.4,26,"Urban - Medium Density",TRUE
3351,46,23,6,2023-08-15,TRUE,1,"Corn","Winter",FALSE,1.53,9.18,28,"Urban - High Density",TRUE
3352,1051,17,8,2023-11-27,TRUE,4,"Pea","All Seasons",TRUE,-2.07,-16.56,42,"Urban - Medium Density",TRUE
3353,1536,8,5,2023-03-09,TRUE,5,"Garlic","Winter",TRUE,3.66,18.3,61,"Urban - Medium Density",TRUE
3354,1767,36,6,2023-08-17,FALSE,1,"Raspberry","Summer",TRUE,5.87,35.22,28,"Urban - Medium Density",NA
3355,29,23,5,2023-02-08,TRUE,1,"Corn","Winter",FALSE,1.53,7.65,53,"Rural",TRUE
3356,155,26,7,2023-01-02,TRUE,-2,"Mango","Summer",TRUE,-1.79,-12.53,41,"Urban - High Density",FALSE
3357,406,10,1,2023-11-02,TRUE,3,"Blueberry","Summer",FALSE,4.44,4.44,28,"Urban - High Density",TRUE
3358,1165,8,3,2023-04-11,TRUE,6,"Garlic","Winter",TRUE,3.66,10.98,79,"Rural",TRUE
3359,734,21,2,2023-06-26,TRUE,-2,"Sweet Potato","All Seasons",TRUE,12.3,24.6,32,"Urban - High Density",FALSE
3360,1281,1,6,2023-09-12,TRUE,4,"Strawberry","Unknown",TRUE,4.42,26.52,77,"Urban - High Density",TRUE
3361,686,48,3,2023-08-21,TRUE,1,"Blueberry","Winter",TRUE,0.78,2.34,36,"Urban - High Density",TRUE
3362,1289,4,7,2023-04-07,TRUE,6,"Watermelon","Unknown",TRUE,12.08,84.56,72,"Urban - High Density",FALSE
3363,1114,18,3,2023-01-25,TRUE,2,"Apple","All Seasons",TRUE,14.07,42.21,71,"Urban - High Density",TRUE
3364,1782,9,5,2023-07-06,TRUE,3,"Onion","Unknown",TRUE,5.01,25.05,25,"Urban - High Density",TRUE
3365,1560,28,8,2023-11-12,TRUE,4,"Raspberry","Unknown",TRUE,14.97,119.76,37,"Urban - High Density",FALSE
3366,1244,26,2,2023-05-16,TRUE,1,"Mango","Summer",TRUE,-1.79,-3.58,78,"Urban - High Density",TRUE
3367,1859,36,2,2023-11-15,TRUE,1,"Raspberry","Summer",TRUE,5.87,11.74,65,"Urban - High Density",TRUE
3368,422,49,9,2023-02-19,TRUE,5,"Cherry","Summer",NA,1.84,16.56,43,"Urban - Medium Density",TRUE
3369,662,5,4,2023-09-20,TRUE,2,"Apricot","Summer",FALSE,10.18,40.72,41,"Urban - Medium Density",FALSE
3370,313,28,1,2023-10-18,TRUE,3,"Raspberry","Unknown",TRUE,14.97,14.97,72,"Urban - High Density",NA
3371,1976,11,9,2023-02-12,TRUE,3,"Strawberry","Summer",TRUE,5.35,48.15,20,"Urban - High Density",TRUE
3372,947,24,2,2023-02-24,TRUE,3,"Asparagus","Winter",FALSE,2.01,4.02,5,"Urban - High Density",TRUE
3373,1225,27,-3,2023-09-08,TRUE,50,"Peach","Winter",TRUE,13.88,-41.64,40,"Urban - High Density",FALSE
3374,970,46,8,2023-03-14,TRUE,-2,"Chestnut","All Seasons",TRUE,-4.08,-32.64,30,"Urban - Medium Density",TRUE
3375,1233,34,9,2023-09-02,TRUE,2,"Celery","Winter",TRUE,5.77,51.93,70,"Unknown",FALSE
3376,1595,17,1,2023-11-14,TRUE,5,"Pea","All Seasons",TRUE,-2.07,-2.07,20,"Urban - Medium Density",FALSE
3377,1499,5,8,2023-04-23,TRUE,1,"Apricot","Summer",FALSE,10.18,81.44,31,"Urban - High Density",TRUE
3378,390,18,8,2023-07-16,TRUE,5,"Apple","All Seasons",TRUE,14.07,112.56,23,"Urban - Medium Density",TRUE
3379,1548,15,4,2023-12-18,TRUE,2,"Cabbage","All Seasons",FALSE,3.34,13.36,52,"Rural",TRUE
3380,1362,15,2,2023-02-05,TRUE,4,"Cabbage","All Seasons",FALSE,3.34,6.68,41,"Urban - High Density",TRUE
3381,515,23,9,2023-09-03,TRUE,7,"Corn","Winter",FALSE,1.53,13.77,70,"Urban - Medium Density",FALSE
3382,1045,12,5,2023-07-24,TRUE,-2,"Banana","All Seasons",TRUE,10.29,51.45,5,"Urban - Medium Density",TRUE
3383,1849,12,3,2023-02-09,TRUE,5,"Banana","All Seasons",TRUE,10.29,30.87,72,"Urban - Medium Density",TRUE
3384,196,13,7,2023-03-22,TRUE,2,"Cucumber","All Seasons",NA,8.17,57.19,76,"Urban - High Density",FALSE
3385,1691,19,8,2023-02-03,TRUE,6,"Banana","Winter",TRUE,-0.17,-1.36,37,"Urban - High Density",NA
3386,957,35,7,2023-02-22,TRUE,6,"Hazelnut","All Seasons",TRUE,6.96,48.72,54,"Rural",TRUE
3387,355,14,2,2023-07-17,TRUE,50,"Fig","Summer",TRUE,3.67,7.34,48,"Urban - Medium Density",TRUE
3388,994,39,6,2023-07-31,TRUE,50,"Mango","All Seasons",TRUE,10.84,65.04,39,"Urban - High Density",TRUE
3389,1712,12,8,2023-08-02,TRUE,-2,"Banana","All Seasons",TRUE,10.29,82.32,78,"Rural",TRUE
3390,590,31,0,2023-01-30,TRUE,3,"Chestnut","All Seasons",NA,0.13,0,50,"Unknown",FALSE
3391,749,44,-3,2023-08-04,TRUE,2,"Apple","Summer",TRUE,9.24,-27.72,61,"Urban - High Density",FALSE
3392,57,28,2,2023-04-24,TRUE,5,"Raspberry","Unknown",TRUE,14.97,29.94,45,"Urban - High Density",FALSE
3393,1842,9,9,2023-03-16,TRUE,6,"Onion","Unknown",TRUE,5.01,45.09,54,"Urban - High Density",TRUE
3394,1056,35,7,2023-01-19,TRUE,4,"Hazelnut","All Seasons",TRUE,6.96,48.72,57,"Urban - High Density",FALSE
3395,734,34,6,2023-01-08,TRUE,3,"Celery","Winter",TRUE,5.77,34.62,32,"Urban - High Density",FALSE
3396,902,38,3,2023-10-16,TRUE,1,"Apricot","Summer",TRUE,8.8,26.4,68,"Urban - High Density",TRUE
3397,1359,14,0,2023-08-12,TRUE,-2,"Fig","Summer",TRUE,3.67,0,62,"Urban - Medium Density",TRUE
3398,1508,7,9,2023-06-27,TRUE,7,"Lettuce","Unknown",TRUE,8.68,78.12,35,"Urban - High Density",FALSE
3399,949,5,10,2023-05-23,TRUE,2,"Apricot","Summer",FALSE,10.18,101.8,29,"Urban - High Density",FALSE
3400,514,17,4,2023-06-04,TRUE,6,"Pea","All Seasons",TRUE,-2.07,-8.28,46,"Urban - High Density",FALSE
3401,836,23,1,2023-07-16,TRUE,-2,"Corn","Winter",FALSE,1.53,1.53,42,"Urban - High Density",TRUE
3402,496,44,1,2023-01-12,TRUE,1,"Apple","Summer",TRUE,9.24,9.24,120,"Urban - High Density",FALSE
3403,1323,30,6,2023-05-28,TRUE,5,"Lychee","All Seasons",TRUE,1.21,7.26,55,"Urban - Medium Density",FALSE
3404,732,38,7,2023-02-28,TRUE,5,"Apricot","Summer",TRUE,8.8,61.6,61,"Unknown",TRUE
3405,824,31,0,2023-09-24,TRUE,50,"Chestnut","All Seasons",NA,0.13,0,75,"Urban - High Density",TRUE
3406,1665,48,2,2023-01-11,TRUE,7,"Blueberry","Winter",TRUE,0.78,1.56,59,"Urban - High Density",TRUE
3407,714,23,-3,2023-06-23,TRUE,-2,"Corn","Winter",FALSE,1.53,-4.59,39,"Urban - High Density",TRUE
3408,1103,20,10,2023-06-27,TRUE,1,"Corn","All Seasons",TRUE,12.25,122.5,70,"Urban - High Density",TRUE
3409,867,32,6,2023-11-06,TRUE,7,"Raspberry","All Seasons",TRUE,12.49,74.94,46,"Urban - High Density",FALSE
3410,1972,16,7,2023-02-27,TRUE,-2,"Chestnut","Summer",TRUE,3.39,23.73,70,"Rural",FALSE
3411,570,48,2,2023-03-26,TRUE,7,"Blueberry","Winter",TRUE,0.78,1.56,80,"Urban - Medium Density",TRUE
3412,499,3,4,2023-11-09,TRUE,6,"Raspberry","Unknown",FALSE,10.26,41.04,47,"Urban - Medium Density",FALSE
3413,769,7,1,2023-10-31,TRUE,2,"Lettuce","Unknown",TRUE,8.68,8.68,120,"Rural",FALSE
3414,13,25,2,2023-07-11,TRUE,50,"Broccoli","All Seasons",TRUE,3.11,6.22,57,"Urban - Medium Density",FALSE
3415,75,9,7,2023-08-20,TRUE,-2,"Onion","Unknown",TRUE,5.01,35.07,47,"Urban - High Density",TRUE
3416,163,20,-3,2023-03-01,TRUE,4,"Corn","All Seasons",TRUE,12.25,-36.75,35,"Urban - Medium Density",TRUE
3417,671,43,-3,2023-02-27,TRUE,5,"Pear","Unknown",TRUE,4.62,-13.86,31,"Urban - Medium Density",TRUE
3418,614,50,0,2023-11-27,TRUE,6,"Sweet Potato","Unknown",FALSE,1.01,0,80,"Urban - High Density",TRUE
3419,831,17,10,2023-01-23,TRUE,50,"Pea","All Seasons",TRUE,-2.07,-20.7,34,"Urban - Medium Density",FALSE
3420,254,24,2,2023-08-01,TRUE,4,"Asparagus","Winter",FALSE,2.01,4.02,74,"Urban - Medium Density",FALSE
3421,1491,45,4,2023-01-11,TRUE,2,"Apricot","All Seasons",TRUE,7.43,29.72,5,"Urban - Medium Density",FALSE
3422,1032,31,9,2023-01-12,TRUE,1,"Chestnut","All Seasons",NA,0.13,1.17,68,"Urban - High Density",FALSE
3423,1856,41,9,2023-06-07,TRUE,7,"Strawberry","Summer",TRUE,4.94,44.46,33,"Urban - High Density",TRUE
3424,1933,7,0,2023-11-19,TRUE,-2,"Lettuce","Unknown",TRUE,8.68,0,45,"Unknown",FALSE
3425,51,42,1,2023-06-18,TRUE,50,"Pomegranate","Winter",TRUE,10.95,10.95,40,"Urban - High Density",TRUE
3426,1088,26,0,2023-09-06,TRUE,4,"Mango","Summer",TRUE,-1.79,0,23,"Rural",TRUE
3427,1208,19,5,2023-10-14,TRUE,50,"Banana","Winter",TRUE,-0.17,-0.85,70,"Unknown",TRUE
3428,588,19,10,2023-05-16,TRUE,7,"Banana","Winter",TRUE,-0.17,-1.7,31,"Rural",TRUE
3429,9,3,-3,2023-06-28,TRUE,2,"Raspberry","Unknown",FALSE,10.26,-30.78,72,"Urban - High Density",FALSE
3430,1517,27,7,2023-07-13,TRUE,6,"Peach","Winter",TRUE,13.88,97.16,34,"Urban - High Density",TRUE
3431,280,23,10,2023-06-22,TRUE,5,"Corn","Winter",FALSE,1.53,15.3,70,"Urban - Medium Density",TRUE
3432,1313,50,8,2023-02-18,TRUE,-2,"Sweet Potato","Unknown",FALSE,1.01,8.08,69,"Urban - High Density",TRUE
3433,1120,13,5,2023-11-27,TRUE,2,"Cucumber","All Seasons",NA,8.17,40.85,53,"Urban - Medium Density",NA
3434,1129,26,8,2023-06-25,TRUE,-2,"Mango","Summer",TRUE,-1.79,-14.32,34,"Urban - High Density",TRUE
3435,1880,11,0,2023-04-27,TRUE,-2,"Strawberry","Summer",TRUE,5.35,0,26,"Urban - High Density",TRUE
3436,1519,8,9,2023-09-12,TRUE,-2,"Garlic","Winter",TRUE,3.66,32.94,57,"Rural",FALSE
3437,714,7,2,2023-07-01,TRUE,50,"Lettuce","Unknown",TRUE,8.68,17.36,39,"Urban - High Density",TRUE
3438,789,3,1,2023-12-08,TRUE,4,"Raspberry","Unknown",FALSE,10.26,10.26,25,"Rural",TRUE
3439,250,19,9,2023-10-12,TRUE,-2,"Banana","Winter",TRUE,-0.17,-1.53,66,"Urban - High Density",NA
3440,1982,29,10,2023-04-30,TRUE,50,"Orange","Summer",FALSE,9.07,90.7,51,"Urban - High Density",TRUE
3441,1333,12,9,2023-04-29,FALSE,4,"Banana","All Seasons",TRUE,10.29,92.61,78,"Urban - Medium Density",TRUE
3442,869,43,7,2023-01-16,TRUE,50,"Pear","Unknown",TRUE,4.62,32.34,77,"Urban - High Density",FALSE
3443,1317,14,2,2023-09-23,TRUE,3,"Fig","Summer",TRUE,3.67,7.34,22,"Urban - High Density",TRUE
3444,759,29,0,2023-06-11,TRUE,5,"Orange","Summer",FALSE,9.07,0,27,"Rural",FALSE
3445,1606,43,1,2023-05-02,TRUE,6,"Pear","Unknown",TRUE,4.62,4.62,30,"Urban - Medium Density",TRUE
3446,1722,45,5,2023-05-04,TRUE,7,"Apricot","All Seasons",TRUE,7.43,37.15,43,"Urban - High Density",FALSE
3447,67,29,10,2023-04-02,TRUE,1,"Orange","Summer",FALSE,9.07,90.7,77,"",NA
3448,275,23,5,2023-10-01,TRUE,-2,"Corn","Winter",FALSE,1.53,7.65,42,"Urban - High Density",TRUE
3449,116,34,2,2023-10-24,TRUE,4,"Celery","Winter",TRUE,5.77,11.54,48,"Urban - High Density",TRUE
3450,1690,40,4,2023-09-07,TRUE,1,"Orange","Winter",FALSE,3.87,15.48,77,"Urban - High Density",TRUE
3451,1574,45,1,2023-08-05,TRUE,50,"Apricot","All Seasons",TRUE,7.43,7.43,38,"Urban - Medium Density",TRUE
3452,1081,1,4,2023-07-30,TRUE,7,"Strawberry","Unknown",TRUE,4.42,17.68,29,"Urban - High Density",FALSE
3453,1195,1,0,2023-02-24,TRUE,50,"Strawberry","Unknown",TRUE,4.42,0,51,"Urban - High Density",TRUE
3454,735,11,0,2023-06-08,TRUE,7,"Strawberry","Summer",TRUE,5.35,0,24,"Urban - Medium Density",TRUE
3455,1702,50,10,2023-07-28,TRUE,3,"Sweet Potato","Unknown",FALSE,1.01,10.1,38,"Urban - High Density",TRUE
3456,1367,28,9,2023-05-15,TRUE,4,"Raspberry","Unknown",TRUE,14.97,134.73,77,"Urban - High Density",FALSE
3457,83,13,10,2023-07-23,TRUE,-2,"Cucumber","All Seasons",NA,8.17,81.7,36,"Urban - High Density",TRUE
3458,12,16,9,2023-08-27,TRUE,4,"Chestnut","Summer",TRUE,3.39,30.51,22,"Urban - High Density",TRUE
3459,1851,46,2,2023-08-13,TRUE,4,"Chestnut","All Seasons",TRUE,-4.08,-8.16,58,"Urban - High Density",TRUE
3460,280,50,7,2023-07-10,TRUE,5,"Sweet Potato","Unknown",FALSE,1.01,7.07,70,"Urban - Medium Density",TRUE
3461,1335,50,0,2023-12-10,TRUE,6,"Sweet Potato","Unknown",FALSE,1.01,0,76,"Urban - Medium Density",TRUE
3462,1118,3,7,2023-11-08,TRUE,4,"Raspberry","Unknown",FALSE,10.26,71.82,41,"Urban - High Density",TRUE
3463,1230,35,5,2023-01-08,TRUE,3,"Hazelnut","All Seasons",TRUE,6.96,34.8,34,"Rural",FALSE
3464,1874,14,0,2023-06-05,TRUE,1,"Fig","Summer",TRUE,3.67,0,51,"Urban - High Density",FALSE
3465,1576,24,10,2023-06-12,TRUE,3,"Asparagus","Winter",FALSE,2.01,20.1,27,"Urban - High Density",FALSE
3466,1905,38,0,2023-08-16,TRUE,3,"Apricot","Summer",TRUE,8.8,0,34,"Urban - High Density",FALSE
3467,1448,37,10,2023-05-11,NA,6,"Radish","Unknown",TRUE,7.32,73.2,79,"Rural",FALSE
3468,1608,29,5,NA,TRUE,7,"Orange","Summer",FALSE,9.07,45.35,23,"Urban - High Density",TRUE
3469,188,5,-3,2023-03-17,FALSE,6,"Apricot","Summer",FALSE,10.18,-30.54,28,"Urban - High Density",FALSE
3470,1377,2,7,2023-09-23,TRUE,7,"Grape","Unknown",TRUE,10.56,73.92,18,"Urban - High Density",TRUE
3471,1533,11,-3,2023-09-16,TRUE,-2,"Strawberry","Summer",TRUE,5.35,-16.05,26,"Urban - Medium Density",FALSE
3472,1766,24,9,2023-07-14,TRUE,1,"Asparagus","Winter",FALSE,2.01,18.09,31,"Urban - High Density",FALSE
3473,745,35,2,2023-07-20,TRUE,2,"Hazelnut","All Seasons",TRUE,6.96,13.92,61,"Urban - Medium Density",TRUE
3474,440,22,9,2023-07-16,TRUE,-2,"Green Bean","All Seasons",FALSE,-4.21,-37.89,79,"Urban - High Density",TRUE
3475,1885,8,-3,2023-11-15,TRUE,7,"Garlic","Winter",TRUE,3.66,-10.98,67,"Urban - High Density",FALSE
3476,485,23,2,2023-06-19,TRUE,2,"Corn","Winter",FALSE,1.53,3.06,58,"Urban - High Density",FALSE
3477,821,45,10,2023-03-13,TRUE,5,"Apricot","All Seasons",TRUE,7.43,74.3,29,"Rural",TRUE
3478,1190,24,0,2023-07-07,TRUE,50,"Asparagus","Winter",FALSE,2.01,0,33,"Urban - Medium Density",TRUE
3479,935,7,9,2023-05-21,TRUE,6,"Lettuce","Unknown",TRUE,8.68,78.12,31,"Urban - Medium Density",FALSE
3480,1726,42,5,2023-10-06,TRUE,50,"Pomegranate","Winter",TRUE,10.95,54.75,47,"Urban - Medium Density",TRUE
3481,1058,47,4,2023-08-22,TRUE,4,"Mango","Summer",FALSE,2.32,9.28,79,"Rural",FALSE
3482,1913,28,1,2023-01-10,TRUE,7,"Raspberry","Unknown",TRUE,14.97,14.97,67,"Urban - Medium Density",TRUE
3483,389,30,0,2023-05-14,TRUE,50,"Lychee","All Seasons",TRUE,1.21,0,56,"Rural",TRUE
3484,329,22,6,2023-12-09,TRUE,50,"Green Bean","All Seasons",FALSE,-4.21,-25.26,64,"Unknown",TRUE
3485,716,25,3,2023-10-06,TRUE,7,"Broccoli","All Seasons",TRUE,3.11,9.33,45,"Urban - High Density",FALSE
3486,368,42,6,2023-12-19,TRUE,-2,"Pomegranate","Winter",TRUE,10.95,65.7,68,"Urban - Medium Density",TRUE
3487,408,19,3,2023-05-01,TRUE,4,"Banana","Winter",TRUE,-0.17,-0.51,56,"Urban - Medium Density",TRUE
3488,1463,40,7,2023-01-19,TRUE,3,"Orange","Winter",FALSE,3.87,27.09,76,"Rural",TRUE
3489,1086,2,7,2023-04-23,TRUE,1,"Grape","Unknown",TRUE,10.56,73.92,76,"Urban - High Density",TRUE
3490,1870,33,1,2023-04-21,TRUE,5,"Banana","All Seasons",TRUE,13.25,13.25,52,"Rural",TRUE
3491,1158,20,4,2023-07-07,TRUE,1,"Corn","All Seasons",TRUE,12.25,49,69,"Urban - Medium Density",FALSE
3492,610,48,0,2023-05-31,TRUE,50,"Blueberry","Winter",TRUE,0.78,0,53,"Urban - Medium Density",TRUE
3493,1064,15,1,2023-12-30,TRUE,2,"Cabbage","All Seasons",FALSE,3.34,3.34,77,"Urban - High Density",TRUE
3494,1879,28,9,2023-12-11,TRUE,4,"Raspberry","Unknown",TRUE,14.97,134.73,48,"Urban - High Density",FALSE
3495,1613,26,8,2023-05-13,TRUE,50,"Mango","Summer",TRUE,-1.79,-14.32,78,"Urban - High Density",TRUE
3496,521,49,2,2023-12-08,TRUE,7,"Cherry","Summer",NA,1.84,3.68,38,"Urban - High Density",FALSE
3497,1737,3,1,2023-02-24,TRUE,4,"Raspberry","Unknown",FALSE,10.26,10.26,41,"Urban - Medium Density",FALSE
3498,671,35,7,2023-12-02,TRUE,2,"Hazelnut","All Seasons",TRUE,6.96,48.72,31,"Urban - Medium Density",TRUE
3499,1349,12,2,2023-03-22,TRUE,7,"Banana","All Seasons",TRUE,10.29,20.58,40,"Urban - High Density",FALSE
3500,1311,11,2,2023-09-21,TRUE,1,"Strawberry","Summer",TRUE,5.35,10.7,61,"Urban - Medium Density",FALSE
3501,1115,6,2,2023-10-07,TRUE,1,"Walnut","Summer",TRUE,-3.25,-6.5,20,"Rural",NA
3502,357,10,4,2023-10-27,TRUE,5,"Blueberry","Summer",FALSE,4.44,17.76,79,"Urban - High Density",TRUE
3503,1008,12,5,2023-11-10,TRUE,3,"Banana","All Seasons",TRUE,10.29,51.45,24,"Urban - High Density",TRUE
3504,1968,42,-3,2023-02-11,TRUE,4,"Pomegranate","Winter",TRUE,10.95,-32.85,77,"Urban - Medium Density",FALSE
3505,635,34,-3,2023-03-27,TRUE,2,"Celery","Winter",TRUE,5.77,-17.31,56,"",FALSE
3506,5,37,8,2023-09-01,TRUE,6,"Radish","Unknown",TRUE,7.32,58.56,65,"Rural",TRUE
3507,145,5,1,2023-03-25,TRUE,4,"Apricot","Summer",FALSE,10.18,10.18,38,"Urban - High Density",TRUE
3508,1671,33,7,2023-05-03,TRUE,2,"Banana","All Seasons",TRUE,13.25,92.75,55,"Rural",TRUE
3509,909,10,2,2023-12-13,TRUE,7,"Blueberry","Summer",FALSE,4.44,8.88,26,"Urban - High Density",FALSE
3510,728,40,9,2023-04-19,TRUE,50,"Orange","Winter",FALSE,3.87,34.83,36,"Urban - Medium Density",FALSE
3511,1610,38,10,2023-07-14,TRUE,3,"Apricot","Summer",TRUE,8.8,88,75,"Urban - Medium Density",FALSE
3512,1184,22,3,2023-09-19,TRUE,4,"Green Bean","All Seasons",FALSE,-4.21,-12.63,71,"Urban - High Density",TRUE
3513,470,2,3,2023-05-07,TRUE,50,"Grape","Unknown",TRUE,10.56,31.68,47,"Urban - High Density",FALSE
3514,667,1,3,2023-04-11,TRUE,4,"Strawberry","Unknown",TRUE,4.42,13.26,18,"Urban - Medium Density",TRUE
3515,1253,34,3,2023-12-02,TRUE,4,"Celery","Winter",TRUE,5.77,17.31,75,"Rural",TRUE
3516,112,2,5,2023-12-02,TRUE,1,"Grape","Unknown",TRUE,10.56,52.8,51,"Urban - Medium Density",TRUE
3517,229,25,0,2023-09-03,TRUE,-2,"Broccoli","All Seasons",TRUE,3.11,0,23,"Urban - High Density",TRUE
3518,907,6,7,2023-01-07,TRUE,50,"Walnut","Summer",TRUE,-3.25,-22.75,32,"Urban - High Density",FALSE
3519,1028,34,1,2023-08-25,TRUE,5,"Celery","Winter",TRUE,5.77,5.77,78,"Urban - High Density",FALSE
3520,25,11,7,2023-08-26,TRUE,2,"Strawberry","Summer",TRUE,5.35,37.45,68,"Urban - Medium Density",TRUE
3521,361,30,0,2023-08-22,TRUE,6,"Lychee","All Seasons",TRUE,1.21,0,40,"Urban - High Density",TRUE
3522,313,21,6,2023-06-21,FALSE,5,"Sweet Potato","All Seasons",TRUE,12.3,73.8,72,"Urban - High Density",NA
3523,1001,28,-3,2023-07-19,TRUE,-2,"Raspberry","Unknown",TRUE,14.97,-44.91,64,"Urban - High Density",FALSE
3524,404,42,5,2023-07-21,TRUE,1,"Pomegranate","Winter",TRUE,10.95,54.75,60,"Urban - High Density",FALSE
3525,872,12,1,2023-06-12,TRUE,2,"Banana","All Seasons",TRUE,10.29,10.29,51,"Urban - Medium Density",FALSE
3526,1819,36,3,2023-12-14,TRUE,3,"Raspberry","Summer",TRUE,5.87,17.61,36,"Rural",FALSE
3527,1041,40,6,2023-02-03,TRUE,2,"Orange","Winter",FALSE,3.87,23.22,61,"Rural",FALSE
3528,289,6,9,2023-12-29,TRUE,3,"Walnut","Summer",TRUE,-3.25,-29.25,39,"Rural",TRUE
3529,438,4,5,2023-08-07,TRUE,7,"Watermelon","Unknown",TRUE,12.08,60.4,78,"Rural",FALSE
3530,826,38,8,2023-01-28,TRUE,7,"Apricot","Summer",TRUE,8.8,70.4,66,"Urban - High Density",FALSE
3531,1737,38,3,2023-03-29,TRUE,3,"Apricot","Summer",TRUE,8.8,26.4,41,"Urban - Medium Density",FALSE
3532,283,27,2,2023-03-10,TRUE,-2,"Peach","Winter",TRUE,13.88,27.76,40,"Urban - High Density",TRUE
3533,212,23,6,2023-02-09,TRUE,6,"Corn","Winter",FALSE,1.53,9.18,54,"Urban - Medium Density",FALSE
3534,1934,38,4,2023-11-16,TRUE,2,"Apricot","Summer",TRUE,8.8,35.2,5,"Urban - Medium Density",FALSE
3535,1909,44,0,2023-03-13,TRUE,7,"Apple","Summer",TRUE,9.24,0,26,"Unknown",NA
3536,689,27,7,2023-01-09,FALSE,3,"Peach","Winter",TRUE,13.88,97.16,77,"Urban - High Density",FALSE
3537,1131,41,1,2023-06-25,TRUE,1,"Strawberry","Summer",TRUE,4.94,4.94,48,"Rural",TRUE
3538,285,40,2,2023-04-29,TRUE,7,"Orange","Winter",FALSE,3.87,7.74,40,"Urban - High Density",FALSE
3539,1618,5,1,2023-11-01,TRUE,5,"Apricot","Summer",FALSE,10.18,10.18,68,"Urban - High Density",TRUE
3540,1158,50,7,2023-01-07,TRUE,1,"Sweet Potato","Unknown",FALSE,1.01,7.07,69,"Urban - Medium Density",FALSE
3541,1718,48,3,2023-11-04,TRUE,6,"Blueberry","Winter",TRUE,0.78,2.34,64,"Urban - High Density",FALSE
3542,270,1,2,2023-06-20,TRUE,4,"Strawberry","Unknown",TRUE,4.42,8.84,65,"Urban - High Density",TRUE
3543,675,29,3,2023-03-17,TRUE,6,"Orange","Summer",FALSE,9.07,27.21,20,"Rural",FALSE
3544,456,37,2,2023-06-30,TRUE,6,"Radish","Unknown",TRUE,7.32,14.64,26,"Urban - High Density",FALSE
3545,687,13,2,2023-01-30,TRUE,6,"Cucumber","All Seasons",NA,8.17,16.34,34,"Urban - High Density",FALSE
3546,1824,8,2,2023-02-14,TRUE,-2,"Garlic","Winter",TRUE,3.66,7.32,41,"",TRUE
3547,867,40,8,2023-11-09,TRUE,2,"Orange","Winter",FALSE,3.87,30.96,46,"Urban - High Density",FALSE
3548,1799,13,9,2023-08-28,TRUE,1,"Cucumber","All Seasons",NA,8.17,73.53,39,"Rural",TRUE
3549,51,28,3,2023-07-15,TRUE,4,"Raspberry","Unknown",TRUE,14.97,44.91,40,"Urban - High Density",TRUE
3550,417,23,9,2023-08-21,TRUE,3,"Corn","Winter",FALSE,1.53,13.77,63,"Urban - High Density",TRUE
3551,46,37,2,2023-10-27,TRUE,5,"Radish","Unknown",TRUE,7.32,14.64,28,"Urban - High Density",TRUE
3552,26,49,10,2023-03-05,TRUE,50,"Cherry","Summer",NA,1.84,18.4,22,"Rural",TRUE
3553,1656,28,1,2023-12-04,TRUE,6,"Raspberry","Unknown",TRUE,14.97,14.97,70,"Urban - High Density",FALSE
3554,1773,46,9,2023-06-12,TRUE,6,"Chestnut","All Seasons",TRUE,-4.08,-36.72,33,"Urban - Medium Density",FALSE
3555,1374,16,9,2023-03-01,TRUE,1,"Chestnut","Summer",TRUE,3.39,30.51,31,"Urban - High Density",TRUE
3556,690,31,9,2023-11-26,TRUE,1,"Chestnut","All Seasons",NA,0.13,1.17,60,"Rural",TRUE
3557,1536,2,3,2023-01-07,TRUE,1,"Grape","Unknown",TRUE,10.56,31.68,61,"Urban - Medium Density",TRUE
3558,500,39,6,2023-09-28,TRUE,6,"Mango","All Seasons",TRUE,10.84,65.04,32,"Urban - High Density",FALSE
3559,608,46,0,2023-08-20,TRUE,4,"Chestnut","All Seasons",TRUE,-4.08,0,71,"Urban - Medium Density",TRUE
3560,582,23,7,2023-07-23,TRUE,-2,"Corn","Winter",FALSE,1.53,10.71,65,"Urban - High Density",TRUE
3561,6,28,2,2023-08-05,TRUE,7,"Raspberry","Unknown",TRUE,14.97,29.94,58,"Urban - High Density",TRUE
3562,821,25,9,2023-12-30,TRUE,-2,"Broccoli","All Seasons",TRUE,3.11,27.99,29,"Rural",TRUE
3563,838,26,9,2023-12-08,FALSE,7,"Mango","Summer",TRUE,-1.79,-16.11,21,"Rural",TRUE
3564,1503,5,9,2023-11-01,TRUE,50,"Apricot","Summer",FALSE,10.18,91.62,43,"Urban - High Density",FALSE
3565,1280,43,5,2023-08-08,TRUE,6,"Pear","Unknown",TRUE,4.62,23.1,55,"Urban - Medium Density",TRUE
3566,1350,34,6,2023-02-20,TRUE,2,"Celery","Winter",TRUE,5.77,34.62,79,"Urban - Medium Density",TRUE
3567,790,4,-3,2023-04-04,TRUE,-2,"Watermelon","Unknown",TRUE,12.08,-36.24,77,"Unknown",TRUE
3568,357,2,4,2023-08-02,TRUE,5,"Grape","Unknown",TRUE,10.56,42.24,79,"Urban - High Density",TRUE
3569,862,10,4,2023-03-24,TRUE,1,"Blueberry","Summer",FALSE,4.44,17.76,33,"Urban - Medium Density",TRUE
3570,610,41,10,2023-06-21,TRUE,4,"Strawberry","Summer",TRUE,4.94,49.4,53,"Urban - Medium Density",TRUE
3571,1931,18,9,2023-12-28,TRUE,1,"Apple","All Seasons",TRUE,14.07,126.63,120,"Urban - High Density",TRUE
3572,1953,33,5,2023-08-05,TRUE,6,"Banana","All Seasons",TRUE,13.25,66.25,33,"Urban - High Density",TRUE
3573,488,4,5,2023-11-04,TRUE,-2,"Watermelon","Unknown",TRUE,12.08,60.4,71,"Rural",FALSE
3574,913,33,8,2023-11-30,TRUE,4,"Banana","All Seasons",TRUE,13.25,106,79,"Rural",FALSE
3575,1807,4,1,2023-04-25,TRUE,5,"Watermelon","Unknown",TRUE,12.08,12.08,58,"Urban - High Density",TRUE
3576,556,20,10,2023-11-17,TRUE,6,"Corn","All Seasons",TRUE,12.25,122.5,54,"Rural",FALSE
3577,200,7,7,2023-03-08,TRUE,6,"Lettuce","Unknown",TRUE,8.68,60.76,50,"Urban - High Density",TRUE
3578,400,11,8,2023-01-16,FALSE,3,"Strawberry","Summer",TRUE,5.35,42.8,22,"Urban - High Density",TRUE
3579,1678,37,1,2023-01-21,TRUE,1,"Radish","Unknown",TRUE,7.32,7.32,45,"Urban - High Density",TRUE
3580,822,44,7,2023-08-15,TRUE,3,"Apple","Summer",TRUE,9.24,64.68,44,"Urban - High Density",NA
3581,1352,3,4,2023-01-28,TRUE,2,"Raspberry","Unknown",FALSE,10.26,41.04,68,"Urban - High Density",TRUE
3582,1235,30,9,2023-10-15,TRUE,7,"Lychee","All Seasons",TRUE,1.21,10.89,120,"Urban - Medium Density",TRUE
3583,26,24,7,2023-07-25,TRUE,50,"Asparagus","Winter",FALSE,2.01,14.07,22,"Rural",TRUE
3584,1111,15,0,2023-02-11,TRUE,5,"Cabbage","All Seasons",FALSE,3.34,0,59,"Urban - High Density",TRUE
3585,1840,27,8,2023-11-14,TRUE,3,"Peach","Winter",TRUE,13.88,111.04,55,"Urban - High Density",FALSE
3586,1398,16,8,2023-10-10,TRUE,50,"Chestnut","Summer",TRUE,3.39,27.12,21,"Urban - Medium Density",TRUE
3587,421,50,5,2023-08-07,TRUE,5,"Sweet Potato","Unknown",FALSE,1.01,5.05,29,"Urban - Medium Density",TRUE
3588,1525,34,6,2023-05-25,TRUE,7,"Celery","Winter",TRUE,5.77,34.62,61,"Urban - High Density",FALSE
3589,879,19,1,2023-08-22,TRUE,50,"Banana","Winter",TRUE,-0.17,-0.17,28,"Urban - High Density",TRUE
3590,871,48,10,2023-07-13,TRUE,1,"Blueberry","Winter",TRUE,0.78,7.8,43,"Rural",TRUE
3591,1122,14,-3,2023-04-03,TRUE,50,"Fig","Summer",TRUE,3.67,-11.01,55,"Urban - High Density",TRUE
3592,1290,32,7,2023-04-30,TRUE,-2,"Raspberry","All Seasons",TRUE,12.49,87.43,29,"Urban - High Density",TRUE
3593,960,7,5,2023-11-18,TRUE,-2,"Lettuce","Unknown",TRUE,8.68,43.4,46,"Urban - High Density",TRUE
3594,63,44,-3,2023-02-15,TRUE,4,"Apple","Summer",TRUE,9.24,-27.72,66,"Urban - Medium Density",FALSE
3595,1665,9,8,2023-04-17,TRUE,50,"Onion","Unknown",TRUE,5.01,40.08,59,"Urban - High Density",TRUE
3596,920,24,3,2023-01-03,TRUE,7,"Asparagus","Winter",FALSE,2.01,6.03,58,"Urban - High Density",TRUE
3597,956,5,10,2023-12-09,TRUE,5,"Apricot","Summer",FALSE,10.18,101.8,32,"Rural",TRUE
3598,1455,25,0,2023-10-16,TRUE,2,"Broccoli","All Seasons",TRUE,3.11,0,58,"Rural",TRUE
3599,528,30,2,2023-06-05,TRUE,-2,"Lychee","All Seasons",TRUE,1.21,2.42,120,"Urban - High Density",TRUE
3600,1452,31,4,2023-02-05,TRUE,3,"Chestnut","All Seasons",NA,0.13,0.52,72,"Urban - High Density",FALSE
3601,425,4,-3,2023-07-27,TRUE,1,"Watermelon","Unknown",TRUE,12.08,-36.24,48,"Urban - High Density",TRUE
3602,1825,50,0,2023-07-06,TRUE,3,"Sweet Potato","Unknown",FALSE,1.01,0,67,"Urban - High Density",TRUE
3603,350,25,2,2023-10-23,TRUE,50,"Broccoli","All Seasons",TRUE,3.11,6.22,71,"Urban - Medium Density",FALSE
3604,825,32,9,2023-06-27,TRUE,2,"Raspberry","All Seasons",TRUE,12.49,112.41,35,"Urban - High Density",FALSE
3605,719,7,-3,2023-03-18,TRUE,7,"Lettuce","Unknown",TRUE,8.68,-26.04,54,"Urban - High Density",FALSE
3606,293,23,3,2023-10-25,TRUE,3,"Corn","Winter",FALSE,1.53,4.59,78,"Urban - High Density",TRUE
3607,1369,45,4,2023-05-25,TRUE,7,"Apricot","All Seasons",TRUE,7.43,29.72,67,"Urban - High Density",FALSE
3608,1960,29,2,2023-06-16,FALSE,5,"Orange","Summer",FALSE,9.07,18.14,19,"Urban - High Density",FALSE
3609,1895,31,6,2023-11-05,FALSE,50,"Chestnut","All Seasons",NA,0.13,0.78,31,"Urban - Medium Density",FALSE
3610,1302,5,5,2023-11-14,TRUE,5,"Apricot","Summer",FALSE,10.18,50.9,19,"Urban - High Density",TRUE
3611,1680,8,5,2023-12-16,TRUE,50,"Garlic","Winter",TRUE,3.66,18.3,69,"Urban - High Density",FALSE
3612,1083,19,3,2023-11-15,TRUE,2,"Banana","Winter",TRUE,-0.17,-0.51,63,"Urban - High Density",NA
3613,240,20,0,2023-09-12,TRUE,4,"Corn","All Seasons",TRUE,12.25,0,51,"Urban - High Density",FALSE
3614,1425,16,2,2023-04-04,TRUE,2,"Chestnut","Summer",TRUE,3.39,6.78,52,"Urban - High Density",TRUE
3615,510,42,8,2023-04-16,TRUE,1,"Pomegranate","Winter",TRUE,10.95,87.6,35,"Urban - Medium Density",FALSE
3616,1719,7,10,2023-08-22,TRUE,-2,"Lettuce","Unknown",TRUE,8.68,86.8,74,"Urban - High Density",NA
3617,7,8,10,2023-10-13,TRUE,3,"Garlic","Winter",TRUE,3.66,36.6,29,"Urban - Medium Density",TRUE
3618,1347,27,7,2023-12-27,TRUE,50,"Peach","Winter",TRUE,13.88,97.16,28,"Rural",FALSE
3619,391,20,7,2023-09-09,NA,7,"Corn","All Seasons",TRUE,12.25,85.75,5,"Urban - Medium Density",TRUE
3620,1754,22,5,2023-10-23,TRUE,5,"Green Bean","All Seasons",FALSE,-4.21,-21.05,52,"Urban - Medium Density",TRUE
3621,582,41,4,2023-11-03,TRUE,1,"Strawberry","Summer",TRUE,4.94,19.76,65,"Urban - High Density",TRUE
3622,218,31,0,2023-11-10,TRUE,2,"Chestnut","All Seasons",NA,0.13,0,45,"Urban - High Density",TRUE
3623,98,5,10,2023-08-26,TRUE,2,"Apricot","Summer",FALSE,10.18,101.8,35,"",TRUE
3624,1789,8,1,2023-11-30,TRUE,4,"Garlic","Winter",TRUE,3.66,3.66,36,"Urban - Medium Density",TRUE
3625,551,10,0,2023-04-07,TRUE,4,"Blueberry","Summer",FALSE,4.44,0,35,"Urban - Medium Density",TRUE
3626,1661,41,0,2023-01-30,TRUE,50,"Strawberry","Summer",TRUE,4.94,0,76,"Rural",TRUE
3627,1379,45,0,2023-06-10,TRUE,1,"Apricot","All Seasons",TRUE,7.43,0,76,"Urban - Medium Density",FALSE
3628,791,2,6,2023-08-22,FALSE,3,"Grape","Unknown",TRUE,10.56,63.36,80,"Urban - High Density",TRUE
3629,983,2,8,2023-08-28,TRUE,3,"Grape","Unknown",TRUE,10.56,84.48,40,"Rural",TRUE
3630,838,25,8,2023-05-20,TRUE,-2,"Broccoli","All Seasons",TRUE,3.11,24.88,21,"Rural",TRUE
3631,1125,44,-3,2023-11-30,TRUE,6,"Apple","Summer",TRUE,9.24,-27.72,66,"Urban - Medium Density",FALSE
3632,837,7,4,2023-06-27,TRUE,3,"Lettuce","Unknown",TRUE,8.68,34.72,120,"Urban - High Density",TRUE
3633,1145,10,4,2023-06-13,TRUE,3,"Blueberry","Summer",FALSE,4.44,17.76,43,"Rural",TRUE
3634,1389,15,10,2023-03-04,FALSE,5,"Cabbage","All Seasons",FALSE,3.34,33.4,44,"Urban - High Density",TRUE
3635,1178,45,0,2023-04-28,TRUE,1,"Apricot","All Seasons",TRUE,7.43,0,22,"Urban - High Density",TRUE
3636,865,35,9,2023-08-29,TRUE,-2,"Hazelnut","All Seasons",TRUE,6.96,62.64,27,"Urban - High Density",TRUE
3637,531,16,-3,2023-10-31,TRUE,1,"Chestnut","Summer",TRUE,3.39,-10.17,42,"Urban - Medium Density",TRUE
3638,1868,7,1,2023-01-22,TRUE,2,"Lettuce","Unknown",TRUE,8.68,8.68,30,"Urban - Medium Density",FALSE
3639,694,10,5,2023-08-08,TRUE,3,"Blueberry","Summer",FALSE,4.44,22.2,41,"Urban - Medium Density",TRUE
3640,923,11,8,2023-10-22,TRUE,2,"Strawberry","Summer",TRUE,5.35,42.8,62,"Urban - Medium Density",FALSE
3641,533,40,10,2023-02-13,TRUE,4,"Orange","Winter",FALSE,3.87,38.7,18,"Rural",NA
3642,1096,38,6,2023-12-05,TRUE,7,"Apricot","Summer",TRUE,8.8,52.8,46,"Rural",FALSE
3643,1314,16,9,2023-03-17,TRUE,3,"Chestnut","Summer",TRUE,3.39,30.51,25,"Urban - Medium Density",FALSE
3644,209,37,3,2023-09-23,TRUE,4,"Radish","Unknown",TRUE,7.32,21.96,59,"Urban - High Density",TRUE
3645,1266,23,5,2023-08-16,TRUE,5,"Corn","Winter",FALSE,1.53,7.65,49,"Urban - High Density",TRUE
3646,1977,37,1,2023-06-05,TRUE,3,"Radish","Unknown",TRUE,7.32,7.32,33,"Urban - High Density",FALSE
3647,385,30,2,2023-07-14,TRUE,1,"Lychee","All Seasons",TRUE,1.21,2.42,53,"Urban - High Density",FALSE
3648,639,23,10,2023-05-06,FALSE,4,"Corn","Winter",FALSE,1.53,15.3,76,"Urban - High Density",FALSE
3649,1673,43,5,2023-12-07,TRUE,6,"Pear","Unknown",TRUE,4.62,23.1,52,"",FALSE
3650,1791,33,-3,2023-05-14,TRUE,7,"Banana","All Seasons",TRUE,13.25,-39.75,60,"Urban - High Density",FALSE
3651,445,1,6,2023-07-03,TRUE,-2,"Strawberry","Unknown",TRUE,4.42,26.52,26,"Urban - Medium Density",FALSE
3652,281,45,-3,2023-12-17,FALSE,6,"Apricot","All Seasons",TRUE,7.43,-22.29,63,"Urban - Medium Density",TRUE
3653,773,17,1,2023-07-02,TRUE,3,"Pea","All Seasons",TRUE,-2.07,-2.07,33,"Urban - Medium Density",TRUE
3654,1257,1,0,2023-11-25,FALSE,1,"Strawberry","Unknown",TRUE,4.42,0,21,"Urban - High Density",FALSE
3655,667,45,-3,2023-03-06,TRUE,4,"Apricot","All Seasons",TRUE,7.43,-22.29,18,"Urban - Medium Density",TRUE
3656,664,14,2,2023-08-10,TRUE,7,"Fig","Summer",TRUE,3.67,7.34,51,"Urban - High Density",FALSE
3657,1053,15,5,2023-06-03,TRUE,6,"Cabbage","All Seasons",FALSE,3.34,16.7,26,"Urban - High Density",FALSE
3658,1902,17,4,2023-02-06,TRUE,-2,"Pea","All Seasons",TRUE,-2.07,-8.28,18,"Urban - High Density",FALSE
3659,1353,45,2,2023-11-20,TRUE,7,"Apricot","All Seasons",TRUE,7.43,14.86,41,"Urban - High Density",FALSE
3660,1737,49,5,2023-12-22,TRUE,7,"Cherry","Summer",NA,1.84,9.2,41,"Urban - Medium Density",FALSE
3661,892,27,5,2023-07-29,TRUE,5,"Peach","Winter",TRUE,13.88,69.4,31,"Urban - High Density",TRUE
3662,590,28,6,2023-01-03,TRUE,4,"Raspberry","Unknown",TRUE,14.97,89.82,50,"Unknown",FALSE
3663,668,43,4,2023-11-21,TRUE,50,"Pear","Unknown",TRUE,4.62,18.48,26,"Urban - High Density",TRUE
3664,1739,34,0,2023-07-18,TRUE,6,"Celery","Winter",TRUE,5.77,0,79,"Urban - High Density",FALSE
3665,1297,9,-3,2023-05-05,TRUE,5,"Onion","Unknown",TRUE,5.01,-15.03,41,"Urban - High Density",FALSE
3666,222,27,4,2023-07-19,TRUE,50,"Peach","Winter",TRUE,13.88,55.52,55,"Urban - Medium Density",FALSE
3667,556,5,1,2023-08-18,TRUE,6,"Apricot","Summer",FALSE,10.18,10.18,54,"Rural",FALSE
3668,1839,7,9,2023-04-09,TRUE,5,"Lettuce","Unknown",TRUE,8.68,78.12,69,"Urban - High Density",FALSE
3669,432,20,8,2023-10-15,TRUE,7,"Corn","All Seasons",TRUE,12.25,98,34,"Urban - Medium Density",TRUE
3670,553,4,-3,2023-10-16,TRUE,5,"Watermelon","Unknown",TRUE,12.08,-36.24,33,"Urban - Medium Density",TRUE
3671,1034,41,4,2023-08-19,TRUE,-2,"Strawberry","Summer",TRUE,4.94,19.76,52,"Rural",FALSE
3672,822,49,8,2023-08-02,TRUE,-2,"Cherry","Summer",NA,1.84,14.72,44,"Urban - High Density",NA
3673,843,45,6,2023-06-12,TRUE,5,"Apricot","All Seasons",TRUE,7.43,44.58,56,"Urban - High Density",FALSE
3674,1101,31,9,2023-03-30,TRUE,5,"Chestnut","All Seasons",NA,0.13,1.17,75,"Rural",TRUE
3675,1355,47,1,2023-11-07,FALSE,5,"Mango","Summer",FALSE,2.32,2.32,60,"Urban - Medium Density",FALSE
3676,897,6,1,2023-12-22,TRUE,2,"Walnut","Summer",TRUE,-3.25,-3.25,66,"Urban - High Density",FALSE
3677,981,43,2,2023-02-27,TRUE,6,"Pear","Unknown",TRUE,4.62,9.24,73,"Rural",NA
3678,894,26,8,2023-01-04,TRUE,6,"Mango","Summer",TRUE,-1.79,-14.32,65,"Urban - Medium Density",FALSE
3679,712,32,6,2023-08-10,TRUE,5,"Raspberry","All Seasons",TRUE,12.49,74.94,52,"Urban - High Density",TRUE
3680,999,14,3,2023-04-29,TRUE,4,"Fig","Summer",TRUE,3.67,11.01,42,"Urban - High Density",FALSE
3681,1469,46,4,2023-08-12,TRUE,7,"Chestnut","All Seasons",TRUE,-4.08,-16.32,62,"Urban - Medium Density",TRUE
3682,725,1,4,2023-02-19,TRUE,4,"Strawberry","Unknown",TRUE,4.42,17.68,61,"Rural",FALSE
3683,1345,44,-3,2023-01-14,TRUE,6,"Apple","Summer",TRUE,9.24,-27.72,49,"Urban - High Density",TRUE
3684,602,3,8,2023-07-27,TRUE,2,"Raspberry","Unknown",FALSE,10.26,82.08,44,"Urban - High Density",FALSE
3685,636,37,7,2023-06-06,TRUE,-2,"Radish","Unknown",TRUE,7.32,51.24,54,"Urban - Medium Density",FALSE
3686,617,24,3,2023-11-11,TRUE,-2,"Asparagus","Winter",FALSE,2.01,6.03,57,"Urban - High Density",TRUE
3687,221,15,9,2023-08-29,TRUE,5,"Cabbage","All Seasons",FALSE,3.34,30.06,57,"Urban - Medium Density",NA
3688,191,40,8,2023-08-30,TRUE,-2,"Orange","Winter",FALSE,3.87,30.96,120,"Urban - High Density",TRUE
3689,276,8,4,2023-06-09,TRUE,4,"Garlic","Winter",TRUE,3.66,14.64,43,"Rural",TRUE
3690,1552,43,1,2023-01-26,TRUE,1,"Pear","Unknown",TRUE,4.62,4.62,46,"Rural",FALSE
3691,38,9,3,2023-04-16,TRUE,50,"Onion","Unknown",TRUE,5.01,15.03,75,"Rural",FALSE
3692,831,4,4,2023-02-12,TRUE,4,"Watermelon","Unknown",TRUE,12.08,48.32,34,"Urban - Medium Density",FALSE
3693,1044,48,6,2023-06-03,NA,4,"Blueberry","Winter",TRUE,0.78,4.68,47,"Unknown",FALSE
3694,1725,35,6,2023-01-06,TRUE,2,"Hazelnut","All Seasons",TRUE,6.96,41.76,61,"Rural",FALSE
3695,1706,34,10,2023-07-21,TRUE,7,"Celery","Winter",TRUE,5.77,57.7,73,"Urban - High Density",TRUE
3696,1810,49,6,2023-12-21,TRUE,50,"Cherry","Summer",NA,1.84,11.04,80,"Urban - High Density",TRUE
3697,1296,14,1,2023-01-31,TRUE,7,"Fig","Summer",TRUE,3.67,3.67,59,"Urban - High Density",TRUE
3698,1419,23,4,2023-09-26,TRUE,3,"Corn","Winter",FALSE,1.53,6.12,20,"Urban - High Density",TRUE
3699,1800,29,6,2023-03-14,TRUE,4,"Orange","Summer",FALSE,9.07,54.42,45,"Unknown",NA
3700,1973,16,6,2023-03-21,TRUE,3,"Chestnut","Summer",TRUE,3.39,20.34,35,"Urban - Medium Density",NA
3701,551,14,8,2023-05-09,TRUE,3,"Fig","Summer",TRUE,3.67,29.36,35,"Urban - Medium Density",TRUE
3702,1877,37,-3,2023-06-12,TRUE,3,"Radish","Unknown",TRUE,7.32,-21.96,46,"Urban - Medium Density",FALSE
3703,1344,37,8,2023-08-18,TRUE,1,"Radish","Unknown",TRUE,7.32,58.56,30,"Rural",TRUE
3704,1027,14,6,2023-09-19,TRUE,2,"Fig","Summer",TRUE,3.67,22.02,61,"Urban - High Density",TRUE
3705,431,24,6,2023-02-16,TRUE,4,"Asparagus","Winter",FALSE,2.01,12.06,20,"Rural",TRUE
3706,1561,45,0,2023-10-10,TRUE,3,"Apricot","All Seasons",TRUE,7.43,0,38,"Rural",TRUE
3707,582,3,8,2023-10-24,TRUE,6,"Raspberry","Unknown",FALSE,10.26,82.08,65,"Urban - High Density",TRUE
3708,1056,9,5,2023-09-20,TRUE,1,"Onion","Unknown",TRUE,5.01,25.05,57,"Urban - High Density",FALSE
3709,451,30,-3,2023-07-07,TRUE,-2,"Lychee","All Seasons",TRUE,1.21,-3.63,51,"Urban - Medium Density",FALSE
3710,2,10,9,2023-04-13,TRUE,3,"Blueberry","Summer",FALSE,4.44,39.96,66,"Urban - Medium Density",TRUE
3711,870,6,8,2023-02-27,TRUE,5,"Walnut","Summer",TRUE,-3.25,-26,49,"Urban - Medium Density",TRUE
3712,1265,47,9,2023-11-07,TRUE,1,"Mango","Summer",FALSE,2.32,20.88,18,"Urban - Medium Density",TRUE
3713,795,18,8,2023-02-01,TRUE,4,"Apple","All Seasons",TRUE,14.07,112.56,49,"Rural",FALSE
3714,1235,7,-3,2023-05-02,TRUE,6,"Lettuce","Unknown",TRUE,8.68,-26.04,120,"Urban - Medium Density",TRUE
3715,1538,38,-3,2023-06-24,TRUE,5,"Apricot","Summer",TRUE,8.8,-26.4,74,"Urban - High Density",TRUE
3716,740,20,2,2023-04-01,TRUE,6,"Corn","All Seasons",TRUE,12.25,24.5,75,"Urban - High Density",TRUE
3717,1834,11,-3,2023-07-08,TRUE,50,"Strawberry","Summer",TRUE,5.35,-16.05,70,"Urban - High Density",NA
3718,1529,5,9,2023-12-28,TRUE,1,"Apricot","Summer",FALSE,10.18,91.62,23,"Unknown",TRUE
3719,1671,8,4,2023-04-28,TRUE,50,"Garlic","Winter",TRUE,3.66,14.64,55,"Rural",TRUE
3720,1920,17,10,2023-04-19,TRUE,1,"Pea","All Seasons",TRUE,-2.07,-20.7,45,"Rural",FALSE
3721,1396,8,2,2023-02-17,TRUE,2,"Garlic","Winter",TRUE,3.66,7.32,79,"Urban - High Density",FALSE
3722,303,4,3,2023-09-14,TRUE,-2,"Watermelon","Unknown",TRUE,12.08,36.24,75,"Rural",TRUE
3723,543,12,10,2023-09-15,TRUE,7,"Banana","All Seasons",TRUE,10.29,102.9,22,"Urban - High Density",TRUE
3724,250,43,5,2023-09-19,TRUE,1,"Pear","Unknown",TRUE,4.62,23.1,66,"Urban - High Density",NA
3725,1415,12,4,2023-08-07,TRUE,3,"Banana","All Seasons",TRUE,10.29,41.16,68,"Urban - High Density",FALSE
3726,1061,45,8,2023-03-03,TRUE,50,"Apricot","All Seasons",TRUE,7.43,59.44,66,"Urban - Medium Density",TRUE
3727,169,16,4,2023-04-17,TRUE,5,"Chestnut","Summer",TRUE,3.39,13.56,23,"Urban - High Density",FALSE
3728,1400,6,-3,2023-08-27,TRUE,4,"Walnut","Summer",TRUE,-3.25,9.75,80,"Rural",TRUE
3729,342,21,8,2023-10-27,TRUE,6,"Sweet Potato","All Seasons",TRUE,12.3,98.4,53,"Urban - High Density",TRUE
3730,1719,50,5,2023-04-16,TRUE,-2,"Sweet Potato","Unknown",FALSE,1.01,5.05,74,"Urban - High Density",NA
3731,587,12,9,2023-04-02,TRUE,4,"Banana","All Seasons",TRUE,10.29,92.61,72,"Urban - High Density",TRUE
3732,1290,32,-3,2023-09-29,TRUE,4,"Raspberry","All Seasons",TRUE,12.49,-37.47,29,"Urban - High Density",TRUE
3733,1939,17,9,2023-08-27,TRUE,-2,"Pea","All Seasons",TRUE,-2.07,-18.63,60,"Rural",FALSE
3734,1465,35,9,2023-01-04,TRUE,7,"Hazelnut","All Seasons",TRUE,6.96,62.64,43,"Urban - Medium Density",TRUE
3735,1008,37,1,2023-10-28,TRUE,-2,"Radish","Unknown",TRUE,7.32,7.32,24,"Urban - High Density",TRUE
3736,1250,13,9,2023-10-03,TRUE,6,"Cucumber","All Seasons",NA,8.17,73.53,120,"Rural",TRUE
3737,1892,15,1,2023-09-13,TRUE,5,"Cabbage","All Seasons",FALSE,3.34,3.34,47,"Urban - High Density",TRUE
3738,766,34,7,2023-07-31,TRUE,-2,"Celery","Winter",TRUE,5.77,40.39,32,"Urban - Medium Density",TRUE
3739,1259,9,4,2023-06-24,TRUE,3,"Onion","Unknown",TRUE,5.01,20.04,27,"Urban - Medium Density",FALSE
3740,808,41,4,2023-03-02,TRUE,4,"Strawberry","Summer",TRUE,4.94,19.76,64,"Urban - High Density",TRUE
3741,440,44,7,2023-11-08,TRUE,4,"Apple","Summer",TRUE,9.24,64.68,79,"Urban - High Density",TRUE
3742,1911,19,3,2023-08-13,TRUE,4,"Banana","Winter",TRUE,-0.17,-0.51,50,"Urban - Medium Density",TRUE
3743,1408,27,3,2023-07-28,TRUE,4,"Peach","Winter",TRUE,13.88,41.64,52,"Unknown",TRUE
3744,386,34,2,2023-11-18,TRUE,-2,"Celery","Winter",TRUE,5.77,11.54,43,"Urban - Medium Density",FALSE
3745,387,3,1,2023-06-17,TRUE,4,"Raspberry","Unknown",FALSE,10.26,10.26,68,"Urban - High Density",NA
3746,1602,44,-3,2023-01-30,TRUE,6,"Apple","Summer",TRUE,9.24,-27.72,27,"Urban - Medium Density",TRUE
3747,1946,12,7,2023-03-08,TRUE,4,"Banana","All Seasons",TRUE,10.29,72.03,26,"Urban - Medium Density",TRUE
3748,1595,8,4,2023-10-26,TRUE,2,"Garlic","Winter",TRUE,3.66,14.64,20,"Urban - Medium Density",FALSE
3749,1,5,7,2023-08-24,TRUE,7,"Apricot","Summer",FALSE,10.18,71.26,46,"Rural",FALSE
3750,762,27,5,2023-07-27,TRUE,1,"Peach","Winter",TRUE,13.88,69.4,41,"Urban - Medium Density",TRUE
3751,345,13,1,2023-08-12,TRUE,50,"Cucumber","All Seasons",NA,8.17,8.17,49,"Urban - Medium Density",TRUE
3752,1169,18,3,2023-08-20,FALSE,3,"Apple","All Seasons",TRUE,14.07,42.21,44,"Urban - Medium Density",FALSE
3753,1912,13,8,2023-08-03,TRUE,3,"Cucumber","All Seasons",NA,8.17,65.36,58,"Rural",FALSE
3754,18,1,8,2023-11-18,TRUE,-2,"Strawberry","Unknown",TRUE,4.42,35.36,47,"Urban - High Density",FALSE
3755,519,20,4,2023-12-24,TRUE,4,"Corn","All Seasons",TRUE,12.25,49,44,"Urban - Medium Density",TRUE
3756,1077,34,2,2023-09-29,TRUE,2,"Celery","Winter",TRUE,5.77,11.54,59,"Urban - High Density",TRUE
3757,453,24,3,2023-10-31,TRUE,4,"Asparagus","Winter",FALSE,2.01,6.03,22,"Urban - High Density",FALSE
3758,469,46,6,2023-10-27,TRUE,2,"Chestnut","All Seasons",TRUE,-4.08,-24.48,57,"Urban - High Density",TRUE
3759,1321,35,6,2023-01-23,TRUE,-2,"Hazelnut","All Seasons",TRUE,6.96,41.76,47,"Urban - Medium Density",TRUE
3760,90,39,10,2023-10-06,TRUE,50,"Mango","All Seasons",TRUE,10.84,108.4,71,"Urban - High Density",TRUE
3761,525,13,1,2023-03-04,TRUE,2,"Cucumber","All Seasons",NA,8.17,8.17,66,"Urban - High Density",TRUE
3762,1945,7,5,2023-02-13,TRUE,5,"Lettuce","Unknown",TRUE,8.68,43.4,19,"Urban - Medium Density",TRUE
3763,1187,48,0,2023-08-11,TRUE,5,"Blueberry","Winter",TRUE,0.78,0,36,"Urban - Medium Density",NA
3764,1679,13,6,2023-05-26,TRUE,1,"Cucumber","All Seasons",NA,8.17,49.02,51,"Urban - Medium Density",FALSE
3765,1138,31,2,2023-02-20,TRUE,7,"Chestnut","All Seasons",NA,0.13,0.26,47,"Urban - High Density",TRUE
3766,1531,27,9,2023-02-26,TRUE,3,"Peach","Winter",TRUE,13.88,124.92,58,"Urban - High Density",TRUE
3767,523,19,9,2023-11-17,TRUE,5,"Banana","Winter",TRUE,-0.17,-1.53,77,"Urban - High Density",FALSE
3768,1827,40,5,2023-04-07,TRUE,-2,"Orange","Winter",FALSE,3.87,19.35,29,"Rural",FALSE
3769,1421,10,8,2023-05-02,TRUE,-2,"Blueberry","Summer",FALSE,4.44,35.52,65,"Urban - High Density",FALSE
3770,1885,42,10,2023-01-25,TRUE,7,"Pomegranate","Winter",TRUE,10.95,109.5,67,"Urban - High Density",FALSE
3771,1371,13,1,2023-06-10,TRUE,3,"Cucumber","All Seasons",NA,8.17,8.17,30,"Urban - High Density",FALSE
3772,1601,6,6,2023-03-22,TRUE,2,"Walnut","Summer",TRUE,-3.25,-19.5,34,"Urban - Medium Density",FALSE
3773,1382,12,7,2023-12-20,TRUE,6,"Banana","All Seasons",TRUE,10.29,72.03,20,"Rural",FALSE
3774,1111,18,1,2023-08-05,TRUE,1,"Apple","All Seasons",TRUE,14.07,14.07,59,"Urban - High Density",TRUE
3775,148,14,9,2023-10-19,TRUE,6,"Fig","Summer",TRUE,3.67,33.03,5,"Rural",FALSE
3776,43,21,8,2023-08-13,TRUE,1,"Sweet Potato","All Seasons",TRUE,12.3,98.4,65,"Urban - High Density",FALSE
3777,1100,49,4,2023-08-26,FALSE,7,"Cherry","Summer",NA,1.84,7.36,66,"Urban - Medium Density",FALSE
3778,209,20,4,2023-09-30,TRUE,7,"Corn","All Seasons",TRUE,12.25,49,59,"Urban - High Density",TRUE
3779,105,10,6,2023-05-10,TRUE,6,"Blueberry","Summer",FALSE,4.44,26.64,26,"Urban - Medium Density",FALSE
3780,1776,21,6,2023-08-28,TRUE,6,"Sweet Potato","All Seasons",TRUE,12.3,73.8,65,"Urban - High Density",FALSE
3781,585,39,1,2023-08-15,TRUE,3,"Mango","All Seasons",TRUE,10.84,10.84,50,"Urban - High Density",TRUE
3782,1191,39,6,2023-06-12,TRUE,3,"Mango","All Seasons",TRUE,10.84,65.04,31,"Urban - Medium Density",FALSE
3783,1149,42,-3,2023-03-27,TRUE,7,"Pomegranate","Winter",TRUE,10.95,-32.85,51,"Urban - Medium Density",TRUE
3784,1064,11,3,2023-12-31,TRUE,6,"Strawberry","Summer",TRUE,5.35,16.05,77,"Urban - High Density",TRUE
3785,184,10,0,2023-04-07,TRUE,2,"Blueberry","Summer",FALSE,4.44,0,32,"Urban - High Density",FALSE
3786,407,39,4,2023-06-18,FALSE,1,"Mango","All Seasons",TRUE,10.84,43.36,25,"Urban - High Density",FALSE
3787,1024,24,10,2023-02-08,TRUE,-2,"Asparagus","Winter",FALSE,2.01,20.1,27,"",FALSE
3788,1542,9,2,2023-09-19,TRUE,50,"Onion","Unknown",TRUE,5.01,10.02,50,"Urban - Medium Density",TRUE
3789,633,7,2,2023-08-21,TRUE,3,"Lettuce","Unknown",TRUE,8.68,17.36,25,"Rural",TRUE
3790,298,2,4,2023-10-27,TRUE,2,"Grape","Unknown",TRUE,10.56,42.24,31,"Urban - High Density",TRUE
3791,854,46,-3,2023-09-07,TRUE,4,"Chestnut","All Seasons",TRUE,-4.08,12.24,67,"Urban - High Density",FALSE
3792,787,11,-3,2023-08-06,TRUE,50,"Strawberry","Summer",TRUE,5.35,-16.05,54,"Urban - High Density",FALSE
3793,1069,34,4,2023-10-11,TRUE,50,"Celery","Winter",TRUE,5.77,23.08,5,"Rural",FALSE
3794,240,40,7,2023-01-22,TRUE,2,"Orange","Winter",FALSE,3.87,27.09,51,"Urban - High Density",FALSE
3795,1215,9,3,2023-09-05,TRUE,3,"Onion","Unknown",TRUE,5.01,15.03,40,"Urban - High Density",TRUE
3796,52,16,8,2023-10-14,TRUE,6,"Chestnut","Summer",TRUE,3.39,27.12,50,"Urban - Medium Density",TRUE
3797,1953,47,0,2023-08-24,TRUE,2,"Mango","Summer",FALSE,2.32,0,33,"Urban - High Density",TRUE
3798,372,23,2,2023-03-11,TRUE,7,"Corn","Winter",FALSE,1.53,3.06,75,"Urban - High Density",TRUE
3799,809,43,-3,2023-06-16,TRUE,-2,"Pear","Unknown",TRUE,4.62,-13.86,55,"Urban - Medium Density",FALSE
3800,307,39,9,2023-11-13,TRUE,1,"Mango","All Seasons",TRUE,10.84,97.56,58,"Urban - High Density",FALSE
3801,1701,12,7,2023-04-01,TRUE,2,"Banana","All Seasons",TRUE,10.29,72.03,77,"Urban - Medium Density",TRUE
3802,781,37,5,2023-08-02,TRUE,3,"Radish","Unknown",TRUE,7.32,36.6,67,"Urban - High Density",FALSE
3803,438,22,0,2023-11-23,NA,6,"Green Bean","All Seasons",FALSE,-4.21,0,78,"Rural",FALSE
3804,1698,6,2,2023-10-21,TRUE,-2,"Walnut","Summer",TRUE,-3.25,-6.5,19,"Rural",TRUE
3805,1360,17,8,2023-05-17,TRUE,4,"Pea","All Seasons",TRUE,-2.07,-16.56,21,"Urban - High Density",FALSE
3806,1268,42,3,2023-05-12,TRUE,3,"Pomegranate","Winter",TRUE,10.95,32.85,55,"Urban - Medium Density",TRUE
3807,794,13,0,2023-05-22,TRUE,7,"Cucumber","All Seasons",NA,8.17,0,78,"Urban - Medium Density",FALSE
3808,547,10,1,2023-08-23,TRUE,2,"Blueberry","Summer",FALSE,4.44,4.44,40,"Urban - High Density",FALSE
3809,1460,13,4,2023-10-13,TRUE,4,"Cucumber","All Seasons",NA,8.17,32.68,73,"",FALSE
3810,112,34,10,2023-06-25,TRUE,3,"Celery","Winter",TRUE,5.77,57.7,51,"Urban - Medium Density",TRUE
3811,330,48,10,2023-03-08,TRUE,1,"Blueberry","Winter",TRUE,0.78,7.8,80,"Urban - High Density",TRUE
3812,1205,48,4,2023-08-19,TRUE,50,"Blueberry","Winter",TRUE,0.78,3.12,32,"Urban - High Density",FALSE
3813,1598,31,3,2023-04-12,TRUE,50,"Chestnut","All Seasons",NA,0.13,0.39,74,"",FALSE
3814,666,3,10,2023-10-17,TRUE,50,"Raspberry","Unknown",FALSE,10.26,102.6,72,"Urban - Medium Density",TRUE
3815,1229,26,8,2023-11-22,TRUE,50,"Mango","Summer",TRUE,-1.79,-14.32,27,"Rural",TRUE
3816,1324,27,-3,2023-04-12,TRUE,4,"Peach","Winter",TRUE,13.88,-41.64,55,"Rural",TRUE
3817,1657,24,0,2023-06-01,TRUE,1,"Asparagus","Winter",FALSE,2.01,0,59,"Urban - High Density",TRUE
3818,1004,1,1,2023-02-10,TRUE,4,"Strawberry","Unknown",TRUE,4.42,4.42,41,"Urban - High Density",FALSE
3819,682,33,0,2023-01-11,TRUE,-2,"Banana","All Seasons",TRUE,13.25,0,45,"Urban - Medium Density",FALSE
3820,121,41,-3,2023-06-24,TRUE,5,"Strawberry","Summer",TRUE,4.94,-14.82,22,"Urban - High Density",TRUE
3821,1704,16,10,2023-07-06,TRUE,3,"Chestnut","Summer",TRUE,3.39,33.9,38,"Urban - High Density",TRUE
3822,142,17,4,2023-06-18,TRUE,3,"Pea","All Seasons",TRUE,-2.07,-8.28,47,"Rural",TRUE
3823,1016,8,2,2023-08-12,TRUE,6,"Garlic","Winter",TRUE,3.66,7.32,52,"Urban - Medium Density",FALSE
3824,695,34,3,2023-04-25,TRUE,50,"Celery","Winter",TRUE,5.77,17.31,35,"Urban - Medium Density",FALSE
3825,477,12,5,2023-12-20,TRUE,5,"Banana","All Seasons",TRUE,10.29,51.45,74,"Urban - High Density",TRUE
3826,1984,12,7,2023-03-21,TRUE,1,"Banana","All Seasons",TRUE,10.29,72.03,32,"Urban - High Density",TRUE
3827,1732,50,7,2023-06-17,TRUE,4,"Sweet Potato","Unknown",FALSE,1.01,7.07,54,"Urban - High Density",TRUE
3828,864,39,-3,2023-04-18,TRUE,6,"Mango","All Seasons",TRUE,10.84,-32.52,65,"Urban - Medium Density",TRUE
3829,1006,44,8,2023-09-04,TRUE,7,"Apple","Summer",TRUE,9.24,73.92,44,"Urban - Medium Density",TRUE
3830,398,46,8,2023-04-01,TRUE,6,"Chestnut","All Seasons",TRUE,-4.08,-32.64,120,"Rural",TRUE
3831,678,26,4,2023-06-18,TRUE,50,"Mango","Summer",TRUE,-1.79,-7.16,37,"Urban - High Density",FALSE
3832,1538,29,6,2023-09-18,TRUE,4,"Orange","Summer",FALSE,9.07,54.42,74,"Urban - High Density",TRUE
3833,1090,9,4,2023-04-28,TRUE,6,"Onion","Unknown",TRUE,5.01,20.04,64,"Urban - High Density",FALSE
3834,1988,43,3,2023-09-12,TRUE,1,"Pear","Unknown",TRUE,4.62,13.86,20,"Urban - Medium Density",TRUE
3835,1510,10,4,2023-07-29,TRUE,7,"Blueberry","Summer",FALSE,4.44,17.76,62,"Urban - Medium Density",NA
3836,519,47,8,2023-04-17,TRUE,1,"Mango","Summer",FALSE,2.32,18.56,44,"Urban - Medium Density",TRUE
3837,1708,41,7,2023-05-11,TRUE,5,"Strawberry","Summer",TRUE,4.94,34.58,59,"Urban - High Density",TRUE
3838,1802,25,9,2023-12-07,TRUE,50,"Broccoli","All Seasons",TRUE,3.11,27.99,56,"Urban - High Density",TRUE
3839,533,50,2,2023-08-25,TRUE,5,"Sweet Potato","Unknown",FALSE,1.01,2.02,18,"Rural",NA
3840,1921,18,1,2023-08-16,TRUE,50,"Apple","All Seasons",TRUE,14.07,14.07,27,"Urban - High Density",FALSE
3841,1315,8,4,2023-02-25,TRUE,7,"Garlic","Winter",TRUE,3.66,14.64,52,"Urban - High Density",FALSE
3842,1187,50,3,2023-02-08,TRUE,3,"Sweet Potato","Unknown",FALSE,1.01,3.03,36,"Urban - Medium Density",NA
3843,1307,29,10,2023-01-13,TRUE,2,"Orange","Summer",FALSE,9.07,90.7,45,"Urban - High Density",TRUE
3844,1029,8,5,2023-04-13,TRUE,2,"Garlic","Winter",TRUE,3.66,18.3,64,"Urban - High Density",TRUE
3845,821,20,0,2023-04-13,TRUE,-2,"Corn","All Seasons",TRUE,12.25,0,29,"Rural",TRUE
3846,1749,46,-3,2023-10-04,TRUE,1,"Chestnut","All Seasons",TRUE,-4.08,12.24,41,"Rural",TRUE
3847,232,48,5,2023-07-25,TRUE,1,"Blueberry","Winter",TRUE,0.78,3.9,26,"Urban - High Density",NA
3848,803,9,9,2023-04-11,TRUE,-2,"Onion","Unknown",TRUE,5.01,45.09,33,"Urban - Medium Density",TRUE
3849,1051,13,2,2023-10-07,TRUE,5,"Cucumber","All Seasons",NA,8.17,16.34,42,"Urban - Medium Density",TRUE
3850,1880,21,1,2023-05-06,TRUE,-2,"Sweet Potato","All Seasons",TRUE,12.3,12.3,26,"Urban - High Density",TRUE
3851,1994,45,3,2023-02-28,TRUE,1,"Apricot","All Seasons",TRUE,7.43,22.29,80,"Unknown",TRUE
3852,772,7,5,2023-12-14,TRUE,4,"Lettuce","Unknown",TRUE,8.68,43.4,66,"Urban - Medium Density",TRUE
3853,716,6,1,2023-09-27,TRUE,3,"Walnut","Summer",TRUE,-3.25,-3.25,45,"Urban - High Density",FALSE
3854,1763,38,5,2023-08-17,TRUE,5,"Apricot","Summer",TRUE,8.8,44,56,"",FALSE
3855,1829,4,5,2023-06-02,TRUE,-2,"Watermelon","Unknown",TRUE,12.08,60.4,29,"Urban - Medium Density",FALSE
3856,1184,37,2,2023-08-02,TRUE,5,"Radish","Unknown",TRUE,7.32,14.64,71,"Urban - High Density",TRUE
3857,136,28,4,2023-04-13,TRUE,2,"Raspberry","Unknown",TRUE,14.97,59.88,26,"Urban - Medium Density",FALSE
3858,1201,9,10,2023-05-26,TRUE,6,"Onion","Unknown",TRUE,5.01,50.1,38,"Urban - Medium Density",TRUE
3859,1739,46,7,2023-07-25,TRUE,-2,"Chestnut","All Seasons",TRUE,-4.08,-28.56,79,"Urban - High Density",FALSE
3860,506,43,0,2023-10-16,TRUE,1,"Pear","Unknown",TRUE,4.62,0,42,"Rural",TRUE
3861,1022,50,5,2023-04-12,TRUE,6,"Sweet Potato","Unknown",FALSE,1.01,5.05,26,"Urban - High Density",FALSE
3862,1783,22,2,2023-10-17,TRUE,7,"Green Bean","All Seasons",FALSE,-4.21,-8.42,75,"Urban - High Density",TRUE
3863,277,22,9,2023-06-01,TRUE,5,"Green Bean","All Seasons",FALSE,-4.21,-37.89,55,"Urban - High Density",TRUE
3864,809,15,9,2023-07-27,TRUE,50,"Cabbage","All Seasons",FALSE,3.34,30.06,55,"Urban - Medium Density",FALSE
3865,1257,18,2,2023-04-06,TRUE,6,"Apple","All Seasons",TRUE,14.07,28.14,21,"Urban - High Density",FALSE
3866,1321,29,8,2023-01-22,TRUE,50,"Orange","Summer",FALSE,9.07,72.56,47,"Urban - Medium Density",TRUE
3867,1612,7,10,2023-06-12,TRUE,4,"Lettuce","Unknown",TRUE,8.68,86.8,58,"Unknown",FALSE
3868,1805,46,10,2023-08-21,TRUE,50,"Chestnut","All Seasons",TRUE,-4.08,-40.8,120,"Urban - Medium Density",TRUE
3869,1760,27,9,2023-09-29,TRUE,50,"Peach","Winter",TRUE,13.88,124.92,49,"Urban - Medium Density",TRUE
3870,803,44,8,2023-09-15,FALSE,7,"Apple","Summer",TRUE,9.24,73.92,33,"Urban - Medium Density",TRUE
3871,194,35,10,2023-05-05,TRUE,1,"Hazelnut","All Seasons",TRUE,6.96,69.6,28,"Rural",FALSE
3872,1633,4,9,2023-01-09,TRUE,2,"Watermelon","Unknown",TRUE,12.08,108.72,47,"Urban - High Density",FALSE
3873,191,31,1,2023-12-03,TRUE,1,"Chestnut","All Seasons",NA,0.13,0.13,120,"Urban - High Density",TRUE
3874,297,1,5,2023-02-18,TRUE,6,"Strawberry","Unknown",TRUE,4.42,22.1,62,"Urban - High Density",TRUE
3875,1285,41,1,2023-01-14,TRUE,3,"Strawberry","Summer",TRUE,4.94,4.94,51,"Urban - Medium Density",FALSE
3876,980,33,9,2023-10-13,TRUE,4,"Banana","All Seasons",TRUE,13.25,119.25,38,"Urban - High Density",TRUE
3877,732,30,2,2023-07-14,TRUE,50,"Lychee","All Seasons",TRUE,1.21,2.42,61,"Unknown",TRUE
3878,1714,31,1,2023-08-02,TRUE,1,"Chestnut","All Seasons",NA,0.13,0.13,33,"Urban - Medium Density",TRUE
3879,1073,28,4,2023-07-04,TRUE,5,"Raspberry","Unknown",TRUE,14.97,59.88,57,"Urban - High Density",TRUE
3880,1294,15,6,2023-07-24,FALSE,3,"Cabbage","All Seasons",FALSE,3.34,20.04,34,"Urban - High Density",FALSE
3881,61,10,9,2023-07-06,TRUE,5,"Blueberry","Summer",FALSE,4.44,39.96,52,"Urban - Medium Density",TRUE
3882,361,10,2,2023-09-22,TRUE,2,"Blueberry","Summer",FALSE,4.44,8.88,40,"Urban - High Density",TRUE
3883,873,29,10,2023-11-23,TRUE,50,"Orange","Summer",FALSE,9.07,90.7,41,"Urban - High Density",FALSE
3884,1868,49,3,2023-08-05,TRUE,-2,"Cherry","Summer",NA,1.84,5.52,30,"Urban - Medium Density",FALSE
3885,673,7,7,2023-03-17,TRUE,2,"Lettuce","Unknown",TRUE,8.68,60.76,37,"Urban - High Density",FALSE
3886,366,18,3,2023-06-07,TRUE,2,"Apple","All Seasons",TRUE,14.07,42.21,48,"Urban - High Density",TRUE
3887,576,29,7,2023-12-13,TRUE,-2,"Orange","Summer",FALSE,9.07,63.49,32,"Urban - High Density",FALSE
3888,1095,5,-3,2023-10-05,TRUE,5,"Apricot","Summer",FALSE,10.18,-30.54,66,"Urban - Medium Density",TRUE
3889,1813,5,2,2023-01-08,TRUE,5,"Apricot","Summer",FALSE,10.18,20.36,65,"Urban - Medium Density",FALSE
3890,1547,28,5,2023-02-28,TRUE,5,"Raspberry","Unknown",TRUE,14.97,74.85,78,"Urban - High Density",TRUE
3891,814,21,3,2023-07-14,TRUE,-2,"Sweet Potato","All Seasons",TRUE,12.3,36.9,50,"Urban - High Density",TRUE
3892,1770,21,7,2023-08-31,TRUE,4,"Sweet Potato","All Seasons",TRUE,12.3,86.1,19,"Urban - High Density",TRUE
3893,542,7,1,2023-02-01,TRUE,3,"Lettuce","Unknown",TRUE,8.68,8.68,32,"Urban - Medium Density",TRUE
3894,57,29,-3,2023-01-19,TRUE,6,"Orange","Summer",FALSE,9.07,-27.21,45,"Urban - High Density",FALSE
3895,1742,14,0,2023-06-19,TRUE,-2,"Fig","Summer",TRUE,3.67,0,58,"Urban - High Density",TRUE
3896,101,44,1,2023-06-12,TRUE,1,"Apple","Summer",TRUE,9.24,9.24,37,"Urban - High Density",TRUE
3897,912,4,-3,2023-09-02,TRUE,1,"Watermelon","Unknown",TRUE,12.08,-36.24,49,"Unknown",TRUE
3898,1673,46,7,2023-05-13,FALSE,5,"Chestnut","All Seasons",TRUE,-4.08,-28.56,52,"",FALSE
3899,325,46,6,2023-05-20,TRUE,50,"Chestnut","All Seasons",TRUE,-4.08,-24.48,55,"Rural",TRUE
3900,949,41,9,2023-08-09,TRUE,5,"Strawberry","Summer",TRUE,4.94,44.46,29,"Urban - High Density",FALSE
3901,52,45,2,2023-12-26,TRUE,4,"Apricot","All Seasons",TRUE,7.43,14.86,50,"Urban - Medium Density",TRUE
3902,487,7,6,2023-02-17,TRUE,-2,"Lettuce","Unknown",TRUE,8.68,52.08,19,"Rural",TRUE
3903,640,34,8,2023-05-13,TRUE,-2,"Celery","Winter",TRUE,5.77,46.16,31,"Urban - High Density",FALSE
3904,1847,3,6,2023-08-19,TRUE,7,"Raspberry","Unknown",FALSE,10.26,61.56,19,"Urban - High Density",FALSE
3905,475,43,5,2023-02-08,TRUE,4,"Pear","Unknown",TRUE,4.62,23.1,48,"Rural",NA
3906,1278,48,7,2023-05-08,TRUE,-2,"Blueberry","Winter",TRUE,0.78,5.46,73,"Urban - Medium Density",FALSE
3907,422,18,10,2023-02-10,TRUE,5,"Apple","All Seasons",TRUE,14.07,140.7,43,"Urban - Medium Density",TRUE
3908,338,43,8,2023-08-22,TRUE,1,"Pear","Unknown",TRUE,4.62,36.96,74,"Rural",FALSE
3909,923,50,6,2023-11-30,TRUE,-2,"Sweet Potato","Unknown",FALSE,1.01,6.06,62,"Urban - Medium Density",FALSE
3910,1947,13,4,2023-04-13,TRUE,4,"Cucumber","All Seasons",NA,8.17,32.68,27,"Urban - Medium Density",FALSE
3911,1611,49,2,2023-03-25,TRUE,3,"Cherry","Summer",NA,1.84,3.68,57,"Urban - Medium Density",TRUE
3912,1253,20,4,2023-11-19,FALSE,2,"Corn","All Seasons",TRUE,12.25,49,75,"Rural",TRUE
3913,563,33,0,2023-06-21,TRUE,5,"Banana","All Seasons",TRUE,13.25,0,40,"Urban - High Density",TRUE
3914,217,22,4,2023-10-02,TRUE,6,"Green Bean","All Seasons",FALSE,-4.21,-16.84,50,"Urban - High Density",TRUE
3915,1709,19,8,2023-02-16,TRUE,5,"Banana","Winter",TRUE,-0.17,-1.36,25,"Urban - High Density",FALSE
3916,903,1,9,2023-01-13,TRUE,-2,"Strawberry","Unknown",TRUE,4.42,39.78,55,"Urban - High Density",TRUE
3917,1882,1,6,2023-06-22,TRUE,-2,"Strawberry","Unknown",TRUE,4.42,26.52,38,"",FALSE
3918,424,23,6,2023-01-26,TRUE,4,"Corn","Winter",FALSE,1.53,9.18,24,"",TRUE
3919,1293,46,10,2023-04-24,TRUE,4,"Chestnut","All Seasons",TRUE,-4.08,-40.8,57,"Unknown",TRUE
3920,608,24,1,2023-10-08,TRUE,1,"Asparagus","Winter",FALSE,2.01,2.01,71,"Urban - Medium Density",TRUE
3921,11,47,1,2023-04-15,TRUE,4,"Mango","Summer",FALSE,2.32,2.32,41,"Urban - High Density",TRUE
3922,634,10,3,2023-05-23,TRUE,4,"Blueberry","Summer",FALSE,4.44,13.32,56,"Urban - High Density",TRUE
3923,201,6,0,2023-10-28,TRUE,4,"Walnut","Summer",TRUE,-3.25,0,63,"Urban - High Density",FALSE
3924,1296,14,10,2023-12-05,TRUE,7,"Fig","Summer",TRUE,3.67,36.7,59,"Urban - High Density",TRUE
3925,1322,41,10,2023-06-16,TRUE,5,"Strawberry","Summer",TRUE,4.94,49.4,26,"Urban - Medium Density",TRUE
3926,1426,2,7,2023-06-22,TRUE,2,"Grape","Unknown",TRUE,10.56,73.92,70,"Unknown",TRUE
3927,502,15,7,2023-02-10,TRUE,6,"Cabbage","All Seasons",FALSE,3.34,23.38,34,"Urban - High Density",FALSE
3928,1170,38,0,2023-01-17,TRUE,6,"Apricot","Summer",TRUE,8.8,0,76,"Urban - High Density",NA
3929,384,34,8,2023-08-02,TRUE,7,"Celery","Winter",TRUE,5.77,46.16,48,"Urban - High Density",NA
3930,1928,5,2,2023-01-16,TRUE,3,"Apricot","Summer",FALSE,10.18,20.36,21,"Rural",TRUE
3931,627,29,1,2023-03-06,TRUE,-2,"Orange","Summer",FALSE,9.07,9.07,50,"Urban - Medium Density",FALSE
3932,891,30,2,2023-08-24,TRUE,2,"Lychee","All Seasons",TRUE,1.21,2.42,34,"Urban - High Density",TRUE
3933,1614,44,5,2023-10-11,TRUE,5,"Apple","Summer",TRUE,9.24,46.2,55,"Urban - High Density",TRUE
3934,269,21,3,2023-11-25,TRUE,1,"Sweet Potato","All Seasons",TRUE,12.3,36.9,44,"Rural",TRUE
3935,467,11,10,2023-04-05,TRUE,2,"Strawberry","Summer",TRUE,5.35,53.5,79,"Urban - High Density",TRUE
3936,1314,10,6,2023-07-19,TRUE,7,"Blueberry","Summer",FALSE,4.44,26.64,25,"Urban - Medium Density",FALSE
3937,799,43,5,2023-07-03,TRUE,-2,"Pear","Unknown",TRUE,4.62,23.1,66,"Urban - High Density",TRUE
3938,960,4,3,2023-12-19,TRUE,2,"Watermelon","Unknown",TRUE,12.08,36.24,46,"Urban - High Density",TRUE
3939,265,19,5,2023-02-07,TRUE,7,"Banana","Winter",TRUE,-0.17,-0.85,68,"Urban - High Density",FALSE
3940,170,16,7,2023-07-17,TRUE,50,"Chestnut","Summer",TRUE,3.39,23.73,70,"Urban - High Density",TRUE
3941,1355,13,-3,2023-12-08,TRUE,6,"Cucumber","All Seasons",NA,8.17,-24.51,60,"Urban - Medium Density",FALSE
3942,353,14,-3,2023-01-24,TRUE,-2,"Fig","Summer",TRUE,3.67,-11.01,63,"Urban - High Density",TRUE
3943,873,26,3,2023-10-29,TRUE,5,"Mango","Summer",TRUE,-1.79,-5.37,41,"Urban - High Density",FALSE
3944,1584,12,1,2023-11-17,TRUE,50,"Banana","All Seasons",TRUE,10.29,10.29,76,"Rural",TRUE
3945,1134,43,0,2023-12-21,TRUE,50,"Pear","Unknown",TRUE,4.62,0,52,"Urban - High Density",TRUE
3946,700,19,-3,2023-12-28,TRUE,3,"Banana","Winter",TRUE,-0.17,0.51,32,"Urban - Medium Density",FALSE
3947,499,35,9,2023-05-28,TRUE,3,"Hazelnut","All Seasons",TRUE,6.96,62.64,47,"Urban - Medium Density",FALSE
3948,696,28,4,2023-10-18,TRUE,4,"Raspberry","Unknown",TRUE,14.97,59.88,50,"Urban - High Density",TRUE
3949,719,32,3,2023-05-11,TRUE,5,"Raspberry","All Seasons",TRUE,12.49,37.47,54,"Urban - High Density",FALSE
3950,840,7,2,2023-03-14,TRUE,-2,"Lettuce","Unknown",TRUE,8.68,17.36,63,"Rural",FALSE
3951,1179,7,4,2023-08-13,TRUE,2,"Lettuce","Unknown",TRUE,8.68,34.72,28,"Urban - Medium Density",FALSE
3952,1064,12,9,2023-10-04,TRUE,3,"Banana","All Seasons",TRUE,10.29,92.61,77,"Urban - High Density",TRUE
3953,1758,34,1,2023-04-28,TRUE,6,"Celery","Winter",TRUE,5.77,5.77,37,"Unknown",FALSE
3954,1501,31,1,2023-01-21,TRUE,7,"Chestnut","All Seasons",NA,0.13,0.13,53,"Urban - High Density",TRUE
3955,1456,45,9,2023-01-20,TRUE,7,"Apricot","All Seasons",TRUE,7.43,66.87,23,"Urban - Medium Density",FALSE
3956,1229,47,10,2023-04-04,TRUE,6,"Mango","Summer",FALSE,2.32,23.2,27,"Rural",TRUE
3957,1188,21,6,2023-11-21,TRUE,7,"Sweet Potato","All Seasons",TRUE,12.3,73.8,23,"Urban - High Density",TRUE
3958,786,27,7,2023-12-23,TRUE,1,"Peach","Winter",TRUE,13.88,97.16,64,"Urban - Medium Density",TRUE
3959,1730,15,3,2023-08-29,TRUE,50,"Cabbage","All Seasons",FALSE,3.34,10.02,56,"Urban - High Density",TRUE
3960,798,35,9,2023-07-08,TRUE,50,"Hazelnut","All Seasons",TRUE,6.96,62.64,33,"Urban - High Density",FALSE
3961,921,17,0,2023-10-02,TRUE,3,"Pea","All Seasons",TRUE,-2.07,0,26,"Urban - High Density",TRUE
3962,936,28,0,2023-12-26,TRUE,7,"Raspberry","Unknown",TRUE,14.97,0,77,"Urban - High Density",TRUE
3963,1824,31,10,2023-02-16,TRUE,6,"Chestnut","All Seasons",NA,0.13,1.3,41,"",TRUE
3964,1738,44,7,2023-09-30,TRUE,2,"Apple","Summer",TRUE,9.24,64.68,62,"Urban - Medium Density",TRUE
3965,1505,18,-3,2023-07-25,TRUE,3,"Apple","All Seasons",TRUE,14.07,-42.21,76,"Urban - High Density",TRUE
3966,205,35,7,2023-03-08,TRUE,4,"Hazelnut","All Seasons",TRUE,6.96,48.72,54,"Urban - Medium Density",TRUE
3967,75,5,2,2023-06-16,FALSE,-2,"Apricot","Summer",FALSE,10.18,20.36,47,"Urban - High Density",TRUE
3968,823,14,9,2023-09-07,TRUE,4,"Fig","Summer",TRUE,3.67,33.03,26,"Urban - High Density",TRUE
3969,99,22,5,2023-06-02,TRUE,4,"Green Bean","All Seasons",FALSE,-4.21,-21.05,51,"Rural",FALSE
3970,1505,10,5,2023-07-23,TRUE,5,"Blueberry","Summer",FALSE,4.44,22.2,76,"Urban - High Density",TRUE
3971,1770,19,1,2023-03-08,TRUE,4,"Banana","Winter",TRUE,-0.17,-0.17,19,"Urban - High Density",TRUE
3972,1005,21,6,2023-04-23,TRUE,4,"Sweet Potato","All Seasons",TRUE,12.3,73.8,35,"Urban - Medium Density",TRUE
3973,169,1,5,2023-10-07,TRUE,3,"Strawberry","Unknown",TRUE,4.42,22.1,23,"Urban - High Density",FALSE
3974,216,14,0,2023-07-29,TRUE,2,"Fig","Summer",TRUE,3.67,0,36,"Urban - Medium Density",FALSE
3975,813,20,2,2023-04-01,TRUE,5,"Corn","All Seasons",TRUE,12.25,24.5,75,"Urban - High Density",TRUE
3976,1345,46,9,2023-12-11,TRUE,5,"Chestnut","All Seasons",TRUE,-4.08,-36.72,49,"Urban - High Density",TRUE
3977,60,44,2,2023-11-12,TRUE,4,"Apple","Summer",TRUE,9.24,18.48,38,"Urban - Medium Density",TRUE
3978,1666,25,3,2023-11-10,TRUE,50,"Broccoli","All Seasons",TRUE,3.11,9.33,59,"Urban - Medium Density",FALSE
3979,114,31,3,2023-06-16,TRUE,6,"Chestnut","All Seasons",NA,0.13,0.39,29,"Urban - High Density",TRUE
3980,1511,25,6,2023-03-17,TRUE,1,"Broccoli","All Seasons",TRUE,3.11,18.66,45,"Urban - High Density",FALSE
3981,1603,46,6,2023-11-11,TRUE,4,"Chestnut","All Seasons",TRUE,-4.08,-24.48,48,"Urban - Medium Density",TRUE
3982,1787,46,9,2023-10-20,TRUE,-2,"Chestnut","All Seasons",TRUE,-4.08,-36.72,69,"Urban - Medium Density",FALSE
3983,882,39,1,2023-07-16,TRUE,6,"Mango","All Seasons",TRUE,10.84,10.84,48,"Urban - High Density",FALSE
3984,1927,13,0,2023-09-03,TRUE,7,"Cucumber","All Seasons",NA,8.17,0,50,"Urban - High Density",FALSE
3985,1400,18,8,2023-03-11,TRUE,5,"Apple","All Seasons",TRUE,14.07,112.56,80,"Rural",TRUE
3986,1332,1,2,2023-02-11,TRUE,3,"Strawberry","Unknown",TRUE,4.42,8.84,120,"Urban - Medium Density",TRUE
3987,1619,17,2,2023-05-09,TRUE,4,"Pea","All Seasons",TRUE,-2.07,-4.14,26,"Urban - Medium Density",TRUE
3988,619,28,1,2023-04-02,TRUE,-2,"Raspberry","Unknown",TRUE,14.97,14.97,40,"Urban - High Density",FALSE
3989,805,32,9,2023-09-04,TRUE,6,"Raspberry","All Seasons",TRUE,12.49,112.41,80,"Urban - High Density",TRUE
3990,528,40,3,2023-02-07,TRUE,1,"Orange","Winter",FALSE,3.87,11.61,120,"Urban - High Density",TRUE
3991,1847,4,2,2023-05-05,TRUE,-2,"Watermelon","Unknown",TRUE,12.08,24.16,19,"Urban - High Density",FALSE
3992,1027,23,5,2023-05-31,TRUE,1,"Corn","Winter",FALSE,1.53,7.65,61,"Urban - High Density",TRUE
3993,1163,4,-3,2023-07-02,TRUE,7,"Watermelon","Unknown",TRUE,12.08,-36.24,66,"Urban - Medium Density",TRUE
3994,121,33,-3,2023-10-09,TRUE,6,"Banana","All Seasons",TRUE,13.25,-39.75,22,"Urban - High Density",TRUE
3995,1762,4,3,2023-10-25,TRUE,50,"Watermelon","Unknown",TRUE,12.08,36.24,19,"Urban - High Density",TRUE
3996,393,32,9,2023-03-31,TRUE,4,"Raspberry","All Seasons",TRUE,12.49,112.41,56,"Urban - High Density",FALSE
3997,1077,12,-3,2023-05-24,TRUE,1,"Banana","All Seasons",TRUE,10.29,-30.87,59,"Urban - High Density",TRUE
3998,778,14,7,2023-04-17,TRUE,5,"Fig","Summer",TRUE,3.67,25.69,71,"Urban - Medium Density",TRUE
3999,1970,5,-3,2023-07-02,TRUE,6,"Apricot","Summer",FALSE,10.18,-30.54,38,"Urban - High Density",TRUE
4000,607,45,7,2023-03-30,TRUE,1,"Apricot","All Seasons",TRUE,7.43,52.01,20,"Rural",TRUE
4001,1222,38,1,2023-11-04,TRUE,4,"Apricot","Summer",TRUE,8.8,8.8,30,"Rural",TRUE
4002,1812,15,6,2023-03-05,TRUE,3,"Cabbage","All Seasons",FALSE,3.34,20.04,49,"Urban - High Density",TRUE
4003,1645,33,3,2023-01-26,TRUE,6,"Banana","All Seasons",TRUE,13.25,39.75,45,"Urban - High Density",TRUE
4004,377,36,-3,2023-02-22,TRUE,3,"Raspberry","Summer",TRUE,5.87,-17.61,72,"Urban - Medium Density",FALSE
4005,1865,17,8,2023-04-21,TRUE,2,"Pea","All Seasons",TRUE,-2.07,-16.56,74,"Urban - High Density",TRUE
4006,887,43,8,2023-10-07,TRUE,-2,"Pear","Unknown",TRUE,4.62,36.96,75,"Urban - Medium Density",TRUE
4007,1574,48,2,2023-12-27,TRUE,-2,"Blueberry","Winter",TRUE,0.78,1.56,38,"Urban - Medium Density",TRUE
4008,55,49,7,2023-03-14,TRUE,2,"Cherry","Summer",NA,1.84,12.88,27,"Urban - High Density",TRUE
4009,72,44,9,2023-02-11,TRUE,7,"Apple","Summer",TRUE,9.24,83.16,22,"Rural",TRUE
4010,1901,42,9,2023-12-20,TRUE,5,"Pomegranate","Winter",TRUE,10.95,98.55,44,"Urban - High Density",NA
4011,224,6,4,2023-12-03,TRUE,7,"Walnut","Summer",TRUE,-3.25,-13,41,"Urban - High Density",FALSE
4012,1606,46,5,2023-09-11,TRUE,3,"Chestnut","All Seasons",TRUE,-4.08,-20.4,30,"Urban - Medium Density",TRUE
4013,767,35,4,2023-09-30,TRUE,5,"Hazelnut","All Seasons",TRUE,6.96,27.84,20,"Urban - High Density",TRUE
4014,918,34,1,2023-09-08,TRUE,2,"Celery","Winter",TRUE,5.77,5.77,74,"Urban - Medium Density",NA
4015,1039,38,8,2023-04-01,TRUE,5,"Apricot","Summer",TRUE,8.8,70.4,70,"Urban - High Density",TRUE
4016,1184,42,3,2023-11-04,TRUE,-2,"Pomegranate","Winter",TRUE,10.95,32.85,71,"Urban - High Density",TRUE
4017,1654,15,6,2023-05-28,TRUE,3,"Cabbage","All Seasons",FALSE,3.34,20.04,18,"Rural",TRUE
4018,1059,23,9,2023-12-01,TRUE,5,"Corn","Winter",FALSE,1.53,13.77,72,"Urban - Medium Density",TRUE
4019,872,9,4,2023-02-19,TRUE,-2,"Onion","Unknown",TRUE,5.01,20.04,51,"Urban - Medium Density",FALSE
4020,1844,6,0,2023-06-15,TRUE,3,"Walnut","Summer",TRUE,-3.25,0,39,"Urban - High Density",TRUE
4021,1749,46,6,2023-07-02,TRUE,4,"Chestnut","All Seasons",TRUE,-4.08,-24.48,41,"Rural",TRUE
4022,995,35,1,2023-10-18,TRUE,6,"Hazelnut","All Seasons",TRUE,6.96,6.96,22,"Rural",TRUE
4023,192,50,7,2023-11-09,TRUE,5,"Sweet Potato","Unknown",FALSE,1.01,7.07,52,"",TRUE
4024,825,29,6,2023-03-02,TRUE,50,"Orange","Summer",FALSE,9.07,54.42,35,"Urban - High Density",FALSE
4025,1767,29,-3,2023-09-17,TRUE,4,"Orange","Summer",FALSE,9.07,-27.21,28,"Urban - Medium Density",NA
4026,1990,27,1,2023-02-09,TRUE,-2,"Peach","Winter",TRUE,13.88,13.88,27,"Rural",NA
4027,74,46,1,2023-06-22,TRUE,50,"Chestnut","All Seasons",TRUE,-4.08,-4.08,41,"Urban - Medium Density",FALSE
4028,1016,5,6,2023-01-29,TRUE,4,"Apricot","Summer",FALSE,10.18,61.08,52,"Urban - Medium Density",FALSE
4029,1960,9,4,2023-07-06,TRUE,6,"Onion","Unknown",TRUE,5.01,20.04,19,"Urban - High Density",FALSE
4030,438,3,3,2023-11-14,TRUE,4,"Raspberry","Unknown",FALSE,10.26,30.78,78,"Rural",FALSE
4031,417,7,9,2023-02-03,FALSE,2,"Lettuce","Unknown",TRUE,8.68,78.12,63,"Urban - High Density",TRUE
4032,836,13,8,2023-08-07,TRUE,-2,"Cucumber","All Seasons",NA,8.17,65.36,42,"Urban - High Density",TRUE
4033,33,8,4,2023-08-27,TRUE,-2,"Garlic","Winter",TRUE,3.66,14.64,40,"Urban - High Density",TRUE
4034,1968,17,8,2023-12-15,TRUE,50,"Pea","All Seasons",TRUE,-2.07,-16.56,77,"Urban - Medium Density",FALSE
4035,1373,2,1,2023-07-01,TRUE,-2,"Grape","Unknown",TRUE,10.56,10.56,70,"Rural",FALSE
4036,261,14,6,2023-07-26,TRUE,3,"Fig","Summer",TRUE,3.67,22.02,39,"Urban - Medium Density",TRUE
4037,1434,4,-3,2023-07-25,TRUE,7,"Watermelon","Unknown",TRUE,12.08,-36.24,68,"Rural",TRUE
4038,750,12,5,2023-05-27,TRUE,4,"Banana","All Seasons",TRUE,10.29,51.45,23,"Urban - High Density",NA
4039,762,5,1,2023-10-25,TRUE,6,"Apricot","Summer",FALSE,10.18,10.18,41,"Urban - Medium Density",TRUE
4040,574,13,10,2023-03-31,FALSE,-2,"Cucumber","All Seasons",NA,8.17,81.7,71,"Urban - Medium Density",FALSE
4041,670,39,9,2023-12-15,TRUE,3,"Mango","All Seasons",TRUE,10.84,97.56,45,"Urban - Medium Density",FALSE
4042,666,34,1,2023-07-14,TRUE,1,"Celery","Winter",TRUE,5.77,5.77,72,"Urban - Medium Density",TRUE
4043,55,39,2,2024-01-01,TRUE,-2,"Mango","All Seasons",TRUE,10.84,21.68,27,"Urban - High Density",TRUE
4044,1940,14,-3,2023-07-10,TRUE,5,"Fig","Summer",TRUE,3.67,-11.01,80,"Urban - High Density",TRUE
4045,1063,23,4,2023-05-24,FALSE,5,"Corn","Winter",FALSE,1.53,6.12,65,"Rural",TRUE
4046,453,9,2,2023-10-09,TRUE,4,"Onion","Unknown",TRUE,5.01,10.02,22,"Urban - High Density",FALSE
4047,1641,27,1,2023-07-03,TRUE,3,"Peach","Winter",TRUE,13.88,13.88,50,"Urban - Medium Density",FALSE
4048,521,30,10,2023-10-28,TRUE,3,"Lychee","All Seasons",TRUE,1.21,12.1,38,"Urban - High Density",FALSE
4049,1768,15,1,2023-11-22,TRUE,50,"Cabbage","All Seasons",FALSE,3.34,3.34,39,"Urban - High Density",TRUE
4050,1866,23,-3,2023-03-22,TRUE,1,"Corn","Winter",FALSE,1.53,-4.59,36,"Urban - Medium Density",TRUE
4051,474,3,-3,2023-01-04,TRUE,6,"Raspberry","Unknown",FALSE,10.26,-30.78,32,"Urban - High Density",TRUE
4052,5,5,-3,2023-03-10,TRUE,4,"Apricot","Summer",FALSE,10.18,-30.54,65,"Rural",TRUE
4053,662,12,3,2023-10-03,TRUE,7,"Banana","All Seasons",TRUE,10.29,30.87,41,"Urban - Medium Density",FALSE
4054,1692,33,9,2023-12-15,TRUE,3,"Banana","All Seasons",TRUE,13.25,119.25,39,"Urban - Medium Density",TRUE
4055,387,28,6,2023-03-18,TRUE,7,"Raspberry","Unknown",TRUE,14.97,89.82,68,"Urban - High Density",NA
4056,785,38,7,2023-11-06,TRUE,5,"Apricot","Summer",TRUE,8.8,61.6,23,"Urban - High Density",TRUE
4057,1421,40,-3,2023-07-24,TRUE,2,"Orange","Winter",FALSE,3.87,-11.61,65,"Urban - High Density",FALSE
4058,1174,40,1,2023-12-01,TRUE,5,"Orange","Winter",FALSE,3.87,3.87,34,"Urban - High Density",FALSE
4059,1884,50,6,2023-01-22,TRUE,3,"Sweet Potato","Unknown",FALSE,1.01,6.06,44,"Urban - Medium Density",FALSE
4060,1230,14,7,2023-11-29,TRUE,1,"Fig","Summer",TRUE,3.67,25.69,34,"Rural",FALSE
4061,513,24,2,2023-05-27,TRUE,2,"Asparagus","Winter",FALSE,2.01,4.02,78,"Urban - High Density",NA
4062,266,44,7,2023-12-13,TRUE,6,"Apple","Summer",TRUE,9.24,64.68,26,"Urban - High Density",TRUE
4063,591,29,1,2023-12-21,TRUE,1,"Orange","Summer",FALSE,9.07,9.07,69,"Urban - Medium Density",TRUE
4064,1041,43,6,2023-09-28,TRUE,-2,"Pear","Unknown",TRUE,4.62,27.72,61,"Rural",FALSE
4065,869,10,6,2023-08-20,TRUE,-2,"Blueberry","Summer",FALSE,4.44,26.64,77,"Urban - High Density",FALSE
4066,412,14,6,2023-08-26,TRUE,3,"Fig","Summer",TRUE,3.67,22.02,64,"Urban - Medium Density",TRUE
4067,1872,40,8,2023-12-18,TRUE,4,"Orange","Winter",FALSE,3.87,30.96,65,"Rural",FALSE
4068,1440,5,7,2023-09-21,TRUE,5,"Apricot","Summer",FALSE,10.18,71.26,43,"Urban - High Density",TRUE
4069,650,20,1,2023-11-16,TRUE,2,"Corn","All Seasons",TRUE,12.25,12.25,63,"Rural",TRUE
4070,596,27,3,2023-08-03,TRUE,5,"Peach","Winter",TRUE,13.88,41.64,40,"Urban - High Density",FALSE
4071,43,24,6,2023-04-09,TRUE,6,"Asparagus","Winter",FALSE,2.01,12.06,65,"Urban - High Density",FALSE
4072,966,4,8,2023-08-22,TRUE,3,"Watermelon","Unknown",TRUE,12.08,96.64,32,"Urban - High Density",TRUE
4073,1154,29,2,2023-12-23,TRUE,4,"Orange","Summer",FALSE,9.07,18.14,45,"Urban - High Density",TRUE
4074,931,44,4,2023-12-19,TRUE,7,"Apple","Summer",TRUE,9.24,36.96,34,"Urban - Medium Density",FALSE
4075,599,37,5,2023-02-16,TRUE,3,"Radish","Unknown",TRUE,7.32,36.6,59,"Urban - Medium Density",FALSE
4076,117,21,5,2023-12-02,TRUE,4,"Sweet Potato","All Seasons",TRUE,12.3,61.5,55,"Urban - High Density",FALSE
4077,880,8,7,2023-12-19,TRUE,7,"Garlic","Winter",TRUE,3.66,25.62,65,"Urban - Medium Density",TRUE
4078,1258,41,0,2023-11-15,TRUE,5,"Strawberry","Summer",TRUE,4.94,0,42,"Urban - High Density",FALSE
4079,843,2,4,2023-08-03,TRUE,6,"Grape","Unknown",TRUE,10.56,42.24,56,"Urban - High Density",FALSE
4080,1607,50,1,2023-06-15,TRUE,4,"Sweet Potato","Unknown",FALSE,1.01,1.01,43,"Urban - High Density",NA
4081,723,33,6,2023-02-22,FALSE,1,"Banana","All Seasons",TRUE,13.25,79.5,38,"Urban - High Density",FALSE
4082,1951,40,9,2023-09-09,TRUE,5,"Orange","Winter",FALSE,3.87,34.83,33,"Urban - High Density",FALSE
4083,1194,40,6,2023-05-22,TRUE,1,"Orange","Winter",FALSE,3.87,23.22,77,"Urban - High Density",TRUE
4084,1911,25,10,2023-07-04,TRUE,4,"Broccoli","All Seasons",TRUE,3.11,31.1,50,"Urban - Medium Density",TRUE
4085,259,9,9,2023-07-24,TRUE,4,"Onion","Unknown",TRUE,5.01,45.09,25,"Urban - High Density",TRUE
4086,1131,5,10,2023-11-03,TRUE,2,"Apricot","Summer",FALSE,10.18,101.8,48,"Rural",TRUE
4087,1434,41,9,2023-01-01,TRUE,7,"Strawberry","Summer",TRUE,4.94,44.46,68,"Rural",TRUE
4088,1303,2,5,2023-10-11,TRUE,-2,"Grape","Unknown",TRUE,10.56,52.8,25,"Urban - High Density",TRUE
4089,882,18,6,2023-03-15,TRUE,3,"Apple","All Seasons",TRUE,14.07,84.42,48,"Urban - High Density",FALSE
4090,466,10,3,2023-08-18,TRUE,2,"Blueberry","Summer",FALSE,4.44,13.32,25,"Urban - Medium Density",FALSE
4091,1822,1,8,2023-12-12,TRUE,2,"Strawberry","Unknown",TRUE,4.42,35.36,40,"Urban - Medium Density",TRUE
4092,523,4,-3,2023-09-12,TRUE,4,"Watermelon","Unknown",TRUE,12.08,-36.24,77,"Urban - High Density",FALSE
4093,497,35,7,2023-06-01,TRUE,6,"Hazelnut","All Seasons",TRUE,6.96,48.72,21,"Urban - Medium Density",TRUE
4094,1457,32,0,2023-01-20,TRUE,1,"Raspberry","All Seasons",TRUE,12.49,0,30,"Urban - Medium Density",FALSE
4095,314,3,3,2023-06-09,NA,6,"Raspberry","Unknown",FALSE,10.26,30.78,53,"Urban - High Density",TRUE
4096,1562,50,9,2023-09-22,TRUE,2,"Sweet Potato","Unknown",FALSE,1.01,9.09,35,"Urban - Medium Density",TRUE
4097,435,19,1,2023-08-24,TRUE,50,"Banana","Winter",TRUE,-0.17,-0.17,76,"Urban - Medium Density",TRUE
4098,1172,47,9,2023-12-14,TRUE,2,"Mango","Summer",FALSE,2.32,20.88,40,"Urban - High Density",TRUE
4099,1678,16,1,2023-04-15,TRUE,2,"Chestnut","Summer",TRUE,3.39,3.39,45,"Urban - High Density",TRUE
4100,1207,15,7,2023-12-04,TRUE,3,"Cabbage","All Seasons",FALSE,3.34,23.38,40,"",FALSE
4101,1634,17,10,2023-08-16,TRUE,1,"Pea","All Seasons",TRUE,-2.07,-20.7,75,"Urban - Medium Density",TRUE
4102,467,23,6,2023-08-15,TRUE,1,"Corn","Winter",FALSE,1.53,9.18,79,"Urban - High Density",TRUE
4103,1102,33,9,2023-05-02,TRUE,6,"Banana","All Seasons",TRUE,13.25,119.25,77,"Urban - High Density",TRUE
4104,32,48,1,2023-04-03,TRUE,50,"Blueberry","Winter",TRUE,0.78,0.78,28,"Unknown",TRUE
4105,1889,43,4,2023-11-24,TRUE,4,"Pear","Unknown",TRUE,4.62,18.48,30,"Urban - High Density",TRUE
4106,1498,33,6,2023-06-06,TRUE,5,"Banana","All Seasons",TRUE,13.25,79.5,33,"Urban - Medium Density",FALSE
4107,646,29,0,2023-11-26,TRUE,2,"Orange","Summer",FALSE,9.07,0,45,"Urban - Medium Density",TRUE
4108,999,15,0,2023-09-22,TRUE,50,"Cabbage","All Seasons",FALSE,3.34,0,42,"Urban - High Density",FALSE
4109,243,40,7,2023-11-09,TRUE,7,"Orange","Winter",FALSE,3.87,27.09,43,"Urban - High Density",FALSE
4110,537,13,7,2023-06-23,TRUE,7,"Cucumber","All Seasons",NA,8.17,57.19,49,"Urban - High Density",FALSE
4111,1816,48,3,2023-10-16,TRUE,5,"Blueberry","Winter",TRUE,0.78,2.34,62,"Urban - High Density",TRUE
4112,1089,26,0,2023-11-11,NA,-2,"Mango","Summer",TRUE,-1.79,0,75,"Urban - High Density",TRUE
4113,1757,26,9,2023-01-01,TRUE,7,"Mango","Summer",TRUE,-1.79,-16.11,26,"Urban - Medium Density",TRUE
4114,424,14,5,2023-09-13,TRUE,1,"Fig","Summer",TRUE,3.67,18.35,24,"",TRUE
4115,912,32,9,2023-01-30,TRUE,50,"Raspberry","All Seasons",TRUE,12.49,112.41,49,"Unknown",TRUE
4116,936,30,1,2023-01-07,TRUE,-2,"Lychee","All Seasons",TRUE,1.21,1.21,77,"Urban - High Density",TRUE
4117,1882,20,9,2023-12-24,TRUE,7,"Corn","All Seasons",TRUE,12.25,110.25,38,"",FALSE
4118,1415,50,0,2023-07-11,TRUE,2,"Sweet Potato","Unknown",FALSE,1.01,0,68,"Urban - High Density",FALSE
4119,1299,16,5,2023-10-18,FALSE,1,"Chestnut","Summer",TRUE,3.39,16.95,54,"Urban - Medium Density",TRUE
4120,645,47,5,2023-09-13,TRUE,50,"Mango","Summer",FALSE,2.32,11.6,73,"Rural",TRUE
4121,348,43,6,2023-12-18,TRUE,50,"Pear","Unknown",TRUE,4.62,27.72,44,"Urban - High Density",FALSE
4122,1886,8,8,2023-07-12,TRUE,2,"Garlic","Winter",TRUE,3.66,29.28,66,"Urban - High Density",FALSE
4123,1476,50,0,2023-10-26,TRUE,1,"Sweet Potato","Unknown",FALSE,1.01,0,23,"Rural",NA
4124,1283,37,9,2023-10-30,TRUE,7,"Radish","Unknown",TRUE,7.32,65.88,37,"Urban - High Density",FALSE
4125,315,2,10,2023-11-02,TRUE,5,"Grape","Unknown",TRUE,10.56,105.6,78,"Urban - High Density",FALSE
4126,1191,48,7,2023-01-24,TRUE,5,"Blueberry","Winter",TRUE,0.78,5.46,31,"Urban - Medium Density",FALSE
4127,580,4,2,2023-05-16,TRUE,6,"Watermelon","Unknown",TRUE,12.08,24.16,23,"Urban - Medium Density",TRUE
4128,1033,25,4,2023-03-15,TRUE,50,"Broccoli","All Seasons",TRUE,3.11,12.44,44,"Urban - High Density",TRUE
4129,991,17,1,2023-04-01,TRUE,3,"Pea","All Seasons",TRUE,-2.07,-2.07,77,"Urban - High Density",TRUE
4130,1703,34,1,2023-07-05,TRUE,4,"Celery","Winter",TRUE,5.77,5.77,47,"Urban - High Density",FALSE
4131,1013,43,0,2023-06-16,TRUE,1,"Pear","Unknown",TRUE,4.62,0,80,"Urban - Medium Density",TRUE
4132,906,16,-3,2023-08-27,TRUE,6,"Chestnut","Summer",TRUE,3.39,-10.17,32,"Urban - Medium Density",TRUE
4133,883,31,6,2023-10-27,TRUE,2,"Chestnut","All Seasons",NA,0.13,0.78,39,"Urban - High Density",FALSE
4134,131,8,0,2023-02-11,TRUE,6,"Garlic","Winter",TRUE,3.66,0,72,"Urban - High Density",FALSE
4135,972,9,6,2023-12-16,TRUE,1,"Onion","Unknown",TRUE,5.01,30.06,23,"Urban - Medium Density",TRUE
4136,1809,33,-3,2023-04-10,TRUE,1,"Banana","All Seasons",TRUE,13.25,-39.75,71,"Urban - High Density",FALSE
4137,1386,43,7,2023-04-24,TRUE,7,"Pear","Unknown",TRUE,4.62,32.34,80,"Rural",TRUE
4138,817,31,7,2023-05-12,TRUE,7,"Chestnut","All Seasons",NA,0.13,0.91,37,"Rural",FALSE
4139,552,13,1,2023-12-24,TRUE,5,"Cucumber","All Seasons",NA,8.17,8.17,26,"Urban - High Density",FALSE
4140,1909,1,3,2023-07-29,TRUE,3,"Strawberry","Unknown",TRUE,4.42,13.26,26,"Unknown",NA
4141,79,45,-3,2023-12-12,TRUE,50,"Apricot","All Seasons",TRUE,7.43,-22.29,20,"Unknown",TRUE
4142,1079,2,9,2023-06-24,TRUE,3,"Grape","Unknown",TRUE,10.56,95.04,52,"Urban - Medium Density",TRUE
4143,417,19,4,2023-06-17,TRUE,4,"Banana","Winter",TRUE,-0.17,-0.68,63,"Urban - High Density",TRUE
4144,425,32,-3,2023-09-28,TRUE,4,"Raspberry","All Seasons",TRUE,12.49,-37.47,48,"Urban - High Density",TRUE
4145,1785,7,5,2023-06-26,TRUE,6,"Lettuce","Unknown",TRUE,8.68,43.4,59,"Urban - High Density",TRUE
4146,363,48,7,2023-05-08,TRUE,3,"Blueberry","Winter",TRUE,0.78,5.46,76,"Urban - High Density",TRUE
4147,1310,32,9,2023-10-10,TRUE,3,"Raspberry","All Seasons",TRUE,12.49,112.41,120,"Urban - High Density",TRUE
4148,1683,48,9,2023-05-06,TRUE,50,"Blueberry","Winter",TRUE,0.78,7.02,34,"Urban - High Density",FALSE
4149,356,48,7,2023-05-17,TRUE,4,"Blueberry","Winter",TRUE,0.78,5.46,49,"Urban - Medium Density",TRUE
4150,1383,37,5,2023-02-04,TRUE,4,"Radish","Unknown",TRUE,7.32,36.6,27,"Urban - High Density",TRUE
4151,463,23,5,2023-05-25,TRUE,4,"Corn","Winter",FALSE,1.53,7.65,74,"Urban - High Density",FALSE
4152,897,13,5,2023-09-24,TRUE,50,"Cucumber","All Seasons",NA,8.17,40.85,66,"Urban - High Density",FALSE
4153,994,7,5,2023-11-23,TRUE,2,"Lettuce","Unknown",TRUE,8.68,43.4,39,"Urban - High Density",TRUE
4154,581,13,1,2023-10-29,TRUE,7,"Cucumber","All Seasons",NA,8.17,8.17,35,"Urban - High Density",TRUE
4155,1542,10,5,2023-07-16,TRUE,1,"Blueberry","Summer",FALSE,4.44,22.2,50,"Urban - Medium Density",TRUE
4156,379,20,9,2023-01-23,TRUE,4,"Corn","All Seasons",TRUE,12.25,110.25,38,"Rural",FALSE
4157,1069,40,3,2023-02-04,TRUE,1,"Orange","Winter",FALSE,3.87,11.61,5,"Rural",FALSE
4158,938,37,4,2023-04-04,TRUE,3,"Radish","Unknown",TRUE,7.32,29.28,77,"Urban - High Density",FALSE
4159,1538,36,0,2023-01-22,TRUE,5,"Raspberry","Summer",TRUE,5.87,0,74,"Urban - High Density",TRUE
4160,222,36,7,2023-05-14,TRUE,50,"Raspberry","Summer",TRUE,5.87,41.09,55,"Urban - Medium Density",FALSE
4161,1429,8,-3,2023-01-26,TRUE,4,"Garlic","Winter",TRUE,3.66,-10.98,71,"Urban - High Density",TRUE
4162,554,30,2,2023-06-05,TRUE,4,"Lychee","All Seasons",TRUE,1.21,2.42,69,"Urban - Medium Density",TRUE
4163,509,33,5,2023-01-09,TRUE,4,"Banana","All Seasons",TRUE,13.25,66.25,33,"Urban - High Density",TRUE
4164,97,28,-3,2023-06-25,TRUE,-2,"Raspberry","Unknown",TRUE,14.97,-44.91,63,"Rural",TRUE
4165,630,27,10,2023-05-01,TRUE,5,"Peach","Winter",TRUE,13.88,138.8,49,"Urban - Medium Density",FALSE
4166,498,27,5,2023-09-17,TRUE,50,"Peach","Winter",TRUE,13.88,69.4,32,"Urban - High Density",TRUE
4167,1207,37,10,2023-02-07,FALSE,7,"Radish","Unknown",TRUE,7.32,73.2,40,"",FALSE
4168,1339,11,10,2023-08-15,TRUE,3,"Strawberry","Summer",TRUE,5.35,53.5,72,"Urban - Medium Density",TRUE
4169,700,39,5,2023-10-15,TRUE,4,"Mango","All Seasons",TRUE,10.84,54.2,32,"Urban - Medium Density",FALSE
4170,1249,22,4,2023-06-11,TRUE,1,"Green Bean","All Seasons",FALSE,-4.21,-16.84,55,"Urban - High Density",TRUE
4171,1704,4,6,2023-01-19,TRUE,1,"Watermelon","Unknown",TRUE,12.08,72.48,38,"Urban - High Density",TRUE
4172,625,28,8,2023-07-06,TRUE,-2,"Raspberry","Unknown",TRUE,14.97,119.76,78,"Urban - High Density",NA
4173,133,41,7,2023-11-02,TRUE,-2,"Strawberry","Summer",TRUE,4.94,34.58,25,"Urban - Medium Density",TRUE
4174,793,45,4,2023-06-12,TRUE,2,"Apricot","All Seasons",TRUE,7.43,29.72,29,"Urban - Medium Density",FALSE
4175,256,41,5,2023-03-01,TRUE,4,"Strawberry","Summer",TRUE,4.94,24.7,48,"Rural",FALSE
4176,263,43,10,2023-03-03,TRUE,3,"Pear","Unknown",TRUE,4.62,46.2,74,"Urban - High Density",TRUE
4177,1517,17,4,2023-05-25,TRUE,4,"Pea","All Seasons",TRUE,-2.07,-8.28,34,"Urban - High Density",TRUE
4178,519,21,0,2023-06-11,TRUE,2,"Sweet Potato","All Seasons",TRUE,12.3,0,44,"Urban - Medium Density",TRUE
4179,245,22,0,2023-04-16,TRUE,5,"Green Bean","All Seasons",FALSE,-4.21,0,27,"Urban - High Density",TRUE
4180,1981,8,6,2023-11-27,TRUE,3,"Garlic","Winter",TRUE,3.66,21.96,55,"Unknown",TRUE
4181,818,44,3,2023-05-31,TRUE,-2,"Apple","Summer",TRUE,9.24,27.72,35,"Urban - High Density",FALSE
4182,450,3,1,2023-03-05,TRUE,5,"Raspberry","Unknown",FALSE,10.26,10.26,76,"Urban - High Density",NA
4183,11,13,7,2023-12-23,TRUE,1,"Cucumber","All Seasons",NA,8.17,57.19,41,"Urban - High Density",TRUE
4184,1747,1,10,2023-12-18,TRUE,5,"Strawberry","Unknown",TRUE,4.42,44.2,79,"Urban - High Density",TRUE
4185,1329,2,1,NA,TRUE,7,"Grape","Unknown",TRUE,10.56,10.56,75,"Rural",TRUE
4186,1098,21,5,2023-08-29,TRUE,3,"Sweet Potato","All Seasons",TRUE,12.3,61.5,72,"Urban - High Density",TRUE
4187,520,26,5,2023-01-14,TRUE,4,"Mango","Summer",TRUE,-1.79,-8.95,51,"Urban - Medium Density",TRUE
4188,862,37,3,2023-07-07,TRUE,-2,"Radish","Unknown",TRUE,7.32,21.96,33,"Urban - Medium Density",TRUE
4189,1925,38,7,2023-05-17,TRUE,50,"Apricot","Summer",TRUE,8.8,61.6,67,"Unknown",TRUE
4190,1709,42,6,2023-11-24,TRUE,6,"Pomegranate","Winter",TRUE,10.95,65.7,25,"Urban - High Density",FALSE
4191,1488,48,5,2023-06-22,TRUE,5,"Blueberry","Winter",TRUE,0.78,3.9,67,"Urban - High Density",FALSE
4192,1871,48,-3,2023-04-03,TRUE,-2,"Blueberry","Winter",TRUE,0.78,-2.34,75,"Rural",FALSE
4193,338,44,5,2023-11-29,TRUE,-2,"Apple","Summer",TRUE,9.24,46.2,74,"Rural",FALSE
4194,653,11,4,2023-09-30,TRUE,6,"Strawberry","Summer",TRUE,5.35,21.4,5,"Urban - Medium Density",FALSE
4195,584,50,9,2023-08-16,TRUE,5,"Sweet Potato","Unknown",FALSE,1.01,9.09,24,"Urban - High Density",TRUE
4196,174,46,10,2023-05-30,TRUE,7,"Chestnut","All Seasons",TRUE,-4.08,-40.8,46,"Urban - High Density",TRUE
4197,757,41,0,2023-05-27,TRUE,5,"Strawberry","Summer",TRUE,4.94,0,50,"Urban - High Density",FALSE
4198,615,5,7,2023-11-21,TRUE,3,"Apricot","Summer",FALSE,10.18,71.26,69,"Urban - Medium Density",TRUE
4199,1392,4,6,2023-12-29,TRUE,7,"Watermelon","Unknown",TRUE,12.08,72.48,41,"Rural",TRUE
4200,153,22,8,2023-05-13,TRUE,3,"Green Bean","All Seasons",FALSE,-4.21,-33.68,22,"Urban - High Density",TRUE
4201,1863,33,5,2023-09-22,TRUE,4,"Banana","All Seasons",TRUE,13.25,66.25,77,"Rural",TRUE
4202,1227,39,7,2023-03-17,NA,7,"Mango","All Seasons",TRUE,10.84,75.88,43,"Urban - High Density",FALSE
4203,254,1,0,2023-04-19,TRUE,6,"Strawberry","Unknown",TRUE,4.42,0,74,"Urban - Medium Density",FALSE
4204,1197,30,10,2023-02-12,TRUE,4,"Lychee","All Seasons",TRUE,1.21,12.1,34,"Urban - High Density",FALSE
4205,1899,41,2,2023-01-09,TRUE,4,"Strawberry","Summer",TRUE,4.94,9.88,26,"Urban - High Density",TRUE
4206,1600,31,1,2023-11-16,TRUE,7,"Chestnut","All Seasons",NA,0.13,0.13,76,"Unknown",TRUE
4207,1486,27,10,2023-06-24,FALSE,2,"Peach","Winter",TRUE,13.88,138.8,52,"Urban - High Density",TRUE
4208,1226,18,6,2023-08-14,TRUE,7,"Apple","All Seasons",TRUE,14.07,84.42,25,"Urban - High Density",NA
4209,460,23,4,2023-01-15,TRUE,50,"Corn","Winter",FALSE,1.53,6.12,75,"Urban - High Density",TRUE
4210,174,7,8,2023-10-25,TRUE,1,"Lettuce","Unknown",TRUE,8.68,69.44,46,"Urban - High Density",TRUE
4211,1089,50,2,2023-12-29,TRUE,5,"Sweet Potato","Unknown",FALSE,1.01,2.02,75,"Urban - High Density",TRUE
4212,86,21,10,2023-12-10,TRUE,1,"Sweet Potato","All Seasons",TRUE,12.3,123,54,"Urban - High Density",FALSE
4213,1237,8,5,2023-08-03,TRUE,7,"Garlic","Winter",TRUE,3.66,18.3,46,"Urban - High Density",TRUE
4214,1897,46,2,2023-09-18,TRUE,5,"Chestnut","All Seasons",TRUE,-4.08,-8.16,49,"Urban - High Density",TRUE
4215,79,4,10,2023-02-09,TRUE,50,"Watermelon","Unknown",TRUE,12.08,120.8,20,"Unknown",TRUE
4216,790,36,0,2023-11-19,TRUE,5,"Raspberry","Summer",TRUE,5.87,0,77,"Unknown",TRUE
4217,380,21,2,2023-12-02,TRUE,3,"Sweet Potato","All Seasons",TRUE,12.3,24.6,60,"Urban - High Density",FALSE
4218,647,16,10,2023-03-25,TRUE,6,"Chestnut","Summer",TRUE,3.39,33.9,54,"Urban - Medium Density",TRUE
4219,664,9,0,2023-04-16,TRUE,1,"Onion","Unknown",TRUE,5.01,0,51,"Urban - High Density",FALSE
4220,1949,42,8,2023-10-28,FALSE,5,"Pomegranate","Winter",TRUE,10.95,87.6,36,"",FALSE
4221,1814,12,8,2023-07-24,TRUE,1,"Banana","All Seasons",TRUE,10.29,82.32,54,"Urban - Medium Density",TRUE
4222,1185,27,3,2023-05-26,TRUE,5,"Peach","Winter",TRUE,13.88,41.64,29,"Urban - High Density",TRUE
4223,1457,13,1,2023-01-01,TRUE,5,"Cucumber","All Seasons",NA,8.17,8.17,30,"Urban - Medium Density",FALSE
4224,873,7,8,2024-01-01,TRUE,5,"Lettuce","Unknown",TRUE,8.68,69.44,41,"Urban - High Density",FALSE
4225,1784,33,9,2023-08-10,TRUE,4,"Banana","All Seasons",TRUE,13.25,119.25,25,"Urban - Medium Density",FALSE
4226,45,29,-3,2023-02-27,TRUE,7,"Orange","Summer",FALSE,9.07,-27.21,19,"Urban - Medium Density",TRUE
4227,437,20,-3,2023-09-20,TRUE,4,"Corn","All Seasons",TRUE,12.25,-36.75,56,"Urban - High Density",NA
4228,1580,39,0,2023-06-29,TRUE,4,"Mango","All Seasons",TRUE,10.84,0,18,"Rural",FALSE
4229,1648,41,9,2023-08-18,TRUE,5,"Strawberry","Summer",TRUE,4.94,44.46,34,"Rural",FALSE
4230,1160,29,8,2023-08-27,TRUE,50,"Orange","Summer",FALSE,9.07,72.56,56,"",TRUE
4231,1596,50,8,2023-11-22,TRUE,7,"Sweet Potato","Unknown",FALSE,1.01,8.08,39,"Urban - Medium Density",TRUE
4232,555,25,1,2023-09-06,TRUE,1,"Broccoli","All Seasons",TRUE,3.11,3.11,29,"Urban - Medium Density",NA
4233,1992,23,3,2023-11-22,TRUE,50,"Corn","Winter",FALSE,1.53,4.59,30,"Rural",TRUE
4234,1507,17,4,2024-01-01,TRUE,50,"Pea","All Seasons",TRUE,-2.07,-8.28,25,"Urban - High Density",TRUE
4235,1848,49,8,2023-12-30,TRUE,7,"Cherry","Summer",NA,1.84,14.72,41,"Urban - Medium Density",TRUE
4236,1762,46,9,2023-12-03,TRUE,5,"Chestnut","All Seasons",TRUE,-4.08,-36.72,19,"Urban - High Density",TRUE
4237,1049,8,10,2023-05-24,TRUE,6,"Garlic","Winter",TRUE,3.66,36.6,70,"Urban - High Density",TRUE
4238,308,45,8,2023-12-12,TRUE,5,"Apricot","All Seasons",TRUE,7.43,59.44,45,"Urban - Medium Density",TRUE
4239,346,44,8,2023-06-18,FALSE,3,"Apple","Summer",TRUE,9.24,73.92,19,"Urban - Medium Density",FALSE
4240,539,22,8,2023-07-10,TRUE,50,"Green Bean","All Seasons",FALSE,-4.21,-33.68,33,"Urban - High Density",TRUE
4241,997,42,10,2023-02-23,TRUE,2,"Pomegranate","Winter",TRUE,10.95,109.5,39,"Urban - High Density",TRUE
4242,1786,36,5,2023-05-22,TRUE,-2,"Raspberry","Summer",TRUE,5.87,29.35,76,"Rural",TRUE
4243,509,16,-3,2023-01-02,TRUE,5,"Chestnut","Summer",TRUE,3.39,-10.17,33,"Urban - High Density",TRUE
4244,840,7,5,2023-10-28,TRUE,4,"Lettuce","Unknown",TRUE,8.68,43.4,63,"Rural",FALSE
4245,607,35,0,2023-10-29,TRUE,7,"Hazelnut","All Seasons",TRUE,6.96,0,20,"Rural",TRUE
4246,128,6,9,2023-11-24,TRUE,-2,"Walnut","Summer",TRUE,-3.25,-29.25,38,"Urban - High Density",FALSE
4247,55,7,0,2023-11-04,TRUE,1,"Lettuce","Unknown",TRUE,8.68,0,27,"Urban - High Density",TRUE
4248,1148,46,8,2023-03-16,TRUE,3,"Chestnut","All Seasons",TRUE,-4.08,-32.64,70,"Urban - High Density",TRUE
4249,1050,42,1,2023-10-31,TRUE,1,"Pomegranate","Winter",TRUE,10.95,10.95,120,"Rural",FALSE
4250,1209,44,-3,2023-05-12,TRUE,5,"Apple","Summer",TRUE,9.24,-27.72,75,"Urban - Medium Density",TRUE
4251,1463,7,5,2023-02-21,TRUE,5,"Lettuce","Unknown",TRUE,8.68,43.4,76,"Rural",TRUE
4252,44,33,6,2023-08-22,TRUE,50,"Banana","All Seasons",TRUE,13.25,79.5,49,"Urban - Medium Density",TRUE
4253,681,46,10,2023-07-25,TRUE,2,"Chestnut","All Seasons",TRUE,-4.08,-40.8,50,"Urban - Medium Density",TRUE
4254,1445,33,2,2023-07-16,TRUE,1,"Banana","All Seasons",TRUE,13.25,26.5,24,"Urban - High Density",FALSE
4255,1660,31,9,2023-03-22,TRUE,-2,"Chestnut","All Seasons",NA,0.13,1.17,67,"Urban - Medium Density",FALSE
4256,718,33,6,2023-07-23,TRUE,50,"Banana","All Seasons",TRUE,13.25,79.5,55,"Urban - Medium Density",FALSE
4257,1619,3,9,2023-03-19,TRUE,5,"Raspberry","Unknown",FALSE,10.26,92.34,26,"Urban - Medium Density",TRUE
4258,1304,46,8,2023-04-18,TRUE,7,"Chestnut","All Seasons",TRUE,-4.08,-32.64,70,"Urban - High Density",TRUE
4259,702,36,1,2023-12-01,TRUE,5,"Raspberry","Summer",TRUE,5.87,5.87,50,"Urban - High Density",TRUE
4260,889,2,3,2023-01-07,TRUE,6,"Grape","Unknown",TRUE,10.56,31.68,52,"Urban - Medium Density",FALSE
4261,1213,43,0,2023-02-18,TRUE,1,"Pear","Unknown",TRUE,4.62,0,30,"Rural",FALSE
4262,1786,43,3,2023-08-28,TRUE,3,"Pear","Unknown",TRUE,4.62,13.86,76,"Rural",TRUE
4263,594,9,6,2023-10-28,TRUE,7,"Onion","Unknown",TRUE,5.01,30.06,51,"Rural",FALSE
4264,1591,23,9,2023-08-16,FALSE,-2,"Corn","Winter",FALSE,1.53,13.77,28,"Urban - High Density",TRUE
4265,186,26,6,2023-08-06,TRUE,-2,"Mango","Summer",TRUE,-1.79,-10.74,64,"Urban - High Density",NA
4266,1915,4,6,2023-11-27,TRUE,6,"Watermelon","Unknown",TRUE,12.08,72.48,80,"Urban - Medium Density",NA
4267,723,11,5,2023-02-13,FALSE,6,"Strawberry","Summer",TRUE,5.35,26.75,38,"Urban - High Density",FALSE
4268,1911,3,-3,2023-04-01,TRUE,4,"Raspberry","Unknown",FALSE,10.26,-30.78,50,"Urban - Medium Density",TRUE
4269,87,46,5,2023-03-17,TRUE,6,"Chestnut","All Seasons",TRUE,-4.08,-20.4,69,"Urban - Medium Density",TRUE
4270,150,47,5,2023-09-23,TRUE,2,"Mango","Summer",FALSE,2.32,11.6,44,"Urban - Medium Density",TRUE
4271,1269,25,4,2023-03-17,NA,3,"Broccoli","All Seasons",TRUE,3.11,12.44,74,"Urban - High Density",FALSE
4272,340,40,-3,2023-02-07,TRUE,3,"Orange","Winter",FALSE,3.87,-11.61,22,"Urban - Medium Density",TRUE
4273,271,46,4,2023-07-24,TRUE,-2,"Chestnut","All Seasons",TRUE,-4.08,-16.32,41,"Rural",FALSE
4274,1833,13,2,2023-01-26,TRUE,-2,"Cucumber","All Seasons",NA,8.17,16.34,30,"Urban - High Density",FALSE
4275,798,21,9,2023-03-08,TRUE,4,"Sweet Potato","All Seasons",TRUE,12.3,110.7,33,"Urban - High Density",FALSE
4276,1038,12,10,2023-09-28,TRUE,5,"Banana","All Seasons",TRUE,10.29,102.9,57,"Unknown",TRUE
4277,1513,49,10,2023-03-11,TRUE,3,"Cherry","Summer",NA,1.84,18.4,43,"Urban - High Density",TRUE
4278,204,36,2,2023-05-28,FALSE,3,"Raspberry","Summer",TRUE,5.87,11.74,76,"Urban - Medium Density",TRUE
4279,912,38,1,2023-05-03,TRUE,50,"Apricot","Summer",TRUE,8.8,8.8,49,"Unknown",TRUE
4280,1507,10,0,2023-01-16,TRUE,7,"Blueberry","Summer",FALSE,4.44,0,25,"Urban - High Density",TRUE
4281,21,16,4,2023-11-03,TRUE,4,"Chestnut","Summer",TRUE,3.39,13.56,56,"Urban - High Density",FALSE
4282,1770,12,1,2023-04-05,TRUE,7,"Banana","All Seasons",TRUE,10.29,10.29,19,"Urban - High Density",TRUE
4283,1956,20,6,2023-11-17,TRUE,50,"Corn","All Seasons",TRUE,12.25,73.5,78,"Urban - High Density",FALSE
4284,680,30,0,2023-01-26,TRUE,4,"Lychee","All Seasons",TRUE,1.21,0,30,"Urban - High Density",FALSE
4285,104,14,10,2023-10-28,TRUE,2,"Fig","Summer",TRUE,3.67,36.7,74,"Urban - High Density",NA
4286,1296,1,4,2023-05-25,TRUE,-2,"Strawberry","Unknown",TRUE,4.42,17.68,59,"Urban - High Density",TRUE
4287,1379,2,8,2023-08-28,TRUE,1,"Grape","Unknown",TRUE,10.56,84.48,76,"Urban - Medium Density",FALSE
4288,426,1,-3,2023-12-24,FALSE,1,"Strawberry","Unknown",TRUE,4.42,-13.26,61,"Urban - High Density",FALSE
4289,445,13,8,2023-02-16,TRUE,7,"Cucumber","All Seasons",NA,8.17,65.36,26,"Urban - Medium Density",FALSE
4290,321,2,3,2023-11-19,TRUE,7,"Grape","Unknown",TRUE,10.56,31.68,74,"Urban - High Density",FALSE
4291,1277,31,8,2023-12-08,TRUE,-2,"Chestnut","All Seasons",NA,0.13,1.04,59,"Urban - High Density",TRUE
4292,879,44,5,2023-06-15,TRUE,3,"Apple","Summer",TRUE,9.24,46.2,28,"Urban - High Density",TRUE
4293,50,42,-3,2023-05-11,TRUE,6,"Pomegranate","Winter",TRUE,10.95,-32.85,47,"Urban - Medium Density",FALSE
4294,121,30,2,2023-05-15,TRUE,6,"Lychee","All Seasons",TRUE,1.21,2.42,22,"Urban - High Density",TRUE
4295,1641,1,6,2023-12-04,TRUE,2,"Strawberry","Unknown",TRUE,4.42,26.52,50,"Urban - Medium Density",FALSE
4296,1525,24,5,2023-05-23,TRUE,3,"Asparagus","Winter",FALSE,2.01,10.05,61,"Urban - High Density",FALSE
4297,867,12,10,2023-09-15,TRUE,3,"Banana","All Seasons",TRUE,10.29,102.9,46,"Urban - High Density",FALSE
4298,1253,29,7,2023-11-16,TRUE,3,"Orange","Summer",FALSE,9.07,63.49,75,"Rural",TRUE
4299,1633,32,10,2023-12-31,TRUE,50,"Raspberry","All Seasons",TRUE,12.49,124.9,47,"Urban - High Density",FALSE
4300,1706,10,3,2023-05-02,TRUE,5,"Blueberry","Summer",FALSE,4.44,13.32,73,"Urban - High Density",TRUE
4301,1158,50,6,2023-11-06,TRUE,5,"Sweet Potato","Unknown",FALSE,1.01,6.06,69,"Urban - Medium Density",FALSE
4302,1504,3,3,2023-07-25,TRUE,4,"Raspberry","Unknown",FALSE,10.26,30.78,70,"Urban - Medium Density",FALSE
4303,771,8,-3,2023-09-26,TRUE,50,"Garlic","Winter",TRUE,3.66,-10.98,64,"Urban - Medium Density",TRUE
4304,341,25,4,2023-03-17,TRUE,2,"Broccoli","All Seasons",TRUE,3.11,12.44,76,"Urban - Medium Density",FALSE
4305,1329,24,0,2023-03-12,TRUE,7,"Asparagus","Winter",FALSE,2.01,0,75,"Rural",TRUE
4306,13,2,1,2023-03-31,TRUE,-2,"Grape","Unknown",TRUE,10.56,10.56,57,"Urban - Medium Density",FALSE
4307,688,49,8,2023-11-17,TRUE,50,"Cherry","Summer",NA,1.84,14.72,24,"Urban - High Density",TRUE
4308,893,20,1,2023-05-12,TRUE,3,"Corn","All Seasons",TRUE,12.25,12.25,54,"Unknown",TRUE
4309,1419,4,-3,2023-07-14,TRUE,4,"Watermelon","Unknown",TRUE,12.08,-36.24,20,"Urban - High Density",TRUE
4310,512,25,6,2023-11-02,TRUE,50,"Broccoli","All Seasons",TRUE,3.11,18.66,68,"Urban - Medium Density",NA
4311,1409,6,2,2023-10-02,TRUE,2,"Walnut","Summer",TRUE,-3.25,-6.5,79,"Urban - High Density",TRUE
4312,733,37,9,2023-03-05,TRUE,1,"Radish","Unknown",TRUE,7.32,65.88,75,"Urban - Medium Density",TRUE
4313,1905,25,7,2023-06-20,TRUE,4,"Broccoli","All Seasons",TRUE,3.11,21.77,34,"Urban - High Density",FALSE
4314,1241,26,4,2023-08-04,TRUE,2,"Mango","Summer",TRUE,-1.79,-7.16,40,"Urban - Medium Density",TRUE
4315,432,12,9,2023-04-19,TRUE,50,"Banana","All Seasons",TRUE,10.29,92.61,34,"Urban - Medium Density",TRUE
4316,492,25,8,2023-07-30,TRUE,4,"Broccoli","All Seasons",TRUE,3.11,24.88,73,"Urban - Medium Density",TRUE
4317,923,34,7,2023-07-29,TRUE,7,"Celery","Winter",TRUE,5.77,40.39,62,"Urban - Medium Density",FALSE
4318,254,34,1,2023-07-01,TRUE,4,"Celery","Winter",TRUE,5.77,5.77,74,"Urban - Medium Density",FALSE
4319,498,5,4,2023-01-22,TRUE,1,"Apricot","Summer",FALSE,10.18,40.72,32,"Urban - High Density",TRUE
4320,1920,4,7,2023-09-05,TRUE,5,"Watermelon","Unknown",TRUE,12.08,84.56,45,"Rural",FALSE
4321,1611,40,10,2023-06-07,TRUE,50,"Orange","Winter",FALSE,3.87,38.7,57,"Urban - Medium Density",TRUE
4322,1714,32,-3,2023-12-21,TRUE,3,"Raspberry","All Seasons",TRUE,12.49,-37.47,33,"Urban - Medium Density",TRUE
4323,1848,35,1,2023-07-15,TRUE,4,"Hazelnut","All Seasons",TRUE,6.96,6.96,41,"Urban - Medium Density",TRUE
4324,961,9,4,2023-08-08,TRUE,4,"Onion","Unknown",TRUE,5.01,20.04,56,"Urban - High Density",TRUE
4325,1549,26,1,2023-02-14,TRUE,50,"Mango","Summer",TRUE,-1.79,-1.79,57,"Urban - High Density",TRUE
4326,1892,7,6,2023-03-14,TRUE,7,"Lettuce","Unknown",TRUE,8.68,52.08,47,"Urban - High Density",TRUE
4327,1624,27,4,2023-07-18,TRUE,2,"Peach","Winter",TRUE,13.88,55.52,45,"Urban - High Density",TRUE
4328,1003,48,6,2023-12-11,TRUE,4,"Blueberry","Winter",TRUE,0.78,4.68,20,"",TRUE
4329,509,11,5,2023-01-14,TRUE,2,"Strawberry","Summer",TRUE,5.35,26.75,33,"Urban - High Density",TRUE
4330,451,44,6,2023-08-27,TRUE,7,"Apple","Summer",TRUE,9.24,55.44,51,"Urban - Medium Density",FALSE
4331,403,7,1,2023-06-29,TRUE,6,"Lettuce","Unknown",TRUE,8.68,8.68,22,"Urban - Medium Density",TRUE
4332,393,13,1,2023-06-29,TRUE,-2,"Cucumber","All Seasons",NA,8.17,8.17,56,"Urban - High Density",FALSE
4333,658,30,7,2023-02-25,TRUE,2,"Lychee","All Seasons",TRUE,1.21,8.47,28,"Rural",FALSE
4334,983,3,0,2023-07-11,TRUE,3,"Raspberry","Unknown",FALSE,10.26,0,40,"Rural",TRUE
4335,1215,11,-3,2023-01-13,TRUE,7,"Strawberry","Summer",TRUE,5.35,-16.05,40,"Urban - High Density",TRUE
4336,1961,7,3,2023-10-19,TRUE,5,"Lettuce","Unknown",TRUE,8.68,26.04,5,"Urban - High Density",TRUE
4337,1442,34,6,2023-01-09,TRUE,50,"Celery","Winter",TRUE,5.77,34.62,28,"Rural",TRUE
4338,885,45,4,2023-06-06,TRUE,-2,"Apricot","All Seasons",TRUE,7.43,29.72,46,"",FALSE
4339,958,33,9,2023-04-03,TRUE,5,"Banana","All Seasons",TRUE,13.25,119.25,74,"Urban - Medium Density",TRUE
4340,1150,15,6,2023-07-15,TRUE,4,"Cabbage","All Seasons",FALSE,3.34,20.04,61,"Rural",FALSE
4341,257,27,10,2023-07-01,TRUE,5,"Peach","Winter",TRUE,13.88,138.8,63,"Urban - Medium Density",TRUE
4342,1381,3,0,2023-03-20,TRUE,7,"Raspberry","Unknown",FALSE,10.26,0,75,"Rural",TRUE
4343,1872,12,5,2023-05-22,TRUE,1,"Banana","All Seasons",TRUE,10.29,51.45,65,"Rural",FALSE
4344,1444,10,3,2023-12-03,TRUE,7,"Blueberry","Summer",FALSE,4.44,13.32,29,"Urban - Medium Density",TRUE
4345,102,4,5,2023-04-27,TRUE,4,"Watermelon","Unknown",TRUE,12.08,60.4,64,"Urban - Medium Density",TRUE
4346,1405,25,7,2023-04-12,TRUE,4,"Broccoli","All Seasons",TRUE,3.11,21.77,34,"Rural",TRUE
4347,302,13,-3,2023-05-09,TRUE,3,"Cucumber","All Seasons",NA,8.17,-24.51,63,"Urban - High Density",FALSE
4348,198,25,10,2023-11-30,TRUE,1,"Broccoli","All Seasons",TRUE,3.11,31.1,79,"Urban - Medium Density",FALSE
4349,1932,25,-3,2023-04-24,FALSE,1,"Broccoli","All Seasons",TRUE,3.11,-9.33,60,"Urban - High Density",TRUE
4350,1923,49,3,2023-11-12,TRUE,4,"Cherry","Summer",NA,1.84,5.52,44,"Urban - Medium Density",FALSE
4351,1829,50,1,2023-08-01,TRUE,1,"Sweet Potato","Unknown",FALSE,1.01,1.01,29,"Urban - Medium Density",FALSE
4352,403,11,9,2023-01-24,TRUE,2,"Strawberry","Summer",TRUE,5.35,48.15,22,"Urban - Medium Density",TRUE
4353,1023,24,3,2023-04-26,TRUE,2,"Asparagus","Winter",FALSE,2.01,6.03,33,"Urban - High Density",FALSE
4354,515,50,6,2023-04-20,TRUE,3,"Sweet Potato","Unknown",FALSE,1.01,6.06,70,"Urban - Medium Density",FALSE
4355,1630,14,-3,2023-08-10,TRUE,7,"Fig","Summer",TRUE,3.67,-11.01,42,"Urban - Medium Density",FALSE
4356,1389,12,10,2023-11-28,TRUE,-2,"Banana","All Seasons",TRUE,10.29,102.9,44,"Urban - High Density",TRUE
4357,420,14,-3,2023-12-12,TRUE,5,"Fig","Summer",TRUE,3.67,-11.01,68,"Rural",FALSE
4358,946,44,7,2023-05-05,TRUE,1,"Apple","Summer",TRUE,9.24,64.68,58,"Urban - High Density",TRUE
4359,582,45,4,2023-12-04,TRUE,4,"Apricot","All Seasons",TRUE,7.43,29.72,65,"Urban - High Density",TRUE
4360,573,31,0,2023-02-23,TRUE,6,"Chestnut","All Seasons",NA,0.13,0,58,"Urban - High Density",TRUE
4361,1851,33,2,2023-07-13,TRUE,4,"Banana","All Seasons",TRUE,13.25,26.5,58,"Urban - High Density",TRUE
4362,1233,39,3,2023-01-27,TRUE,5,"Mango","All Seasons",TRUE,10.84,32.52,70,"Unknown",FALSE
4363,349,39,-3,2023-01-10,TRUE,-2,"Mango","All Seasons",TRUE,10.84,-32.52,73,"Urban - High Density",TRUE
4364,1313,4,5,2023-10-30,FALSE,50,"Watermelon","Unknown",TRUE,12.08,60.4,69,"Urban - High Density",TRUE
4365,503,28,8,2023-02-23,TRUE,4,"Raspberry","Unknown",TRUE,14.97,119.76,30,"Urban - High Density",TRUE
4366,1078,2,4,2023-08-12,TRUE,1,"Grape","Unknown",TRUE,10.56,42.24,77,"Urban - High Density",TRUE
4367,942,40,4,2023-10-24,TRUE,50,"Orange","Winter",FALSE,3.87,15.48,35,"Urban - High Density",NA
4368,1944,13,9,2023-10-08,TRUE,50,"Cucumber","All Seasons",NA,8.17,73.53,74,"Urban - Medium Density",FALSE
4369,703,45,2,2023-02-27,FALSE,7,"Apricot","All Seasons",TRUE,7.43,14.86,73,"Urban - High Density",TRUE
4370,1825,6,0,2023-08-12,TRUE,4,"Walnut","Summer",TRUE,-3.25,0,67,"Urban - High Density",TRUE
4371,1265,22,0,2023-12-23,TRUE,1,"Green Bean","All Seasons",FALSE,-4.21,0,18,"Urban - Medium Density",TRUE
4372,1311,12,2,2023-08-31,TRUE,-2,"Banana","All Seasons",TRUE,10.29,20.58,61,"Urban - Medium Density",FALSE
4373,1902,32,7,2023-09-12,TRUE,3,"Raspberry","All Seasons",TRUE,12.49,87.43,18,"Urban - High Density",FALSE
4374,74,23,-3,2023-12-03,TRUE,5,"Corn","Winter",FALSE,1.53,-4.59,41,"Urban - Medium Density",FALSE
4375,1224,41,10,2023-11-21,TRUE,3,"Strawberry","Summer",TRUE,4.94,49.4,63,"Urban - High Density",TRUE
4376,1474,21,10,2023-09-04,TRUE,1,"Sweet Potato","All Seasons",TRUE,12.3,123,26,"Urban - High Density",NA
4377,1627,6,0,2023-08-20,TRUE,5,"Walnut","Summer",TRUE,-3.25,0,78,"Urban - High Density",FALSE
4378,677,49,7,2023-09-05,TRUE,5,"Cherry","Summer",NA,1.84,12.88,50,"Urban - High Density",TRUE
4379,1658,37,0,2023-01-14,TRUE,3,"Radish","Unknown",TRUE,7.32,0,46,"Urban - High Density",FALSE
4380,1659,15,8,2023-05-11,TRUE,-2,"Cabbage","All Seasons",FALSE,3.34,26.72,62,"Urban - High Density",TRUE
4381,569,17,1,2023-12-10,TRUE,-2,"Pea","All Seasons",TRUE,-2.07,-2.07,54,"Urban - High Density",TRUE
4382,1717,3,0,2023-05-12,TRUE,3,"Raspberry","Unknown",FALSE,10.26,0,49,"Urban - High Density",NA
4383,1526,16,7,2023-05-16,TRUE,7,"Chestnut","Summer",TRUE,3.39,23.73,50,"Urban - High Density",FALSE
4384,767,35,10,2023-05-13,TRUE,5,"Hazelnut","All Seasons",TRUE,6.96,69.6,20,"Urban - High Density",TRUE
4385,1125,31,8,2023-04-10,TRUE,4,"Chestnut","All Seasons",NA,0.13,1.04,66,"Urban - Medium Density",FALSE
4386,153,49,5,2023-05-04,TRUE,7,"Cherry","Summer",NA,1.84,9.2,22,"Urban - High Density",TRUE
4387,430,36,10,2023-07-08,TRUE,7,"Raspberry","Summer",TRUE,5.87,58.7,67,"Urban - Medium Density",TRUE
4388,52,16,3,2023-12-30,TRUE,1,"Chestnut","Summer",TRUE,3.39,10.17,50,"Urban - Medium Density",TRUE
4389,773,47,3,2023-08-09,TRUE,4,"Mango","Summer",FALSE,2.32,6.96,33,"Urban - Medium Density",TRUE
4390,1668,35,7,2023-10-14,TRUE,2,"Hazelnut","All Seasons",TRUE,6.96,48.72,49,"Urban - Medium Density",FALSE
4391,162,24,-3,2023-07-10,TRUE,5,"Asparagus","Winter",FALSE,2.01,-6.03,72,"Rural",TRUE
4392,473,30,8,2023-03-18,TRUE,-2,"Lychee","All Seasons",TRUE,1.21,9.68,53,"Urban - Medium Density",TRUE
4393,1334,37,-3,2023-12-30,TRUE,6,"Radish","Unknown",TRUE,7.32,-21.96,30,"Urban - High Density",FALSE
4394,841,12,1,2023-05-09,TRUE,4,"Banana","All Seasons",TRUE,10.29,10.29,43,"Urban - Medium Density",FALSE
4395,1993,14,0,2023-07-04,TRUE,4,"Fig","Summer",TRUE,3.67,0,32,"Urban - High Density",TRUE
4396,1052,27,-3,2023-03-31,TRUE,-2,"Peach","Winter",TRUE,13.88,-41.64,77,"Urban - Medium Density",TRUE
4397,329,16,7,2023-02-21,TRUE,2,"Chestnut","Summer",TRUE,3.39,23.73,64,"Unknown",TRUE
4398,1623,44,4,2023-02-23,TRUE,3,"Apple","Summer",TRUE,9.24,36.96,52,"Urban - Medium Density",FALSE
4399,2,31,3,2023-11-29,TRUE,1,"Chestnut","All Seasons",NA,0.13,0.39,66,"Urban - Medium Density",TRUE
4400,1251,24,3,2023-12-11,TRUE,50,"Asparagus","Winter",FALSE,2.01,6.03,33,"Urban - Medium Density",TRUE
4401,1431,4,5,2023-11-17,TRUE,7,"Watermelon","Unknown",TRUE,12.08,60.4,67,"Urban - High Density",TRUE
4402,1061,27,10,2023-01-23,TRUE,4,"Peach","Winter",TRUE,13.88,138.8,66,"Urban - Medium Density",TRUE
4403,1258,21,8,2023-05-18,TRUE,4,"Sweet Potato","All Seasons",TRUE,12.3,98.4,42,"Urban - High Density",FALSE
4404,376,50,1,2023-05-02,TRUE,50,"Sweet Potato","Unknown",FALSE,1.01,1.01,74,"",NA
4405,1788,17,1,2023-02-02,TRUE,4,"Pea","All Seasons",TRUE,-2.07,-2.07,48,"Urban - High Density",TRUE
4406,101,47,5,2023-11-28,TRUE,5,"Mango","Summer",FALSE,2.32,11.6,37,"Urban - High Density",TRUE
4407,936,35,1,2023-11-08,TRUE,3,"Hazelnut","All Seasons",TRUE,6.96,6.96,77,"Urban - High Density",TRUE
4408,1334,17,4,2023-05-03,TRUE,50,"Pea","All Seasons",TRUE,-2.07,-8.28,30,"Urban - High Density",FALSE
4409,302,46,9,2023-04-25,TRUE,2,"Chestnut","All Seasons",TRUE,-4.08,-36.72,63,"Urban - High Density",FALSE
4410,907,20,7,2023-03-15,TRUE,6,"Corn","All Seasons",TRUE,12.25,85.75,32,"Urban - High Density",FALSE
4411,941,27,5,2023-04-22,TRUE,1,"Peach","Winter",TRUE,13.88,69.4,57,"Urban - High Density",FALSE
4412,700,6,6,2023-04-24,TRUE,7,"Walnut","Summer",TRUE,-3.25,-19.5,32,"Urban - Medium Density",FALSE
4413,1667,41,4,2023-11-20,TRUE,1,"Strawberry","Summer",TRUE,4.94,19.76,73,"Urban - High Density",FALSE
4414,1528,4,7,2023-05-22,TRUE,50,"Watermelon","Unknown",TRUE,12.08,84.56,43,"Urban - Medium Density",FALSE
4415,715,6,1,2023-03-20,TRUE,6,"Walnut","Summer",TRUE,-3.25,-3.25,29,"Urban - High Density",FALSE
4416,1309,49,8,2023-04-17,TRUE,3,"Cherry","Summer",NA,1.84,14.72,53,"Urban - High Density",FALSE
4417,745,5,8,2023-12-13,TRUE,1,"Apricot","Summer",FALSE,10.18,81.44,61,"Urban - Medium Density",TRUE
4418,633,11,5,2023-08-18,TRUE,4,"Strawberry","Summer",TRUE,5.35,26.75,25,"Rural",TRUE
4419,799,9,1,2023-07-11,TRUE,3,"Onion","Unknown",TRUE,5.01,5.01,66,"Urban - High Density",TRUE
4420,469,25,2,2023-10-14,TRUE,50,"Broccoli","All Seasons",TRUE,3.11,6.22,57,"Urban - High Density",TRUE
4421,1181,12,6,2023-02-22,TRUE,3,"Banana","All Seasons",TRUE,10.29,61.74,51,"Urban - High Density",NA
4422,1552,49,5,2023-06-08,TRUE,2,"Cherry","Summer",NA,1.84,9.2,46,"Rural",FALSE
4423,1359,19,6,2023-03-03,TRUE,4,"Banana","Winter",TRUE,-0.17,-1.02,62,"Urban - Medium Density",TRUE
4424,1825,22,2,2023-05-20,TRUE,5,"Green Bean","All Seasons",FALSE,-4.21,-8.42,67,"Urban - High Density",TRUE
4425,1884,23,2,2023-06-02,TRUE,5,"Corn","Winter",FALSE,1.53,3.06,44,"Urban - Medium Density",FALSE
4426,33,16,3,2023-08-13,TRUE,6,"Chestnut","Summer",TRUE,3.39,10.17,40,"Urban - High Density",TRUE
4427,1069,4,9,2023-10-29,NA,3,"Watermelon","Unknown",TRUE,12.08,108.72,5,"Rural",FALSE
4428,1091,36,1,2023-09-17,TRUE,6,"Raspberry","Summer",TRUE,5.87,5.87,43,"Urban - Medium Density",NA
4429,665,2,6,2023-12-01,TRUE,3,"Grape","Unknown",TRUE,10.56,63.36,71,"Urban - High Density",TRUE
4430,1186,32,3,2023-07-14,TRUE,50,"Raspberry","All Seasons",TRUE,12.49,37.47,31,"Urban - High Density",FALSE
4431,520,31,7,2023-06-25,TRUE,5,"Chestnut","All Seasons",NA,0.13,0.91,51,"Urban - Medium Density",TRUE
4432,951,26,2,2023-06-22,TRUE,2,"Mango","Summer",TRUE,-1.79,-3.58,35,"Urban - Medium Density",TRUE
4433,1263,42,0,2023-01-22,TRUE,1,"Pomegranate","Winter",TRUE,10.95,0,76,"Rural",TRUE
4434,378,40,4,2023-06-01,TRUE,1,"Orange","Winter",FALSE,3.87,15.48,58,"Urban - High Density",TRUE
4435,1246,17,3,2023-08-30,TRUE,-2,"Pea","All Seasons",TRUE,-2.07,-6.21,30,"Urban - Medium Density",FALSE
4436,1738,32,0,2023-05-17,TRUE,7,"Raspberry","All Seasons",TRUE,12.49,0,62,"Urban - Medium Density",TRUE
4437,931,11,5,2023-06-28,TRUE,50,"Strawberry","Summer",TRUE,5.35,26.75,34,"Urban - Medium Density",FALSE
4438,1753,18,8,2023-06-04,TRUE,2,"Apple","All Seasons",TRUE,14.07,112.56,63,"Urban - High Density",TRUE
4439,601,43,3,2023-02-14,TRUE,1,"Pear","Unknown",TRUE,4.62,13.86,40,"Urban - Medium Density",TRUE
4440,1604,40,0,2023-01-10,TRUE,2,"Orange","Winter",FALSE,3.87,0,46,"Urban - Medium Density",FALSE
4441,1121,28,1,2023-11-29,TRUE,-2,"Raspberry","Unknown",TRUE,14.97,14.97,25,"Urban - High Density",TRUE
4442,1945,29,8,2023-11-29,TRUE,5,"Orange","Summer",FALSE,9.07,72.56,19,"Urban - Medium Density",TRUE
4443,1774,38,7,2023-05-25,FALSE,5,"Apricot","Summer",TRUE,8.8,61.6,37,"Urban - Medium Density",TRUE
4444,1230,4,10,2023-07-19,TRUE,1,"Watermelon","Unknown",TRUE,12.08,120.8,34,"Rural",FALSE
4445,1888,38,7,2023-07-23,TRUE,3,"Apricot","Summer",TRUE,8.8,61.6,60,"Urban - Medium Density",TRUE
4446,1359,6,8,2023-04-29,TRUE,2,"Walnut","Summer",TRUE,-3.25,-26,62,"Urban - Medium Density",TRUE
4447,563,27,7,2023-10-24,TRUE,2,"Peach","Winter",TRUE,13.88,97.16,40,"Urban - High Density",TRUE
4448,409,38,6,2023-05-30,TRUE,2,"Apricot","Summer",TRUE,8.8,52.8,27,"Urban - Medium Density",FALSE
4449,1730,26,10,2023-11-25,FALSE,7,"Mango","Summer",TRUE,-1.79,-17.9,56,"Urban - High Density",TRUE
4450,1290,1,10,2023-08-24,TRUE,-2,"Strawberry","Unknown",TRUE,4.42,44.2,29,"Urban - High Density",TRUE
4451,933,39,0,2023-07-18,TRUE,2,"Mango","All Seasons",TRUE,10.84,0,64,"Urban - High Density",TRUE
4452,923,44,5,2023-10-23,TRUE,50,"Apple","Summer",TRUE,9.24,46.2,62,"Urban - Medium Density",FALSE
4453,147,26,3,2023-10-30,TRUE,2,"Mango","Summer",TRUE,-1.79,-5.37,21,"Rural",TRUE
4454,124,41,4,2023-04-09,TRUE,5,"Strawberry","Summer",TRUE,4.94,19.76,76,"Urban - High Density",TRUE
4455,441,29,2,2023-11-30,FALSE,5,"Orange","Summer",FALSE,9.07,18.14,120,"Urban - Medium Density",FALSE
4456,1750,44,5,2023-03-02,TRUE,7,"Apple","Summer",TRUE,9.24,46.2,47,"Urban - High Density",TRUE
4457,1814,28,-3,2023-09-17,TRUE,4,"Raspberry","Unknown",TRUE,14.97,-44.91,54,"Urban - Medium Density",TRUE
4458,1840,25,3,2023-07-12,TRUE,4,"Broccoli","All Seasons",TRUE,3.11,9.33,55,"Urban - High Density",FALSE
4459,764,48,3,2023-04-06,TRUE,6,"Blueberry","Winter",TRUE,0.78,2.34,60,"Urban - High Density",TRUE
4460,1312,37,3,2023-03-25,TRUE,7,"Radish","Unknown",TRUE,7.32,21.96,51,"Urban - High Density",TRUE
4461,453,43,3,2023-03-14,TRUE,1,"Pear","Unknown",TRUE,4.62,13.86,22,"Urban - High Density",FALSE
4462,484,34,9,2023-01-28,TRUE,-2,"Celery","Winter",TRUE,5.77,51.93,63,"Urban - Medium Density",TRUE
4463,1132,17,-3,2023-10-07,TRUE,50,"Pea","All Seasons",TRUE,-2.07,6.21,53,"Urban - Medium Density",FALSE
4464,1832,26,5,2023-01-26,FALSE,2,"Mango","Summer",TRUE,-1.79,-8.95,33,"Rural",TRUE
4465,1506,38,-3,2023-09-14,TRUE,4,"Apricot","Summer",TRUE,8.8,-26.4,36,"Rural",TRUE
4466,1578,1,10,2023-04-29,TRUE,1,"Strawberry","Unknown",TRUE,4.42,44.2,18,"Urban - High Density",TRUE
4467,81,13,0,2023-07-12,TRUE,3,"Cucumber","All Seasons",NA,8.17,0,39,"Urban - High Density",FALSE
4468,1405,25,9,2023-09-24,TRUE,-2,"Broccoli","All Seasons",TRUE,3.11,27.99,34,"Rural",TRUE
4469,1797,33,8,2023-08-11,TRUE,4,"Banana","All Seasons",TRUE,13.25,106,28,"Urban - Medium Density",TRUE
4470,874,25,5,2023-06-19,TRUE,6,"Broccoli","All Seasons",TRUE,3.11,15.55,5,"Urban - Medium Density",TRUE
4471,954,39,5,2023-03-09,TRUE,3,"Mango","All Seasons",TRUE,10.84,54.2,80,"Urban - Medium Density",FALSE
4472,1324,38,1,2023-10-10,TRUE,7,"Apricot","Summer",TRUE,8.8,8.8,55,"Rural",TRUE
4473,1786,26,6,2023-02-28,TRUE,4,"Mango","Summer",TRUE,-1.79,-10.74,76,"Rural",TRUE
4474,822,26,5,2023-11-15,TRUE,2,"Mango","Summer",TRUE,-1.79,-8.95,44,"Urban - High Density",NA
4475,9,8,10,2023-09-06,TRUE,50,"Garlic","Winter",TRUE,3.66,36.6,72,"Urban - High Density",FALSE
4476,1474,43,1,2023-07-09,TRUE,7,"Pear","Unknown",TRUE,4.62,4.62,26,"Urban - High Density",NA
4477,1108,37,8,2023-07-24,TRUE,2,"Radish","Unknown",TRUE,7.32,58.56,35,"Urban - High Density",TRUE
4478,52,16,4,2023-06-01,TRUE,4,"Chestnut","Summer",TRUE,3.39,13.56,50,"Urban - Medium Density",TRUE
4479,401,33,2,2023-12-08,TRUE,3,"Banana","All Seasons",TRUE,13.25,26.5,44,"Urban - Medium Density",TRUE
4480,568,10,2,2023-07-17,TRUE,5,"Blueberry","Summer",FALSE,4.44,8.88,31,"Urban - Medium Density",TRUE
4481,1554,18,2,2023-01-05,TRUE,1,"Apple","All Seasons",TRUE,14.07,28.14,68,"Urban - Medium Density",FALSE
4482,773,47,9,2023-09-20,TRUE,1,"Mango","Summer",FALSE,2.32,20.88,33,"Urban - Medium Density",TRUE
4483,1233,11,3,2023-08-13,TRUE,1,"Strawberry","Summer",TRUE,5.35,16.05,70,"Unknown",FALSE
4484,55,24,7,2023-09-18,TRUE,-2,"Asparagus","Winter",FALSE,2.01,14.07,27,"Urban - High Density",TRUE
4485,501,46,2,2023-01-10,TRUE,50,"Chestnut","All Seasons",TRUE,-4.08,-8.16,70,"Urban - High Density",TRUE
4486,385,50,4,2023-09-23,TRUE,7,"Sweet Potato","Unknown",FALSE,1.01,4.04,53,"Urban - High Density",FALSE
4487,1285,4,4,2023-10-06,TRUE,2,"Watermelon","Unknown",TRUE,12.08,48.32,51,"Urban - Medium Density",FALSE
4488,135,36,0,2023-09-13,TRUE,5,"Raspberry","Summer",TRUE,5.87,0,69,"Urban - High Density",FALSE
4489,510,50,2,2023-02-21,TRUE,4,"Sweet Potato","Unknown",FALSE,1.01,2.02,35,"Urban - Medium Density",FALSE
4490,1766,45,4,2023-09-03,TRUE,-2,"Apricot","All Seasons",TRUE,7.43,29.72,31,"Urban - High Density",FALSE
4491,1429,27,4,2023-07-28,TRUE,6,"Peach","Winter",TRUE,13.88,55.52,71,"Urban - High Density",TRUE
4492,888,35,4,2023-06-05,TRUE,1,"Hazelnut","All Seasons",TRUE,6.96,27.84,38,"Urban - Medium Density",TRUE
4493,1292,14,1,2023-12-04,TRUE,6,"Fig","Summer",TRUE,3.67,3.67,79,"Urban - High Density",TRUE
4494,1849,20,3,2023-05-23,TRUE,1,"Corn","All Seasons",TRUE,12.25,36.75,72,"Urban - Medium Density",TRUE
4495,270,48,0,2023-06-24,TRUE,-2,"Blueberry","Winter",TRUE,0.78,0,65,"Urban - High Density",TRUE
4496,1603,24,1,2023-02-18,TRUE,6,"Asparagus","Winter",FALSE,2.01,2.01,48,"Urban - Medium Density",TRUE
4497,1817,10,3,2023-04-10,TRUE,7,"Blueberry","Summer",FALSE,4.44,13.32,44,"Urban - High Density",TRUE
4498,1009,3,5,2023-11-19,TRUE,50,"Raspberry","Unknown",FALSE,10.26,51.3,64,"Rural",NA
4499,77,6,1,2023-07-22,TRUE,2,"Walnut","Summer",TRUE,-3.25,-3.25,42,"Urban - High Density",TRUE
4500,1646,23,10,2023-07-31,NA,2,"Corn","Winter",FALSE,1.53,15.3,40,"Urban - High Density",TRUE
4501,1526,43,4,2023-05-05,TRUE,3,"Pear","Unknown",TRUE,4.62,18.48,50,"Urban - High Density",FALSE
4502,480,3,2,2023-06-29,TRUE,6,"Raspberry","Unknown",FALSE,10.26,20.52,38,"Urban - High Density",NA
4503,1406,9,9,2023-08-21,TRUE,5,"Onion","Unknown",TRUE,5.01,45.09,48,"Urban - High Density",FALSE
4504,535,35,10,2023-12-08,TRUE,50,"Hazelnut","All Seasons",TRUE,6.96,69.6,73,"Urban - High Density",FALSE
4505,1461,33,9,2023-12-29,TRUE,-2,"Banana","All Seasons",TRUE,13.25,119.25,76,"Urban - High Density",TRUE
4506,1586,29,6,2023-05-15,TRUE,3,"Orange","Summer",FALSE,9.07,54.42,41,"Urban - High Density",NA
4507,1846,2,0,2023-01-15,TRUE,4,"Grape","Unknown",TRUE,10.56,0,58,"Rural",FALSE
4508,1769,44,2,2023-05-03,TRUE,5,"Apple","Summer",TRUE,9.24,18.48,62,"Urban - High Density",FALSE
4509,77,28,6,2023-05-26,FALSE,5,"Raspberry","Unknown",TRUE,14.97,89.82,42,"Urban - High Density",TRUE
4510,233,24,10,2023-06-08,TRUE,-2,"Asparagus","Winter",FALSE,2.01,20.1,120,"Urban - High Density",FALSE
4511,1048,23,7,2023-02-28,TRUE,2,"Corn","Winter",FALSE,1.53,10.71,20,"Urban - High Density",NA
4512,792,48,10,2023-08-03,TRUE,3,"Blueberry","Winter",TRUE,0.78,7.8,62,"Urban - Medium Density",TRUE
4513,1391,29,8,NA,TRUE,4,"Orange","Summer",FALSE,9.07,72.56,56,"Rural",FALSE
4514,1191,11,3,2023-09-28,TRUE,3,"Strawberry","Summer",TRUE,5.35,16.05,31,"Urban - Medium Density",FALSE
4515,101,46,5,2023-08-10,TRUE,4,"Chestnut","All Seasons",TRUE,-4.08,-20.4,37,"Urban - High Density",TRUE
4516,1560,2,0,2023-02-27,TRUE,1,"Grape","Unknown",TRUE,10.56,0,37,"Urban - High Density",FALSE
4517,593,46,7,2023-08-04,TRUE,7,"Chestnut","All Seasons",TRUE,-4.08,-28.56,28,"Urban - High Density",NA
4518,1367,12,3,2023-09-20,TRUE,7,"Banana","All Seasons",TRUE,10.29,30.87,77,"Urban - High Density",FALSE
4519,341,32,0,2023-09-07,TRUE,7,"Raspberry","All Seasons",TRUE,12.49,0,76,"Urban - Medium Density",FALSE
4520,775,44,5,2023-06-07,TRUE,1,"Apple","Summer",TRUE,9.24,46.2,45,"Urban - Medium Density",FALSE
4521,951,28,2,2023-09-04,TRUE,50,"Raspberry","Unknown",TRUE,14.97,29.94,35,"Urban - Medium Density",TRUE
4522,851,39,3,2023-02-22,TRUE,6,"Mango","All Seasons",TRUE,10.84,32.52,56,"Urban - High Density",TRUE
4523,217,37,10,2023-03-02,TRUE,7,"Radish","Unknown",TRUE,7.32,73.2,50,"Urban - High Density",TRUE
4524,901,27,0,2023-01-24,TRUE,3,"Peach","Winter",TRUE,13.88,0,69,"Urban - High Density",FALSE
4525,1496,33,10,2023-10-29,FALSE,6,"Banana","All Seasons",TRUE,13.25,132.5,35,"Urban - High Density",TRUE
4526,555,43,5,2023-05-19,TRUE,7,"Pear","Unknown",TRUE,4.62,23.1,29,"Urban - Medium Density",NA
4527,864,6,-3,2023-02-04,TRUE,7,"Walnut","Summer",TRUE,-3.25,9.75,65,"Urban - Medium Density",TRUE
4528,811,18,0,2023-06-25,TRUE,1,"Apple","All Seasons",TRUE,14.07,0,49,"Urban - High Density",TRUE
4529,614,38,7,2023-02-11,TRUE,-2,"Apricot","Summer",TRUE,8.8,61.6,80,"Urban - High Density",TRUE
4530,125,44,2,2023-08-07,TRUE,-2,"Apple","Summer",TRUE,9.24,18.48,39,"Urban - High Density",FALSE
4531,1665,33,4,2023-09-30,TRUE,50,"Banana","All Seasons",TRUE,13.25,53,59,"Urban - High Density",TRUE
4532,75,12,6,2023-07-02,TRUE,6,"Banana","All Seasons",TRUE,10.29,61.74,47,"Urban - High Density",TRUE
4533,1279,21,9,2023-10-17,TRUE,50,"Sweet Potato","All Seasons",TRUE,12.3,110.7,63,"Rural",TRUE
4534,1297,11,2,2023-09-27,TRUE,2,"Strawberry","Summer",TRUE,5.35,10.7,41,"Urban - High Density",FALSE
4535,218,38,3,2023-12-20,TRUE,5,"Apricot","Summer",TRUE,8.8,26.4,45,"Urban - High Density",TRUE
4536,1053,18,0,2023-03-28,TRUE,1,"Apple","All Seasons",TRUE,14.07,0,26,"Urban - High Density",FALSE
4537,1500,39,5,2023-11-07,TRUE,7,"Mango","All Seasons",TRUE,10.84,54.2,26,"Urban - Medium Density",FALSE
4538,587,49,8,2023-08-27,TRUE,50,"Cherry","Summer",NA,1.84,14.72,72,"Urban - High Density",TRUE
4539,1579,19,7,2023-04-16,FALSE,50,"Banana","Winter",TRUE,-0.17,-1.19,22,"Urban - Medium Density",TRUE
4540,1728,10,9,2023-09-21,TRUE,1,"Blueberry","Summer",FALSE,4.44,39.96,34,"Rural",TRUE
4541,147,25,1,2023-10-27,TRUE,7,"Broccoli","All Seasons",TRUE,3.11,3.11,21,"Rural",TRUE
4542,212,3,-3,2023-09-04,TRUE,2,"Raspberry","Unknown",FALSE,10.26,-30.78,54,"Urban - Medium Density",FALSE
4543,276,28,-3,2023-06-09,TRUE,6,"Raspberry","Unknown",TRUE,14.97,-44.91,43,"Rural",TRUE
4544,1543,7,3,2023-11-21,TRUE,50,"Lettuce","Unknown",TRUE,8.68,26.04,67,"Urban - High Density",TRUE
4545,1098,19,0,2023-10-01,TRUE,5,"Banana","Winter",TRUE,-0.17,0,72,"Urban - High Density",TRUE
4546,1409,18,-3,2023-03-14,TRUE,5,"Apple","All Seasons",TRUE,14.07,-42.21,79,"Urban - High Density",TRUE
4547,892,41,9,2023-12-18,TRUE,3,"Strawberry","Summer",TRUE,4.94,44.46,31,"Urban - High Density",TRUE
4548,745,26,4,2023-02-02,TRUE,6,"Mango","Summer",TRUE,-1.79,-7.16,61,"Urban - Medium Density",TRUE
4549,823,5,3,2023-05-13,TRUE,5,"Apricot","Summer",FALSE,10.18,30.54,26,"Urban - High Density",TRUE
4550,616,10,4,2023-06-17,TRUE,1,"Blueberry","Summer",FALSE,4.44,17.76,25,"Rural",TRUE
4551,1135,21,2,2023-05-26,TRUE,4,"Sweet Potato","All Seasons",TRUE,12.3,24.6,41,"Unknown",TRUE
4552,1303,27,5,2023-05-10,TRUE,7,"Peach","Winter",TRUE,13.88,69.4,25,"Urban - High Density",TRUE
4553,1494,43,3,2023-10-16,TRUE,-2,"Pear","Unknown",TRUE,4.62,13.86,18,"Urban - High Density",FALSE
4554,670,39,10,2023-05-10,TRUE,5,"Mango","All Seasons",TRUE,10.84,108.4,45,"Urban - Medium Density",FALSE
4555,265,23,7,2023-11-14,TRUE,1,"Corn","Winter",FALSE,1.53,10.71,68,"Urban - High Density",FALSE
4556,1900,33,3,2023-01-03,FALSE,3,"Banana","All Seasons",TRUE,13.25,39.75,120,"Urban - Medium Density",FALSE
4557,921,40,8,2023-03-07,TRUE,1,"Orange","Winter",FALSE,3.87,30.96,26,"Urban - High Density",TRUE
4558,910,14,4,2023-11-17,TRUE,7,"Fig","Summer",TRUE,3.67,14.68,29,"Urban - High Density",FALSE
4559,1111,43,3,2023-11-03,TRUE,5,"Pear","Unknown",TRUE,4.62,13.86,59,"Urban - High Density",TRUE
4560,31,23,1,2023-08-17,TRUE,4,"Corn","Winter",FALSE,1.53,1.53,78,"Urban - Medium Density",NA
4561,261,37,6,2023-03-13,TRUE,3,"Radish","Unknown",TRUE,7.32,43.92,39,"Urban - Medium Density",TRUE
4562,21,31,9,2023-02-16,TRUE,4,"Chestnut","All Seasons",NA,0.13,1.17,56,"Urban - High Density",FALSE
4563,320,3,3,2023-03-07,TRUE,6,"Raspberry","Unknown",FALSE,10.26,30.78,72,"Urban - Medium Density",TRUE
4564,392,28,1,2023-02-07,FALSE,2,"Raspberry","Unknown",TRUE,14.97,14.97,27,"Rural",TRUE
4565,1370,4,9,2023-08-12,TRUE,3,"Watermelon","Unknown",TRUE,12.08,108.72,38,"Urban - High Density",FALSE
4566,1066,34,3,2023-06-12,TRUE,3,"Celery","Winter",TRUE,5.77,17.31,73,"Rural",TRUE
4567,357,15,3,2023-12-02,TRUE,1,"Cabbage","All Seasons",FALSE,3.34,10.02,79,"Urban - High Density",TRUE
4568,1415,4,4,2023-07-15,TRUE,3,"Watermelon","Unknown",TRUE,12.08,48.32,68,"Urban - High Density",FALSE
4569,1649,25,3,2023-09-11,TRUE,5,"Broccoli","All Seasons",TRUE,3.11,9.33,59,"Urban - Medium Density",TRUE
4570,1342,12,1,2023-01-01,TRUE,6,"Banana","All Seasons",TRUE,10.29,10.29,23,"Urban - High Density",TRUE
4571,11,5,6,2023-02-26,TRUE,5,"Apricot","Summer",FALSE,10.18,61.08,41,"Urban - High Density",TRUE
4572,870,33,8,2023-04-14,TRUE,2,"Banana","All Seasons",TRUE,13.25,106,49,"Urban - Medium Density",TRUE
4573,196,13,10,2023-04-15,TRUE,50,"Cucumber","All Seasons",NA,8.17,81.7,76,"Urban - High Density",FALSE
4574,707,24,6,2023-04-03,TRUE,-2,"Asparagus","Winter",FALSE,2.01,12.06,44,"Urban - High Density",FALSE
4575,1787,27,6,2023-03-28,TRUE,4,"Peach","Winter",TRUE,13.88,83.28,69,"Urban - Medium Density",FALSE
4576,1402,25,2,2023-12-09,TRUE,3,"Broccoli","All Seasons",TRUE,3.11,6.22,55,"Urban - Medium Density",TRUE
4577,674,9,-3,2023-08-11,TRUE,6,"Onion","Unknown",TRUE,5.01,-15.03,32,"Urban - High Density",FALSE
4578,497,43,0,2023-06-29,TRUE,1,"Pear","Unknown",TRUE,4.62,0,21,"Urban - Medium Density",TRUE
4579,358,10,2,2023-03-18,TRUE,6,"Blueberry","Summer",FALSE,4.44,8.88,55,"Urban - High Density",TRUE
4580,1736,29,1,2023-01-29,TRUE,3,"Orange","Summer",FALSE,9.07,9.07,49,"Rural",FALSE
4581,194,5,3,2023-10-25,TRUE,-2,"Apricot","Summer",FALSE,10.18,30.54,28,"Rural",FALSE
4582,305,48,6,2023-12-30,TRUE,4,"Blueberry","Winter",TRUE,0.78,4.68,24,"Urban - High Density",TRUE
4583,1923,47,10,2023-04-09,TRUE,-2,"Mango","Summer",FALSE,2.32,23.2,44,"Urban - Medium Density",FALSE
4584,1197,17,1,2023-02-03,FALSE,7,"Pea","All Seasons",TRUE,-2.07,-2.07,34,"Urban - High Density",FALSE
4585,89,12,10,2023-09-09,TRUE,4,"Banana","All Seasons",TRUE,10.29,102.9,63,"Urban - Medium Density",TRUE
4586,90,44,5,2023-04-22,TRUE,3,"Apple","Summer",TRUE,9.24,46.2,71,"Urban - High Density",TRUE
4587,1980,43,2,2023-03-05,TRUE,-2,"Pear","Unknown",TRUE,4.62,9.24,52,"Rural",TRUE
4588,1881,13,6,2023-08-23,TRUE,5,"Cucumber","All Seasons",NA,8.17,49.02,23,"Urban - High Density",TRUE
4589,433,32,-3,2023-11-16,TRUE,1,"Raspberry","All Seasons",TRUE,12.49,-37.47,50,"Urban - High Density",FALSE
4590,832,49,0,2023-03-04,TRUE,3,"Cherry","Summer",NA,1.84,0,26,"Urban - High Density",FALSE
4591,99,38,2,2023-02-09,TRUE,6,"Apricot","Summer",TRUE,8.8,17.6,51,"Rural",FALSE
4592,1215,3,1,2023-09-11,TRUE,50,"Raspberry","Unknown",FALSE,10.26,10.26,40,"Urban - High Density",TRUE
4593,1700,47,10,2023-12-30,TRUE,5,"Mango","Summer",FALSE,2.32,23.2,31,"Urban - Medium Density",TRUE
4594,823,37,3,2023-04-05,TRUE,2,"Radish","Unknown",TRUE,7.32,21.96,26,"Urban - High Density",TRUE
4595,1970,3,1,2023-07-27,TRUE,6,"Raspberry","Unknown",FALSE,10.26,10.26,38,"Urban - High Density",TRUE
4596,1594,22,9,2023-08-25,TRUE,1,"Green Bean","All Seasons",FALSE,-4.21,-37.89,58,"Rural",TRUE
4597,1028,48,0,2023-05-24,TRUE,7,"Blueberry","Winter",TRUE,0.78,0,78,"Urban - High Density",FALSE
4598,1064,36,5,2023-01-06,TRUE,7,"Raspberry","Summer",TRUE,5.87,29.35,77,"Urban - High Density",TRUE
4599,1897,28,6,2023-06-07,TRUE,6,"Raspberry","Unknown",TRUE,14.97,89.82,49,"Urban - High Density",TRUE
4600,1650,30,5,2023-11-08,TRUE,3,"Lychee","All Seasons",TRUE,1.21,6.05,33,"Urban - High Density",FALSE
4601,1678,39,9,NA,TRUE,-2,"Mango","All Seasons",TRUE,10.84,97.56,45,"Urban - High Density",TRUE
4602,1604,6,8,2023-09-17,TRUE,5,"Walnut","Summer",TRUE,-3.25,-26,46,"Urban - Medium Density",FALSE
4603,662,3,7,2023-12-13,TRUE,5,"Raspberry","Unknown",FALSE,10.26,71.82,41,"Urban - Medium Density",FALSE
4604,717,31,2,2023-04-17,TRUE,5,"Chestnut","All Seasons",NA,0.13,0.26,77,"Urban - High Density",TRUE
4605,1643,45,8,2023-04-22,TRUE,6,"Apricot","All Seasons",TRUE,7.43,59.44,18,"Urban - High Density",TRUE
4606,183,37,2,2023-03-19,FALSE,50,"Radish","Unknown",TRUE,7.32,14.64,78,"Urban - High Density",FALSE
4607,1340,22,8,2023-10-01,TRUE,1,"Green Bean","All Seasons",FALSE,-4.21,-33.68,65,"Urban - Medium Density",FALSE
4608,990,28,6,2023-11-12,TRUE,4,"Raspberry","Unknown",TRUE,14.97,89.82,42,"Urban - High Density",TRUE
4609,663,39,8,2023-07-11,TRUE,1,"Mango","All Seasons",TRUE,10.84,86.72,51,"Urban - High Density",TRUE
4610,1277,6,2,2023-03-26,TRUE,3,"Walnut","Summer",TRUE,-3.25,-6.5,59,"Urban - High Density",TRUE
4611,883,37,9,2023-10-30,TRUE,4,"Radish","Unknown",TRUE,7.32,65.88,39,"Urban - High Density",FALSE
4612,442,49,3,2023-05-02,TRUE,4,"Cherry","Summer",NA,1.84,5.52,33,"Urban - Medium Density",FALSE
4613,1378,25,-3,2023-05-29,TRUE,5,"Broccoli","All Seasons",TRUE,3.11,-9.33,60,"Urban - Medium Density",FALSE
4614,1141,18,7,2023-04-12,TRUE,-2,"Apple","All Seasons",TRUE,14.07,98.49,51,"Urban - Medium Density",FALSE
4615,349,15,0,2023-06-18,TRUE,50,"Cabbage","All Seasons",FALSE,3.34,0,73,"Urban - High Density",TRUE
4616,1995,24,10,2023-05-12,TRUE,6,"Asparagus","Winter",FALSE,2.01,20.1,33,"Urban - High Density",TRUE
4617,1687,7,7,2023-10-18,TRUE,2,"Lettuce","Unknown",TRUE,8.68,60.76,42,"Urban - High Density",TRUE
4618,391,46,2,2023-10-18,TRUE,5,"Chestnut","All Seasons",TRUE,-4.08,-8.16,5,"Urban - Medium Density",TRUE
4619,134,33,-3,2023-02-18,TRUE,50,"Banana","All Seasons",TRUE,13.25,-39.75,68,"Urban - High Density",FALSE
4620,114,36,-3,2023-01-15,TRUE,50,"Raspberry","Summer",TRUE,5.87,-17.61,29,"Urban - High Density",TRUE
4621,887,39,3,2023-06-15,TRUE,50,"Mango","All Seasons",TRUE,10.84,32.52,75,"Urban - Medium Density",TRUE
4622,755,36,9,2023-02-20,TRUE,3,"Raspberry","Summer",TRUE,5.87,52.83,80,"",TRUE
4623,669,47,4,2023-09-26,TRUE,1,"Mango","Summer",FALSE,2.32,9.28,66,"Urban - Medium Density",FALSE
4624,1749,27,0,2023-10-13,TRUE,-2,"Peach","Winter",TRUE,13.88,0,41,"Rural",TRUE
4625,1926,39,0,2023-06-15,FALSE,5,"Mango","All Seasons",TRUE,10.84,0,22,"Urban - High Density",TRUE
4626,1061,42,4,2023-04-12,TRUE,3,"Pomegranate","Winter",TRUE,10.95,43.8,66,"Urban - Medium Density",TRUE
4627,1824,19,8,2023-09-12,TRUE,50,"Banana","Winter",TRUE,-0.17,-1.36,41,"",TRUE
4628,1143,19,7,2023-01-22,TRUE,3,"Banana","Winter",TRUE,-0.17,-1.19,65,"Urban - High Density",TRUE
4629,637,34,5,2023-11-12,TRUE,4,"Celery","Winter",TRUE,5.77,28.85,21,"Rural",FALSE
4630,314,32,3,2023-07-14,TRUE,6,"Raspberry","All Seasons",TRUE,12.49,37.47,53,"Urban - High Density",TRUE
4631,1922,14,0,2023-11-10,TRUE,50,"Fig","Summer",TRUE,3.67,0,68,"Urban - High Density",FALSE
4632,1879,20,1,2023-12-22,TRUE,5,"Corn","All Seasons",TRUE,12.25,12.25,48,"Urban - High Density",FALSE
4633,888,20,5,2023-05-13,TRUE,6,"Corn","All Seasons",TRUE,12.25,61.25,38,"Urban - Medium Density",TRUE
4634,873,37,8,2023-07-28,TRUE,5,"Radish","Unknown",TRUE,7.32,58.56,41,"Urban - High Density",FALSE
4635,779,26,7,2023-02-05,TRUE,5,"Mango","Summer",TRUE,-1.79,-12.53,5,"Urban - Medium Density",FALSE
4636,530,29,5,2023-02-25,TRUE,5,"Orange","Summer",FALSE,9.07,45.35,20,"Urban - High Density",FALSE
4637,1651,24,10,2023-02-23,TRUE,6,"Asparagus","Winter",FALSE,2.01,20.1,66,"Rural",FALSE
4638,257,36,0,2023-05-25,TRUE,50,"Raspberry","Summer",TRUE,5.87,0,63,"Urban - Medium Density",TRUE
4639,336,22,10,2023-05-16,TRUE,1,"Green Bean","All Seasons",FALSE,-4.21,-42.1,77,"Urban - High Density",FALSE
4640,1830,28,9,2023-01-04,TRUE,2,"Raspberry","Unknown",TRUE,14.97,134.73,76,"Urban - Medium Density",TRUE
4641,841,32,8,2023-03-28,TRUE,50,"Raspberry","All Seasons",TRUE,12.49,99.92,43,"Urban - Medium Density",FALSE
4642,1719,15,-3,2023-12-31,FALSE,-2,"Cabbage","All Seasons",FALSE,3.34,-10.02,74,"Urban - High Density",NA
4643,1622,48,4,2023-03-12,TRUE,4,"Blueberry","Winter",TRUE,0.78,3.12,44,"Urban - High Density",TRUE
4644,1059,24,3,2023-04-09,TRUE,50,"Asparagus","Winter",FALSE,2.01,6.03,72,"Urban - Medium Density",TRUE
4645,757,8,7,2023-02-12,TRUE,5,"Garlic","Winter",TRUE,3.66,25.62,50,"Urban - High Density",FALSE
4646,1547,2,4,2023-02-18,TRUE,2,"Grape","Unknown",TRUE,10.56,42.24,78,"Urban - High Density",TRUE
4647,1862,49,1,2023-06-28,TRUE,4,"Cherry","Summer",NA,1.84,1.84,44,"Urban - High Density",NA
4648,1302,14,6,2023-10-26,TRUE,4,"Fig","Summer",TRUE,3.67,22.02,19,"Urban - High Density",TRUE
4649,1336,32,3,2023-12-04,TRUE,3,"Raspberry","All Seasons",TRUE,12.49,37.47,30,"Urban - High Density",FALSE
4650,517,26,-3,2023-10-23,TRUE,1,"Mango","Summer",TRUE,-1.79,5.37,59,"Urban - High Density",FALSE
4651,1,15,-3,2023-11-07,TRUE,4,"Cabbage","All Seasons",FALSE,3.34,-10.02,46,"Rural",FALSE
4652,1987,6,1,2023-11-11,TRUE,4,"Walnut","Summer",TRUE,-3.25,-3.25,69,"",FALSE
4653,110,42,7,2023-08-03,TRUE,6,"Pomegranate","Winter",TRUE,10.95,76.65,59,"Urban - Medium Density",TRUE
4654,1793,32,2,2023-02-24,TRUE,5,"Raspberry","All Seasons",TRUE,12.49,24.98,51,"Urban - High Density",TRUE
4655,76,6,4,2023-06-12,TRUE,50,"Walnut","Summer",TRUE,-3.25,-13,22,"Urban - High Density",TRUE
4656,529,48,3,2023-04-09,TRUE,2,"Blueberry","Winter",TRUE,0.78,2.34,58,"Urban - High Density",FALSE
4657,325,17,4,2023-03-15,TRUE,5,"Pea","All Seasons",TRUE,-2.07,-8.28,55,"Rural",TRUE
4658,1137,23,6,2023-07-29,TRUE,5,"Corn","Winter",FALSE,1.53,9.18,52,"Urban - High Density",TRUE
4659,1958,8,8,2023-04-23,TRUE,2,"Garlic","Winter",TRUE,3.66,29.28,49,"Unknown",FALSE
4660,1388,13,7,2023-04-17,TRUE,6,"Cucumber","All Seasons",NA,8.17,57.19,54,"Urban - Medium Density",TRUE
4661,1469,5,8,2023-08-17,TRUE,50,"Apricot","Summer",FALSE,10.18,81.44,62,"Urban - Medium Density",TRUE
4662,858,23,6,2023-02-28,TRUE,4,"Corn","Winter",FALSE,1.53,9.18,48,"Urban - High Density",FALSE
4663,489,16,5,2023-03-30,TRUE,50,"Chestnut","Summer",TRUE,3.39,16.95,65,"Rural",TRUE
4664,311,3,0,2023-05-10,TRUE,1,"Raspberry","Unknown",FALSE,10.26,0,76,"Urban - Medium Density",TRUE
4665,1529,21,1,2023-06-01,TRUE,2,"Sweet Potato","All Seasons",TRUE,12.3,12.3,23,"Unknown",TRUE
4666,1136,17,6,2023-10-19,TRUE,4,"Pea","All Seasons",TRUE,-2.07,-12.42,62,"Urban - High Density",TRUE
4667,559,48,0,2023-07-24,TRUE,5,"Blueberry","Winter",TRUE,0.78,0,48,"Urban - High Density",TRUE
4668,572,15,6,2023-02-27,TRUE,7,"Cabbage","All Seasons",FALSE,3.34,20.04,71,"Urban - High Density",FALSE
4669,1382,35,1,2023-05-31,TRUE,1,"Hazelnut","All Seasons",TRUE,6.96,6.96,20,"Rural",FALSE
4670,922,4,6,2023-04-12,TRUE,3,"Watermelon","Unknown",TRUE,12.08,72.48,19,"Urban - High Density",TRUE
4671,774,2,2,2023-04-06,TRUE,3,"Grape","Unknown",TRUE,10.56,21.12,41,"Rural",TRUE
4672,1684,32,9,2023-07-15,TRUE,7,"Raspberry","All Seasons",TRUE,12.49,112.41,49,"Urban - High Density",TRUE
4673,1646,5,8,2023-03-24,TRUE,50,"Apricot","Summer",FALSE,10.18,81.44,40,"Urban - High Density",TRUE
4674,216,45,4,2023-06-04,TRUE,7,"Apricot","All Seasons",TRUE,7.43,29.72,36,"Urban - Medium Density",FALSE
4675,1540,1,1,2023-10-27,TRUE,1,"Strawberry","Unknown",TRUE,4.42,4.42,38,"Rural",FALSE
4676,1711,50,0,2023-08-26,TRUE,6,"Sweet Potato","Unknown",FALSE,1.01,0,23,"Urban - Medium Density",TRUE
4677,1376,26,6,2023-08-02,TRUE,4,"Mango","Summer",TRUE,-1.79,-10.74,43,"Urban - High Density",FALSE
4678,1290,10,3,2023-04-17,TRUE,-2,"Blueberry","Summer",FALSE,4.44,13.32,29,"Urban - High Density",TRUE
4679,1625,23,6,2023-07-08,TRUE,6,"Corn","Winter",FALSE,1.53,9.18,67,"Urban - High Density",FALSE
4680,1438,20,1,2023-03-13,TRUE,1,"Corn","All Seasons",TRUE,12.25,12.25,76,"Urban - High Density",FALSE
4681,78,36,9,2023-07-10,TRUE,2,"Raspberry","Summer",TRUE,5.87,52.83,57,"Urban - Medium Density",TRUE
4682,1784,30,-3,2023-10-21,TRUE,6,"Lychee","All Seasons",TRUE,1.21,-3.63,25,"Urban - Medium Density",FALSE
4683,718,14,5,2023-05-24,TRUE,2,"Fig","Summer",TRUE,3.67,18.35,55,"Urban - Medium Density",FALSE
4684,1018,6,1,2023-11-13,TRUE,2,"Walnut","Summer",TRUE,-3.25,-3.25,64,"Urban - High Density",TRUE
4685,685,10,-3,2023-11-29,TRUE,1,"Blueberry","Summer",FALSE,4.44,-13.32,38,"Urban - Medium Density",TRUE
4686,162,34,8,2023-09-22,TRUE,4,"Celery","Winter",TRUE,5.77,46.16,72,"Rural",TRUE
4687,256,29,10,2023-07-29,TRUE,6,"Orange","Summer",FALSE,9.07,90.7,48,"Rural",FALSE
4688,139,42,2,2023-09-17,TRUE,50,"Pomegranate","Winter",TRUE,10.95,21.9,41,"Urban - Medium Density",TRUE
4689,878,42,9,2023-08-14,TRUE,7,"Pomegranate","Winter",TRUE,10.95,98.55,27,"Urban - High Density",TRUE
4690,662,13,1,2023-11-07,TRUE,1,"Cucumber","All Seasons",NA,8.17,8.17,41,"Urban - Medium Density",FALSE
4691,1367,24,5,2023-11-16,FALSE,-2,"Asparagus","Winter",FALSE,2.01,10.05,77,"Urban - High Density",FALSE
4692,756,10,5,2023-11-15,TRUE,4,"Blueberry","Summer",FALSE,4.44,22.2,19,"Urban - Medium Density",TRUE
4693,1186,22,3,2023-02-11,TRUE,50,"Green Bean","All Seasons",FALSE,-4.21,-12.63,31,"Urban - High Density",FALSE
4694,1834,22,2,2023-10-10,TRUE,2,"Green Bean","All Seasons",FALSE,-4.21,-8.42,70,"Urban - High Density",NA
4695,431,48,5,2023-08-17,TRUE,6,"Blueberry","Winter",TRUE,0.78,3.9,20,"Rural",TRUE
4696,520,2,0,2023-12-05,NA,-2,"Grape","Unknown",TRUE,10.56,0,51,"Urban - Medium Density",TRUE
4697,929,49,-3,2023-08-07,TRUE,2,"Cherry","Summer",NA,1.84,-5.52,44,"Urban - High Density",FALSE
4698,118,5,5,2023-09-14,TRUE,5,"Apricot","Summer",FALSE,10.18,50.9,55,"Urban - Medium Density",TRUE
4699,1833,19,9,2023-05-23,TRUE,5,"Banana","Winter",TRUE,-0.17,-1.53,30,"Urban - High Density",FALSE
4700,1014,48,-3,2023-02-10,TRUE,3,"Blueberry","Winter",TRUE,0.78,-2.34,77,"Urban - High Density",TRUE
4701,990,24,1,2023-01-29,TRUE,2,"Asparagus","Winter",FALSE,2.01,2.01,42,"Urban - High Density",TRUE
4702,1729,13,4,2023-12-18,TRUE,4,"Cucumber","All Seasons",NA,8.17,32.68,23,"Urban - Medium Density",FALSE
4703,655,11,2,2023-08-02,TRUE,7,"Strawberry","Summer",TRUE,5.35,10.7,64,"Urban - Medium Density",TRUE
4704,227,1,9,2023-08-14,TRUE,3,"Strawberry","Unknown",TRUE,4.42,39.78,35,"Urban - Medium Density",FALSE
4705,1753,46,4,2023-04-20,TRUE,50,"Chestnut","All Seasons",TRUE,-4.08,-16.32,63,"Urban - High Density",TRUE
4706,492,2,7,2023-02-13,FALSE,3,"Grape","Unknown",TRUE,10.56,73.92,73,"Urban - Medium Density",TRUE
4707,1237,18,5,2023-07-10,TRUE,6,"Apple","All Seasons",TRUE,14.07,70.35,46,"Urban - High Density",TRUE
4708,637,28,3,2023-10-02,TRUE,4,"Raspberry","Unknown",TRUE,14.97,44.91,21,"Rural",FALSE
4709,480,38,7,2023-05-24,TRUE,3,"Apricot","Summer",TRUE,8.8,61.6,38,"Urban - High Density",NA
4710,1405,20,6,2023-12-05,TRUE,2,"Corn","All Seasons",TRUE,12.25,73.5,34,"Rural",TRUE
4711,1706,15,10,2023-04-01,TRUE,3,"Cabbage","All Seasons",FALSE,3.34,33.4,73,"Urban - High Density",TRUE
4712,570,38,8,2023-10-17,TRUE,50,"Apricot","Summer",TRUE,8.8,70.4,80,"Urban - Medium Density",TRUE
4713,1236,46,5,2023-02-10,TRUE,5,"Chestnut","All Seasons",TRUE,-4.08,-20.4,68,"Urban - Medium Density",TRUE
4714,273,44,7,2023-07-21,TRUE,-2,"Apple","Summer",TRUE,9.24,64.68,21,"Rural",FALSE
4715,242,7,4,2023-07-27,TRUE,4,"Lettuce","Unknown",TRUE,8.68,34.72,48,"Urban - High Density",FALSE
4716,959,36,9,2023-12-07,TRUE,7,"Raspberry","Summer",TRUE,5.87,52.83,24,"Urban - Medium Density",FALSE
4717,1596,15,3,2023-08-06,FALSE,50,"Cabbage","All Seasons",FALSE,3.34,10.02,39,"Urban - Medium Density",TRUE
4718,1026,37,7,2023-07-20,TRUE,-2,"Radish","Unknown",TRUE,7.32,51.24,74,"Urban - Medium Density",FALSE
4719,1434,26,3,NA,TRUE,7,"Mango","Summer",TRUE,-1.79,-5.37,68,"Rural",TRUE
4720,88,2,5,2023-03-22,TRUE,2,"Grape","Unknown",TRUE,10.56,52.8,24,"Urban - Medium Density",TRUE
4721,296,25,4,2023-03-12,TRUE,2,"Broccoli","All Seasons",TRUE,3.11,12.44,69,"Urban - High Density",FALSE
4722,1779,41,7,2023-05-29,TRUE,7,"Strawberry","Summer",TRUE,4.94,34.58,22,"Urban - High Density",FALSE
4723,7,41,4,2023-02-06,TRUE,7,"Strawberry","Summer",TRUE,4.94,19.76,29,"Urban - Medium Density",TRUE
4724,674,26,6,2023-07-19,NA,6,"Mango","Summer",TRUE,-1.79,-10.74,32,"Urban - High Density",FALSE
4725,1729,14,9,2023-08-15,TRUE,50,"Fig","Summer",TRUE,3.67,33.03,23,"Urban - Medium Density",FALSE
4726,1271,7,6,2023-01-28,TRUE,5,"Lettuce","Unknown",TRUE,8.68,52.08,31,"Urban - Medium Density",FALSE
4727,1014,13,5,2023-07-10,TRUE,3,"Cucumber","All Seasons",NA,8.17,40.85,77,"Urban - High Density",TRUE
4728,637,6,6,2023-07-26,TRUE,6,"Walnut","Summer",TRUE,-3.25,-19.5,21,"Rural",FALSE
4729,526,16,10,2023-05-02,TRUE,7,"Chestnut","Summer",TRUE,3.39,33.9,33,"Urban - Medium Density",TRUE
4730,344,12,1,2023-04-16,TRUE,-2,"Banana","All Seasons",TRUE,10.29,10.29,38,"Urban - High Density",FALSE
4731,644,14,0,2023-05-19,TRUE,6,"Fig","Summer",TRUE,3.67,0,43,"Urban - High Density",FALSE
4732,1522,30,7,2023-05-29,TRUE,4,"Lychee","All Seasons",TRUE,1.21,8.47,56,"Urban - Medium Density",FALSE
4733,1070,1,8,2023-10-08,TRUE,7,"Strawberry","Unknown",TRUE,4.42,35.36,33,"Urban - High Density",TRUE
4734,1649,45,-3,2023-05-21,FALSE,7,"Apricot","All Seasons",TRUE,7.43,-22.29,59,"Urban - Medium Density",TRUE
4735,817,26,5,2023-05-20,TRUE,-2,"Mango","Summer",TRUE,-1.79,-8.95,37,"Rural",FALSE
4736,964,9,-3,2023-08-12,TRUE,5,"Onion","Unknown",TRUE,5.01,-15.03,64,"Urban - High Density",TRUE
4737,926,23,4,2023-08-31,TRUE,50,"Corn","Winter",FALSE,1.53,6.12,66,"Rural",FALSE
4738,1512,25,1,2023-03-19,TRUE,7,"Broccoli","All Seasons",TRUE,3.11,3.11,65,"Urban - Medium Density",TRUE
4739,661,32,3,2023-09-10,TRUE,5,"Raspberry","All Seasons",TRUE,12.49,37.47,65,"Urban - High Density",FALSE
4740,1436,4,3,2023-08-02,TRUE,6,"Watermelon","Unknown",TRUE,12.08,36.24,39,"Urban - Medium Density",TRUE
4741,1703,35,4,2023-02-17,TRUE,5,"Hazelnut","All Seasons",TRUE,6.96,27.84,47,"Urban - High Density",FALSE
4742,301,5,10,2023-11-01,TRUE,3,"Apricot","Summer",FALSE,10.18,101.8,52,"Urban - High Density",TRUE
4743,1937,8,2,2023-04-01,TRUE,3,"Garlic","Winter",TRUE,3.66,7.32,58,"Urban - High Density",FALSE
4744,1002,7,6,2023-10-22,TRUE,3,"Lettuce","Unknown",TRUE,8.68,52.08,23,"Urban - High Density",FALSE
4745,200,36,-3,2023-10-06,TRUE,5,"Raspberry","Summer",TRUE,5.87,-17.61,50,"Urban - High Density",TRUE
4746,289,16,0,2023-07-01,TRUE,7,"Chestnut","Summer",TRUE,3.39,0,39,"Rural",TRUE
4747,1586,32,7,2023-05-11,TRUE,3,"Raspberry","All Seasons",TRUE,12.49,87.43,41,"Urban - High Density",NA
4748,743,34,10,2023-09-03,FALSE,50,"Celery","Winter",TRUE,5.77,57.7,56,"Urban - Medium Density",TRUE
4749,43,47,7,2023-04-19,TRUE,2,"Mango","Summer",FALSE,2.32,16.24,65,"Urban - High Density",FALSE
4750,1388,33,2,2023-09-20,TRUE,2,"Banana","All Seasons",TRUE,13.25,26.5,54,"Urban - Medium Density",TRUE
4751,1295,41,3,2023-06-10,TRUE,4,"Strawberry","Summer",TRUE,4.94,14.82,46,"Rural",FALSE
4752,555,5,5,2023-11-05,TRUE,50,"Apricot","Summer",FALSE,10.18,50.9,29,"Urban - Medium Density",NA
4753,818,20,3,2023-08-02,TRUE,50,"Corn","All Seasons",TRUE,12.25,36.75,35,"Urban - High Density",FALSE
4754,1117,27,2,2023-08-24,TRUE,50,"Peach","Winter",TRUE,13.88,27.76,71,"Urban - Medium Density",FALSE
4755,644,23,5,2023-07-27,TRUE,-2,"Corn","Winter",FALSE,1.53,7.65,43,"Urban - High Density",FALSE
4756,1886,16,7,2023-02-10,TRUE,2,"Chestnut","Summer",TRUE,3.39,23.73,66,"Urban - High Density",FALSE
4757,918,8,0,2023-01-04,TRUE,4,"Garlic","Winter",TRUE,3.66,0,74,"Urban - Medium Density",NA
4758,560,8,4,2023-04-12,TRUE,7,"Garlic","Winter",TRUE,3.66,14.64,52,"Urban - High Density",FALSE
4759,1359,31,6,2023-09-02,TRUE,6,"Chestnut","All Seasons",NA,0.13,0.78,62,"Urban - Medium Density",TRUE
4760,1784,14,1,2023-02-02,TRUE,7,"Fig","Summer",TRUE,3.67,3.67,25,"Urban - Medium Density",FALSE
4761,871,34,8,2023-03-11,TRUE,2,"Celery","Winter",TRUE,5.77,46.16,43,"Rural",TRUE
4762,1524,44,10,2023-04-16,TRUE,4,"Apple","Summer",TRUE,9.24,92.4,22,"Urban - High Density",FALSE
4763,208,34,2,2023-03-26,TRUE,3,"Celery","Winter",TRUE,5.77,11.54,37,"Urban - High Density",FALSE
4764,771,37,2,2023-10-01,TRUE,6,"Radish","Unknown",TRUE,7.32,14.64,64,"Urban - Medium Density",TRUE
4765,1076,21,2,2023-03-06,TRUE,6,"Sweet Potato","All Seasons",TRUE,12.3,24.6,47,"",TRUE
4766,1364,48,5,2023-10-07,TRUE,6,"Blueberry","Winter",TRUE,0.78,3.9,39,"Urban - Medium Density",FALSE
4767,310,45,5,2023-06-07,TRUE,7,"Apricot","All Seasons",TRUE,7.43,37.15,70,"Urban - Medium Density",TRUE
4768,191,24,-3,2023-04-08,TRUE,-2,"Asparagus","Winter",FALSE,2.01,-6.03,120,"Urban - High Density",TRUE
4769,5,37,5,2023-10-18,TRUE,5,"Radish","Unknown",TRUE,7.32,36.6,65,"Rural",TRUE
4770,588,12,4,2023-09-13,TRUE,7,"Banana","All Seasons",TRUE,10.29,41.16,31,"Rural",TRUE
4771,1210,16,8,2023-02-11,TRUE,1,"Chestnut","Summer",TRUE,3.39,27.12,50,"Urban - High Density",TRUE
4772,1697,47,7,2023-01-18,TRUE,1,"Mango","Summer",FALSE,2.32,16.24,63,"Urban - Medium Density",TRUE
4773,580,30,6,2023-02-04,TRUE,5,"Lychee","All Seasons",TRUE,1.21,7.26,23,"Urban - Medium Density",TRUE
4774,1132,4,0,2023-10-01,TRUE,-2,"Watermelon","Unknown",TRUE,12.08,0,53,"Urban - Medium Density",FALSE
4775,1536,24,4,2023-10-26,TRUE,-2,"Asparagus","Winter",FALSE,2.01,8.04,61,"Urban - Medium Density",TRUE
4776,1542,28,2,2023-11-10,TRUE,3,"Raspberry","Unknown",TRUE,14.97,29.94,50,"Urban - Medium Density",TRUE
4777,1067,34,1,2023-09-07,TRUE,7,"Celery","Winter",TRUE,5.77,5.77,62,"Urban - High Density",TRUE
4778,1335,45,6,2023-11-23,TRUE,2,"Apricot","All Seasons",TRUE,7.43,44.58,76,"Urban - Medium Density",TRUE
4779,1037,48,7,2023-03-14,TRUE,1,"Blueberry","Winter",TRUE,0.78,5.46,69,"Rural",TRUE
4780,1105,3,10,2023-04-10,TRUE,50,"Raspberry","Unknown",FALSE,10.26,102.6,39,"Rural",FALSE
4781,1906,6,4,2023-10-01,TRUE,50,"Walnut","Summer",TRUE,-3.25,-13,33,"Urban - High Density",TRUE
4782,1262,10,4,2023-04-16,TRUE,-2,"Blueberry","Summer",FALSE,4.44,17.76,30,"Urban - High Density",TRUE
4783,1992,4,1,2023-09-22,TRUE,6,"Watermelon","Unknown",TRUE,12.08,12.08,30,"Rural",TRUE
4784,1373,15,1,2023-10-19,TRUE,6,"Cabbage","All Seasons",FALSE,3.34,3.34,70,"Rural",FALSE
4785,33,8,0,2023-06-25,TRUE,50,"Garlic","Winter",TRUE,3.66,0,40,"Urban - High Density",TRUE
4786,259,6,8,2023-04-03,TRUE,1,"Walnut","Summer",TRUE,-3.25,-26,25,"Urban - High Density",TRUE
4787,1617,34,9,2023-08-29,TRUE,50,"Celery","Winter",TRUE,5.77,51.93,22,"Urban - High Density",FALSE
4788,1262,10,9,2023-08-11,TRUE,5,"Blueberry","Summer",FALSE,4.44,39.96,30,"Urban - High Density",TRUE
4789,918,3,4,2023-03-07,TRUE,6,"Raspberry","Unknown",FALSE,10.26,41.04,74,"Urban - Medium Density",NA
4790,1421,11,4,2023-08-30,TRUE,6,"Strawberry","Summer",TRUE,5.35,21.4,65,"Urban - High Density",FALSE
4791,575,10,6,2023-03-26,TRUE,5,"Blueberry","Summer",FALSE,4.44,26.64,37,"Urban - High Density",FALSE
4792,636,18,7,2023-01-10,TRUE,2,"Apple","All Seasons",TRUE,14.07,98.49,54,"Urban - Medium Density",FALSE
4793,1204,49,8,2023-04-03,TRUE,3,"Cherry","Summer",NA,1.84,14.72,61,"Urban - Medium Density",TRUE
4794,1843,13,8,2023-04-24,TRUE,4,"Cucumber","All Seasons",NA,8.17,65.36,60,"Rural",TRUE
4795,345,35,7,2023-11-19,TRUE,1,"Hazelnut","All Seasons",TRUE,6.96,48.72,49,"Urban - Medium Density",TRUE
4796,1544,36,9,2023-01-22,TRUE,-2,"Raspberry","Summer",TRUE,5.87,52.83,5,"Urban - High Density",NA
4797,1334,33,9,2023-09-25,TRUE,1,"Banana","All Seasons",TRUE,13.25,119.25,30,"Urban - High Density",FALSE
4798,1175,50,7,2023-05-11,TRUE,2,"Sweet Potato","Unknown",FALSE,1.01,7.07,26,"Urban - High Density",TRUE
4799,1301,8,3,2023-09-13,TRUE,1,"Garlic","Winter",TRUE,3.66,10.98,72,"Urban - Medium Density",FALSE
4800,647,7,5,2023-10-06,TRUE,50,"Lettuce","Unknown",TRUE,8.68,43.4,54,"Urban - Medium Density",TRUE
4801,533,49,3,2023-03-30,TRUE,7,"Cherry","Summer",NA,1.84,5.52,18,"Rural",NA
4802,1633,1,5,2023-02-17,TRUE,50,"Strawberry","Unknown",TRUE,4.42,22.1,47,"Urban - High Density",FALSE
4803,1698,40,-3,2023-12-10,TRUE,6,"Orange","Winter",FALSE,3.87,-11.61,19,"Rural",TRUE
4804,33,33,10,2023-10-14,TRUE,-2,"Banana","All Seasons",TRUE,13.25,132.5,40,"Urban - High Density",TRUE
4805,1680,42,0,2023-07-07,TRUE,3,"Pomegranate","Winter",TRUE,10.95,0,69,"Urban - High Density",FALSE
4806,1376,45,4,2023-11-25,TRUE,4,"Apricot","All Seasons",TRUE,7.43,29.72,43,"Urban - High Density",FALSE
4807,1661,38,2,2023-02-17,TRUE,7,"Apricot","Summer",TRUE,8.8,17.6,76,"Rural",TRUE
4808,1705,22,7,2023-09-03,TRUE,-2,"Green Bean","All Seasons",FALSE,-4.21,-29.47,69,"Urban - High Density",TRUE
4809,1297,21,1,2023-08-25,TRUE,4,"Sweet Potato","All Seasons",TRUE,12.3,12.3,41,"Urban - High Density",FALSE
4810,1337,41,7,2023-02-26,TRUE,6,"Strawberry","Summer",TRUE,4.94,34.58,64,"Urban - Medium Density",FALSE
4811,1177,9,-3,2023-10-27,TRUE,7,"Onion","Unknown",TRUE,5.01,-15.03,77,"Unknown",TRUE
4812,30,14,5,2023-07-27,TRUE,5,"Fig","Summer",TRUE,3.67,18.35,49,"Urban - High Density",FALSE
4813,1762,45,8,2023-01-04,TRUE,2,"Apricot","All Seasons",TRUE,7.43,59.44,19,"Urban - High Density",TRUE
4814,328,10,10,2023-03-14,TRUE,5,"Blueberry","Summer",FALSE,4.44,44.4,47,"Urban - Medium Density",TRUE
4815,1190,35,5,2023-09-05,TRUE,4,"Hazelnut","All Seasons",TRUE,6.96,34.8,33,"Urban - Medium Density",TRUE
4816,1470,21,7,2023-05-17,TRUE,4,"Sweet Potato","All Seasons",TRUE,12.3,86.1,120,"Urban - High Density",FALSE
4817,1279,9,1,2023-11-22,TRUE,6,"Onion","Unknown",TRUE,5.01,5.01,63,"Rural",TRUE
4818,558,26,9,2023-09-03,TRUE,5,"Mango","Summer",TRUE,-1.79,-16.11,55,"Urban - High Density",FALSE
4819,319,18,4,2023-12-16,TRUE,6,"Apple","All Seasons",TRUE,14.07,56.28,36,"Urban - High Density",TRUE
4820,190,2,0,2023-05-03,TRUE,7,"Grape","Unknown",TRUE,10.56,0,64,"Urban - High Density",TRUE
4821,1700,32,3,2023-02-13,TRUE,6,"Raspberry","All Seasons",TRUE,12.49,37.47,31,"Urban - Medium Density",TRUE
4822,1979,43,6,2023-11-08,TRUE,5,"Pear","Unknown",TRUE,4.62,27.72,45,"Rural",NA
4823,1671,40,10,2023-08-10,TRUE,5,"Orange","Winter",FALSE,3.87,38.7,55,"Rural",TRUE
4824,310,9,0,2023-07-03,TRUE,-2,"Onion","Unknown",TRUE,5.01,0,70,"Urban - Medium Density",TRUE
4825,692,9,3,2023-04-29,TRUE,6,"Onion","Unknown",TRUE,5.01,15.03,63,"Urban - Medium Density",TRUE
4826,286,26,9,2023-07-23,TRUE,3,"Mango","Summer",TRUE,-1.79,-16.11,19,"Urban - Medium Density",TRUE
4827,80,44,1,2023-12-28,TRUE,1,"Apple","Summer",TRUE,9.24,9.24,31,"Urban - High Density",TRUE
4828,90,1,6,2023-05-30,TRUE,7,"Strawberry","Unknown",TRUE,4.42,26.52,71,"Urban - High Density",TRUE
4829,1692,3,9,2023-08-21,TRUE,4,"Raspberry","Unknown",FALSE,10.26,92.34,39,"Urban - Medium Density",TRUE
4830,691,33,6,2023-05-02,TRUE,5,"Banana","All Seasons",TRUE,13.25,79.5,47,"Urban - High Density",NA
4831,802,8,5,2023-12-28,TRUE,50,"Garlic","Winter",TRUE,3.66,18.3,52,"Urban - Medium Density",FALSE
4832,112,33,-3,2023-04-28,TRUE,50,"Banana","All Seasons",TRUE,13.25,-39.75,51,"Urban - Medium Density",TRUE
4833,1869,11,-3,2023-11-02,TRUE,5,"Strawberry","Summer",TRUE,5.35,-16.05,37,"Urban - Medium Density",TRUE
4834,1286,39,8,2023-10-22,TRUE,3,"Mango","All Seasons",TRUE,10.84,86.72,30,"Urban - High Density",TRUE
4835,49,39,3,2023-04-14,TRUE,50,"Mango","All Seasons",TRUE,10.84,32.52,37,"Urban - Medium Density",FALSE
4836,810,13,0,2023-01-30,TRUE,5,"Cucumber","All Seasons",NA,8.17,0,75,"Urban - Medium Density",FALSE
4837,1635,14,4,2023-08-26,TRUE,1,"Fig","Summer",TRUE,3.67,14.68,19,"Urban - High Density",TRUE
4838,1775,17,1,2023-09-15,TRUE,3,"Pea","All Seasons",TRUE,-2.07,-2.07,34,"Urban - Medium Density",TRUE
4839,872,1,5,2023-01-08,TRUE,7,"Strawberry","Unknown",TRUE,4.42,22.1,51,"Urban - Medium Density",FALSE
4840,1420,37,2,2023-04-06,TRUE,4,"Radish","Unknown",TRUE,7.32,14.64,72,"Urban - Medium Density",TRUE
4841,401,16,4,2023-02-01,TRUE,5,"Chestnut","Summer",TRUE,3.39,13.56,44,"Urban - Medium Density",TRUE
4842,765,32,6,2023-05-02,TRUE,6,"Raspberry","All Seasons",TRUE,12.49,74.94,23,"Urban - High Density",TRUE
4843,69,31,10,2023-08-12,TRUE,-2,"Chestnut","All Seasons",NA,0.13,1.3,69,"Urban - Medium Density",FALSE
4844,76,8,7,2023-09-10,TRUE,1,"Garlic","Winter",TRUE,3.66,25.62,22,"Urban - High Density",TRUE
4845,1091,1,6,2023-03-05,TRUE,2,"Strawberry","Unknown",TRUE,4.42,26.52,43,"Urban - Medium Density",NA
4846,280,31,-3,2023-02-20,TRUE,5,"Chestnut","All Seasons",NA,0.13,-0.39,70,"Urban - Medium Density",TRUE
4847,1042,16,10,2023-06-27,TRUE,4,"Chestnut","Summer",TRUE,3.39,33.9,44,"Urban - Medium Density",FALSE
4848,1407,4,3,2023-08-07,TRUE,2,"Watermelon","Unknown",TRUE,12.08,36.24,18,"Urban - High Density",FALSE
4849,790,3,7,2023-11-17,NA,3,"Raspberry","Unknown",FALSE,10.26,71.82,77,"Unknown",TRUE
4850,1048,15,0,2023-06-08,TRUE,3,"Cabbage","All Seasons",FALSE,3.34,0,20,"Urban - High Density",NA
4851,261,42,3,2023-05-19,TRUE,4,"Pomegranate","Winter",TRUE,10.95,32.85,39,"Urban - Medium Density",TRUE
4852,69,50,9,2023-12-19,FALSE,5,"Sweet Potato","Unknown",FALSE,1.01,9.09,69,"Urban - Medium Density",FALSE
4853,41,29,5,2023-02-25,TRUE,3,"Orange","Summer",FALSE,9.07,45.35,54,"Urban - High Density",TRUE
4854,215,12,-3,2023-06-16,FALSE,5,"Banana","All Seasons",TRUE,10.29,-30.87,27,"Urban - High Density",TRUE
4855,735,39,8,2023-01-13,TRUE,50,"Mango","All Seasons",TRUE,10.84,86.72,24,"Urban - Medium Density",TRUE
4856,816,26,9,2023-03-04,TRUE,50,"Mango","Summer",TRUE,-1.79,-16.11,58,"Urban - Medium Density",FALSE
4857,1947,50,8,2023-02-27,TRUE,6,"Sweet Potato","Unknown",FALSE,1.01,8.08,27,"Urban - Medium Density",FALSE
4858,1194,38,10,2023-03-24,TRUE,4,"Apricot","Summer",TRUE,8.8,88,77,"Urban - High Density",TRUE
4859,651,46,5,2023-06-13,TRUE,3,"Chestnut","All Seasons",TRUE,-4.08,-20.4,25,"Urban - High Density",TRUE
4860,1114,1,1,2023-04-05,TRUE,2,"Strawberry","Unknown",TRUE,4.42,4.42,71,"Urban - High Density",TRUE
4861,753,4,2,2023-06-15,TRUE,7,"Watermelon","Unknown",TRUE,12.08,24.16,20,"Urban - Medium Density",FALSE
4862,771,12,5,2023-08-03,TRUE,50,"Banana","All Seasons",TRUE,10.29,51.45,64,"Urban - Medium Density",TRUE
4863,1136,10,4,2023-09-13,TRUE,4,"Blueberry","Summer",FALSE,4.44,17.76,62,"Urban - High Density",TRUE
4864,160,32,9,2023-03-31,TRUE,1,"Raspberry","All Seasons",TRUE,12.49,112.41,79,"Urban - High Density",FALSE
4865,397,14,10,2023-05-02,FALSE,50,"Fig","Summer",TRUE,3.67,36.7,55,"Rural",TRUE
4866,1897,40,8,2023-11-15,TRUE,-2,"Orange","Winter",FALSE,3.87,30.96,49,"Urban - High Density",TRUE
4867,1731,27,4,2023-08-15,TRUE,3,"Peach","Winter",TRUE,13.88,55.52,57,"",FALSE
4868,1764,23,8,2023-03-13,TRUE,2,"Corn","Winter",FALSE,1.53,12.24,56,"Urban - High Density",TRUE
4869,1971,32,5,2023-12-09,TRUE,-2,"Raspberry","All Seasons",TRUE,12.49,62.45,42,"Rural",TRUE
4870,1628,42,9,2023-12-26,TRUE,2,"Pomegranate","Winter",TRUE,10.95,98.55,70,"Urban - Medium Density",TRUE
4871,1129,2,5,2023-01-18,TRUE,3,"Grape","Unknown",TRUE,10.56,52.8,34,"Urban - High Density",TRUE
4872,1540,46,6,2023-10-12,TRUE,6,"Chestnut","All Seasons",TRUE,-4.08,-24.48,38,"Rural",FALSE
4873,929,19,2,2023-07-14,TRUE,3,"Banana","Winter",TRUE,-0.17,-0.34,44,"Urban - High Density",FALSE
4874,1102,15,9,2023-03-18,TRUE,1,"Cabbage","All Seasons",FALSE,3.34,30.06,77,"Urban - High Density",TRUE
4875,106,5,10,2023-06-21,TRUE,2,"Apricot","Summer",FALSE,10.18,101.8,70,"Rural",FALSE
4876,1815,23,2,2023-06-13,TRUE,3,"Corn","Winter",FALSE,1.53,3.06,43,"Rural",FALSE
4877,1119,16,2,2024-01-01,TRUE,6,"Chestnut","Summer",TRUE,3.39,6.78,60,"Urban - Medium Density",FALSE
4878,1715,48,3,2023-01-13,TRUE,50,"Blueberry","Winter",TRUE,0.78,2.34,53,"Urban - Medium Density",FALSE
4879,257,28,0,2023-06-15,NA,7,"Raspberry","Unknown",TRUE,14.97,0,63,"Urban - Medium Density",TRUE
4880,1834,4,3,2023-05-19,FALSE,3,"Watermelon","Unknown",TRUE,12.08,36.24,70,"Urban - High Density",NA
4881,1051,43,6,2023-03-11,TRUE,3,"Pear","Unknown",TRUE,4.62,27.72,42,"Urban - Medium Density",TRUE
4882,1234,10,6,2023-03-17,TRUE,1,"Blueberry","Summer",FALSE,4.44,26.64,63,"Urban - High Density",FALSE
4883,995,25,-3,2023-09-29,TRUE,4,"Broccoli","All Seasons",TRUE,3.11,-9.33,22,"Rural",TRUE
4884,928,46,-3,2023-09-27,FALSE,3,"Chestnut","All Seasons",TRUE,-4.08,12.24,64,"Urban - High Density",TRUE
4885,671,13,8,2023-10-31,TRUE,5,"Cucumber","All Seasons",NA,8.17,65.36,31,"Urban - Medium Density",TRUE
4886,598,25,10,2023-12-31,TRUE,4,"Broccoli","All Seasons",TRUE,3.11,31.1,44,"Rural",TRUE
4887,765,38,0,2023-09-24,TRUE,-2,"Apricot","Summer",TRUE,8.8,0,23,"Urban - High Density",TRUE
4888,1696,27,2,2023-07-02,TRUE,3,"Peach","Winter",TRUE,13.88,27.76,74,"Urban - High Density",TRUE
4889,1576,3,4,2023-06-06,TRUE,3,"Raspberry","Unknown",FALSE,10.26,41.04,27,"Urban - High Density",FALSE
4890,835,5,5,2023-07-19,TRUE,-2,"Apricot","Summer",FALSE,10.18,50.9,26,"Urban - High Density",TRUE
4891,497,46,2,2023-04-13,TRUE,2,"Chestnut","All Seasons",TRUE,-4.08,-8.16,21,"Urban - Medium Density",TRUE
4892,618,6,6,2023-05-04,TRUE,7,"Walnut","Summer",TRUE,-3.25,-19.5,56,"Urban - High Density",FALSE
4893,638,3,4,2023-02-20,TRUE,7,"Raspberry","Unknown",FALSE,10.26,41.04,47,"Urban - Medium Density",TRUE
4894,1286,37,4,2023-07-01,TRUE,4,"Radish","Unknown",TRUE,7.32,29.28,30,"Urban - High Density",TRUE
4895,587,47,7,2023-05-29,TRUE,50,"Mango","Summer",FALSE,2.32,16.24,72,"Urban - High Density",TRUE
4896,189,18,2,2023-05-20,TRUE,50,"Apple","All Seasons",TRUE,14.07,28.14,39,"Urban - High Density",FALSE
4897,848,24,10,2023-09-16,TRUE,4,"Asparagus","Winter",FALSE,2.01,20.1,75,"Urban - Medium Density",TRUE
4898,1207,35,7,2023-12-31,TRUE,1,"Hazelnut","All Seasons",TRUE,6.96,48.72,40,"",FALSE
4899,912,28,7,2023-07-29,FALSE,7,"Raspberry","Unknown",TRUE,14.97,104.79,49,"Unknown",TRUE
4900,254,49,6,2023-09-29,TRUE,50,"Cherry","Summer",NA,1.84,11.04,74,"Urban - Medium Density",FALSE
4901,251,20,6,2023-03-26,TRUE,4,"Corn","All Seasons",TRUE,12.25,73.5,21,"Rural",FALSE
4902,530,39,5,2023-10-28,TRUE,3,"Mango","All Seasons",TRUE,10.84,54.2,20,"Urban - High Density",FALSE
4903,50,40,6,2023-01-23,TRUE,1,"Orange","Winter",FALSE,3.87,23.22,47,"Urban - Medium Density",FALSE
4904,489,5,4,NA,TRUE,4,"Apricot","Summer",FALSE,10.18,40.72,65,"Rural",TRUE
4905,298,38,6,2023-03-14,TRUE,5,"Apricot","Summer",TRUE,8.8,52.8,31,"Urban - High Density",TRUE
4906,65,32,8,2023-10-30,TRUE,4,"Raspberry","All Seasons",TRUE,12.49,99.92,61,"Rural",TRUE
4907,1214,33,1,2023-07-09,TRUE,6,"Banana","All Seasons",TRUE,13.25,13.25,51,"Urban - High Density",TRUE
4908,13,48,0,2023-10-26,TRUE,6,"Blueberry","Winter",TRUE,0.78,0,57,"Urban - Medium Density",FALSE
4909,997,34,5,2023-05-16,TRUE,7,"Celery","Winter",TRUE,5.77,28.85,39,"Urban - High Density",TRUE
4910,207,28,6,2023-12-20,TRUE,4,"Raspberry","Unknown",TRUE,14.97,89.82,51,"Urban - High Density",TRUE
4911,980,39,4,2023-12-23,TRUE,5,"Mango","All Seasons",TRUE,10.84,43.36,38,"Urban - High Density",TRUE
4912,727,11,7,2023-06-02,TRUE,3,"Strawberry","Summer",TRUE,5.35,37.45,78,"Urban - Medium Density",FALSE
4913,1897,7,3,2023-08-20,TRUE,50,"Lettuce","Unknown",TRUE,8.68,26.04,49,"Urban - High Density",TRUE
4914,1734,3,2,2023-11-28,TRUE,2,"Raspberry","Unknown",FALSE,10.26,20.52,42,"Urban - High Density",FALSE
4915,1933,27,10,2023-09-10,TRUE,7,"Peach","Winter",TRUE,13.88,138.8,45,"Unknown",FALSE
4916,344,47,10,2023-11-12,TRUE,4,"Mango","Summer",FALSE,2.32,23.2,38,"Urban - High Density",FALSE
4917,498,21,8,2023-02-16,TRUE,1,"Sweet Potato","All Seasons",TRUE,12.3,98.4,32,"Urban - High Density",TRUE
4918,113,12,10,2023-09-15,TRUE,1,"Banana","All Seasons",TRUE,10.29,102.9,60,"Urban - High Density",TRUE
4919,352,25,5,2023-10-27,TRUE,6,"Broccoli","All Seasons",TRUE,3.11,15.55,65,"Urban - High Density",TRUE
4920,179,41,1,2023-11-11,TRUE,5,"Strawberry","Summer",TRUE,4.94,4.94,60,"Urban - High Density",FALSE
4921,1897,4,1,2023-07-01,TRUE,1,"Watermelon","Unknown",TRUE,12.08,12.08,49,"Urban - High Density",TRUE
4922,870,1,6,2023-01-27,TRUE,50,"Strawberry","Unknown",TRUE,4.42,26.52,49,"Urban - Medium Density",TRUE
4923,808,37,7,2023-09-14,TRUE,6,"Radish","Unknown",TRUE,7.32,51.24,64,"Urban - High Density",TRUE
4924,67,24,10,2023-07-31,TRUE,1,"Asparagus","Winter",FALSE,2.01,20.1,77,"",NA
4925,1772,40,1,2023-09-21,TRUE,-2,"Orange","Winter",FALSE,3.87,3.87,52,"Urban - High Density",FALSE
4926,1956,18,5,2023-11-05,TRUE,7,"Apple","All Seasons",TRUE,14.07,70.35,78,"Urban - High Density",FALSE
4927,944,15,6,2023-10-03,TRUE,5,"Cabbage","All Seasons",FALSE,3.34,20.04,36,"Urban - High Density",TRUE
4928,1029,7,9,2023-09-11,TRUE,3,"Lettuce","Unknown",TRUE,8.68,78.12,64,"Urban - High Density",TRUE
4929,158,25,8,2023-02-25,TRUE,5,"Broccoli","All Seasons",TRUE,3.11,24.88,46,"Urban - High Density",FALSE
4930,1444,39,0,2023-04-15,TRUE,-2,"Mango","All Seasons",TRUE,10.84,0,29,"Urban - Medium Density",TRUE
4931,1946,19,1,2023-06-09,TRUE,4,"Banana","Winter",TRUE,-0.17,-0.17,26,"Urban - Medium Density",TRUE
4932,1951,39,0,2023-03-25,TRUE,3,"Mango","All Seasons",TRUE,10.84,0,33,"Urban - High Density",FALSE
4933,765,31,8,2023-05-16,TRUE,4,"Chestnut","All Seasons",NA,0.13,1.04,23,"Urban - High Density",TRUE
4934,38,34,10,2023-01-31,TRUE,50,"Celery","Winter",TRUE,5.77,57.7,75,"Rural",FALSE
4935,606,35,3,2023-04-24,TRUE,2,"Hazelnut","All Seasons",TRUE,6.96,20.88,70,"Unknown",FALSE
4936,1865,10,6,2023-08-31,TRUE,5,"Blueberry","Summer",FALSE,4.44,26.64,74,"Urban - High Density",TRUE
4937,90,10,-3,2023-04-13,TRUE,1,"Blueberry","Summer",FALSE,4.44,-13.32,71,"Urban - High Density",TRUE
4938,338,24,3,2023-08-18,TRUE,-2,"Asparagus","Winter",FALSE,2.01,6.03,74,"Rural",FALSE
4939,1432,30,4,2023-11-17,TRUE,7,"Lychee","All Seasons",TRUE,1.21,4.84,24,"Urban - Medium Density",FALSE
4940,1294,8,2,2023-06-05,TRUE,2,"Garlic","Winter",TRUE,3.66,7.32,34,"Urban - High Density",FALSE
4941,1014,3,4,2023-09-18,TRUE,-2,"Raspberry","Unknown",FALSE,10.26,41.04,77,"Urban - High Density",TRUE
4942,1982,28,8,2023-07-31,TRUE,50,"Raspberry","Unknown",TRUE,14.97,119.76,51,"Urban - High Density",TRUE
4943,1101,22,5,2023-04-28,TRUE,3,"Green Bean","All Seasons",FALSE,-4.21,-21.05,75,"Rural",TRUE
4944,510,36,5,2023-01-07,TRUE,7,"Raspberry","Summer",TRUE,5.87,29.35,35,"Urban - Medium Density",FALSE
4945,331,32,1,2023-01-30,TRUE,5,"Raspberry","All Seasons",TRUE,12.49,12.49,62,"Urban - Medium Density",TRUE
4946,806,23,7,2023-11-21,TRUE,4,"Corn","Winter",FALSE,1.53,10.71,54,"Urban - High Density",FALSE
4947,539,38,10,2023-05-30,TRUE,50,"Apricot","Summer",TRUE,8.8,88,33,"Urban - High Density",TRUE
4948,341,11,5,2023-10-01,TRUE,1,"Strawberry","Summer",TRUE,5.35,26.75,76,"Urban - Medium Density",FALSE
4949,1848,27,1,2023-01-15,TRUE,5,"Peach","Winter",TRUE,13.88,13.88,41,"Urban - Medium Density",TRUE
4950,1296,27,-3,2023-05-24,TRUE,2,"Peach","Winter",TRUE,13.88,-41.64,59,"Urban - High Density",TRUE
4951,1046,14,10,2023-12-15,TRUE,2,"Fig","Summer",TRUE,3.67,36.7,49,"Urban - High Density",TRUE
4952,1060,23,-3,2023-01-10,TRUE,5,"Corn","Winter",FALSE,1.53,-4.59,46,"Urban - High Density",FALSE
4953,659,35,9,2023-12-10,TRUE,-2,"Hazelnut","All Seasons",TRUE,6.96,62.64,61,"Urban - Medium Density",FALSE
4954,201,43,5,2023-03-12,TRUE,1,"Pear","Unknown",TRUE,4.62,23.1,63,"Urban - High Density",FALSE
4955,531,35,-3,2023-03-24,TRUE,5,"Hazelnut","All Seasons",TRUE,6.96,-20.88,42,"Urban - Medium Density",TRUE
4956,1775,45,3,2023-08-27,TRUE,7,"Apricot","All Seasons",TRUE,7.43,22.29,34,"Urban - Medium Density",TRUE
4957,1953,12,3,2023-11-28,TRUE,3,"Banana","All Seasons",TRUE,10.29,30.87,33,"Urban - High Density",TRUE
4958,160,47,3,2023-02-13,TRUE,50,"Mango","Summer",FALSE,2.32,6.96,79,"Urban - High Density",FALSE
4959,1384,37,3,2023-04-17,TRUE,3,"Radish","Unknown",TRUE,7.32,21.96,20,"Urban - Medium Density",TRUE
4960,462,19,0,2023-02-08,TRUE,4,"Banana","Winter",TRUE,-0.17,0,60,"Urban - Medium Density",TRUE
4961,127,16,6,2023-04-13,TRUE,3,"Chestnut","Summer",TRUE,3.39,20.34,69,"Urban - Medium Density",FALSE
4962,567,39,9,2023-04-23,TRUE,1,"Mango","All Seasons",TRUE,10.84,97.56,23,"Rural",TRUE
4963,930,35,9,2023-04-10,TRUE,-2,"Hazelnut","All Seasons",TRUE,6.96,62.64,53,"Rural",TRUE
4964,977,25,10,2023-11-30,TRUE,1,"Broccoli","All Seasons",TRUE,3.11,31.1,56,"Urban - High Density",TRUE
4965,615,3,5,2023-03-14,TRUE,4,"Raspberry","Unknown",FALSE,10.26,51.3,69,"Urban - Medium Density",TRUE
4966,790,1,10,2023-01-10,TRUE,1,"Strawberry","Unknown",TRUE,4.42,44.2,77,"Unknown",TRUE
4967,859,4,0,2023-10-29,TRUE,3,"Watermelon","Unknown",TRUE,12.08,0,38,"Urban - Medium Density",FALSE
4968,1452,21,1,2023-06-09,TRUE,3,"Sweet Potato","All Seasons",TRUE,12.3,12.3,72,"Urban - High Density",FALSE
4969,1713,17,7,2023-07-26,TRUE,1,"Pea","All Seasons",TRUE,-2.07,-14.49,35,"Urban - Medium Density",TRUE
4970,183,24,3,2023-06-23,TRUE,6,"Asparagus","Winter",FALSE,2.01,6.03,78,"Urban - High Density",FALSE
4971,699,35,6,2023-07-15,TRUE,4,"Hazelnut","All Seasons",TRUE,6.96,41.76,39,"Urban - High Density",FALSE
4972,1186,33,0,2023-04-09,TRUE,50,"Banana","All Seasons",TRUE,13.25,0,31,"Urban - High Density",FALSE
4973,1741,8,1,2023-09-08,TRUE,-2,"Garlic","Winter",TRUE,3.66,3.66,32,"Urban - Medium Density",FALSE
4974,1292,26,8,2023-12-11,TRUE,1,"Mango","Summer",TRUE,-1.79,-14.32,79,"Urban - High Density",TRUE
4975,1541,28,8,2023-12-21,TRUE,2,"Raspberry","Unknown",TRUE,14.97,119.76,35,"Urban - High Density",TRUE
4976,797,6,4,2023-11-14,TRUE,5,"Walnut","Summer",TRUE,-3.25,-13,37,"Urban - High Density",FALSE
4977,1038,41,6,2023-01-08,TRUE,2,"Strawberry","Summer",TRUE,4.94,29.64,57,"Unknown",TRUE
4978,1433,33,4,2023-02-06,TRUE,50,"Banana","All Seasons",TRUE,13.25,53,24,"Urban - Medium Density",FALSE
4979,465,16,3,2023-08-23,TRUE,5,"Chestnut","Summer",TRUE,3.39,10.17,50,"Rural",FALSE
4980,504,9,-3,2023-05-11,TRUE,6,"Onion","Unknown",TRUE,5.01,-15.03,61,"Urban - High Density",TRUE
4981,1057,24,6,2023-07-24,TRUE,1,"Asparagus","Winter",FALSE,2.01,12.06,28,"Urban - High Density",FALSE
4982,152,38,9,2023-10-02,TRUE,-2,"Apricot","Summer",TRUE,8.8,79.2,42,"Urban - High Density",TRUE
4983,1622,34,0,2023-06-06,TRUE,50,"Celery","Winter",TRUE,5.77,0,44,"Urban - High Density",TRUE
4984,1641,40,8,2023-11-23,TRUE,4,"Orange","Winter",FALSE,3.87,30.96,50,"Urban - Medium Density",FALSE
4985,1192,29,5,2023-04-13,TRUE,50,"Orange","Summer",FALSE,9.07,45.35,19,"Urban - High Density",TRUE
4986,1617,35,-3,2023-12-16,TRUE,6,"Hazelnut","All Seasons",TRUE,6.96,-20.88,22,"Urban - High Density",FALSE
4987,483,34,8,2023-02-11,TRUE,1,"Celery","Winter",TRUE,5.77,46.16,36,"Urban - High Density",TRUE
4988,1506,47,4,2023-08-18,TRUE,50,"Mango","Summer",FALSE,2.32,9.28,36,"Rural",TRUE
4989,1012,47,0,2023-11-04,TRUE,50,"Mango","Summer",FALSE,2.32,0,26,"Urban - High Density",TRUE
4990,1800,10,0,2023-10-16,TRUE,3,"Blueberry","Summer",FALSE,4.44,0,45,"Unknown",NA
4991,1780,26,6,2023-12-25,TRUE,1,"Mango","Summer",TRUE,-1.79,-10.74,51,"Urban - High Density",FALSE
4992,1982,11,6,2023-10-16,TRUE,5,"Strawberry","Summer",TRUE,5.35,32.1,51,"Urban - High Density",TRUE
4993,552,1,3,2023-11-30,TRUE,-2,"Strawberry","Unknown",TRUE,4.42,13.26,26,"Urban - High Density",FALSE
4994,1166,30,4,2023-02-16,FALSE,5,"Lychee","All Seasons",TRUE,1.21,4.84,75,"Urban - High Density",TRUE
4995,1082,32,7,2023-11-22,TRUE,5,"Raspberry","All Seasons",TRUE,12.49,87.43,71,"Urban - Medium Density",TRUE
4996,1577,20,7,2023-11-30,FALSE,-2,"Corn","All Seasons",TRUE,12.25,85.75,69,"Urban - Medium Density",TRUE
4997,1703,4,9,2023-01-17,TRUE,4,"Watermelon","Unknown",TRUE,12.08,108.72,47,"Urban - High Density",FALSE
4998,1683,5,5,2023-12-28,FALSE,50,"Apricot","Summer",FALSE,10.18,50.9,34,"Urban - High Density",FALSE
4999,109,23,3,2023-10-30,TRUE,1,"Corn","Winter",FALSE,1.53,4.59,61,"Urban - High Density",FALSE
5000,187,4,5,2023-05-05,FALSE,7,"Watermelon","Unknown",TRUE,12.08,60.4,120,"Urban - Medium Density",FALSE
5001,594,28,9,2023-01-30,TRUE,2,"Raspberry","Unknown",TRUE,14.97,134.73,51,"Rural",FALSE
5002,412,18,9,2023-06-28,TRUE,6,"Apple","All Seasons",TRUE,14.07,126.63,64,"Urban - Medium Density",TRUE
5003,117,45,8,2023-12-17,TRUE,5,"Apricot","All Seasons",TRUE,7.43,59.44,55,"Urban - High Density",FALSE
5004,1397,27,3,2023-12-18,TRUE,7,"Peach","Winter",TRUE,13.88,41.64,37,"Urban - High Density",TRUE
5005,1936,15,0,2023-03-23,TRUE,5,"Cabbage","All Seasons",FALSE,3.34,0,77,"Urban - High Density",TRUE
5006,1300,46,7,2023-12-07,TRUE,5,"Chestnut","All Seasons",TRUE,-4.08,-28.56,36,"Urban - High Density",TRUE
5007,37,44,0,2023-04-09,TRUE,2,"Apple","Summer",TRUE,9.24,0,62,"Urban - High Density",TRUE
5008,1056,39,2,2023-09-27,TRUE,7,"Mango","All Seasons",TRUE,10.84,21.68,57,"Urban - High Density",FALSE
5009,318,38,6,2023-10-12,TRUE,5,"Apricot","Summer",TRUE,8.8,52.8,120,"Urban - High Density",TRUE
5010,1254,41,9,2023-10-16,TRUE,6,"Strawberry","Summer",TRUE,4.94,44.46,34,"Urban - Medium Density",FALSE
5011,398,38,10,2023-04-07,TRUE,7,"Apricot","Summer",TRUE,8.8,88,120,"Rural",TRUE
5012,836,16,2,2023-01-30,TRUE,3,"Chestnut","Summer",TRUE,3.39,6.78,42,"Urban - High Density",TRUE
5013,1056,39,8,2023-03-08,TRUE,1,"Mango","All Seasons",TRUE,10.84,86.72,57,"Urban - High Density",FALSE
5014,423,22,10,2023-09-09,TRUE,2,"Green Bean","All Seasons",FALSE,-4.21,-42.1,21,"",TRUE
5015,108,12,9,2023-01-16,TRUE,1,"Banana","All Seasons",TRUE,10.29,92.61,61,"Rural",TRUE
5016,220,4,0,2023-10-23,TRUE,2,"Watermelon","Unknown",TRUE,12.08,0,62,"Rural",TRUE
5017,24,29,6,2023-02-13,TRUE,3,"Orange","Summer",FALSE,9.07,54.42,75,"Rural",TRUE
5018,1,27,0,2023-10-24,TRUE,4,"Peach","Winter",TRUE,13.88,0,46,"Rural",FALSE
5019,1866,21,10,2023-04-30,NA,2,"Sweet Potato","All Seasons",TRUE,12.3,123,36,"Urban - Medium Density",TRUE
5020,1092,1,7,2023-04-24,TRUE,4,"Strawberry","Unknown",TRUE,4.42,30.94,43,"Urban - Medium Density",TRUE
5021,1696,12,-3,2023-03-24,TRUE,4,"Banana","All Seasons",TRUE,10.29,-30.87,74,"Urban - High Density",TRUE
5022,1302,4,7,2023-01-09,TRUE,5,"Watermelon","Unknown",TRUE,12.08,84.56,19,"Urban - High Density",TRUE
5023,1552,12,4,2023-01-16,TRUE,4,"Banana","All Seasons",TRUE,10.29,41.16,46,"Rural",FALSE
5024,359,40,-3,2023-10-04,TRUE,5,"Orange","Winter",FALSE,3.87,-11.61,73,"Urban - Medium Density",FALSE
5025,1192,18,1,2023-06-27,TRUE,50,"Apple","All Seasons",TRUE,14.07,14.07,19,"Urban - High Density",TRUE
5026,972,48,0,2023-10-04,TRUE,5,"Blueberry","Winter",TRUE,0.78,0,23,"Urban - Medium Density",TRUE
5027,1496,4,3,2023-08-12,TRUE,5,"Watermelon","Unknown",TRUE,12.08,36.24,35,"Urban - High Density",TRUE
5028,478,43,1,2023-05-14,TRUE,50,"Pear","Unknown",TRUE,4.62,4.62,62,"Urban - Medium Density",FALSE
5029,940,45,0,2023-02-17,TRUE,1,"Apricot","All Seasons",TRUE,7.43,0,67,"Urban - Medium Density",FALSE
5030,1346,21,10,2023-01-09,FALSE,5,"Sweet Potato","All Seasons",TRUE,12.3,123,42,"Urban - High Density",TRUE
5031,609,5,10,2023-05-15,TRUE,50,"Apricot","Summer",FALSE,10.18,101.8,59,"Urban - High Density",FALSE
5032,451,6,4,2023-03-15,TRUE,-2,"Walnut","Summer",TRUE,-3.25,-13,51,"Urban - Medium Density",FALSE
5033,944,33,4,2023-06-27,TRUE,50,"Banana","All Seasons",TRUE,13.25,53,36,"Urban - High Density",TRUE
5034,460,47,8,2023-10-16,TRUE,1,"Mango","Summer",FALSE,2.32,18.56,75,"Urban - High Density",TRUE
5035,1619,27,8,2023-10-16,TRUE,-2,"Peach","Winter",TRUE,13.88,111.04,26,"Urban - Medium Density",TRUE
5036,616,33,0,2023-02-23,TRUE,6,"Banana","All Seasons",TRUE,13.25,0,25,"Rural",TRUE
5037,1842,9,8,2023-05-23,TRUE,6,"Onion","Unknown",TRUE,5.01,40.08,54,"Urban - High Density",TRUE
5038,1000,17,10,2023-08-20,TRUE,7,"Pea","All Seasons",TRUE,-2.07,-20.7,27,"Urban - Medium Density",FALSE
5039,437,36,10,2023-07-20,TRUE,-2,"Raspberry","Summer",TRUE,5.87,58.7,56,"Urban - High Density",NA
5040,1085,16,7,2023-06-25,TRUE,7,"Chestnut","Summer",TRUE,3.39,23.73,38,"Urban - High Density",TRUE
5041,1926,47,4,2023-07-13,TRUE,2,"Mango","Summer",FALSE,2.32,9.28,22,"Urban - High Density",TRUE
5042,1756,41,4,2023-08-26,TRUE,4,"Strawberry","Summer",TRUE,4.94,19.76,73,"Urban - Medium Density",TRUE
5043,22,42,1,2023-08-07,TRUE,50,"Pomegranate","Winter",TRUE,10.95,10.95,38,"Urban - High Density",FALSE
5044,1272,31,6,2023-02-02,TRUE,3,"Chestnut","All Seasons",NA,0.13,0.78,24,"Urban - High Density",TRUE
5045,6,49,10,2023-04-10,TRUE,3,"Cherry","Summer",NA,1.84,18.4,58,"Urban - High Density",TRUE
5046,617,36,9,2023-10-21,TRUE,-2,"Raspberry","Summer",TRUE,5.87,52.83,57,"Urban - High Density",TRUE
5047,382,12,0,2023-06-22,TRUE,-2,"Banana","All Seasons",TRUE,10.29,0,51,"Rural",TRUE
5048,1962,37,9,2023-11-11,TRUE,7,"Radish","Unknown",TRUE,7.32,65.88,47,"Urban - High Density",FALSE
5049,649,11,9,2023-03-31,TRUE,1,"Strawberry","Summer",TRUE,5.35,48.15,74,"Urban - High Density",FALSE
5050,1846,5,8,2023-10-26,TRUE,2,"Apricot","Summer",FALSE,10.18,81.44,58,"Rural",FALSE
5051,1965,42,5,2023-07-05,TRUE,7,"Pomegranate","Winter",TRUE,10.95,54.75,26,"Urban - High Density",TRUE
5052,1021,33,5,2023-09-12,FALSE,6,"Banana","All Seasons",TRUE,13.25,66.25,59,"Urban - Medium Density",NA
5053,1594,40,6,2023-09-07,TRUE,6,"Orange","Winter",FALSE,3.87,23.22,58,"Rural",TRUE
5054,85,34,2,2023-04-13,TRUE,1,"Celery","Winter",TRUE,5.77,11.54,51,"Urban - High Density",TRUE
5055,1960,35,0,2023-02-23,TRUE,1,"Hazelnut","All Seasons",TRUE,6.96,0,19,"Urban - High Density",FALSE
5056,1669,21,9,2023-12-08,TRUE,50,"Sweet Potato","All Seasons",TRUE,12.3,110.7,22,"Urban - High Density",FALSE
5057,1972,48,9,2023-01-25,TRUE,3,"Blueberry","Winter",TRUE,0.78,7.02,70,"Rural",FALSE
5058,763,5,1,2023-01-27,TRUE,6,"Apricot","Summer",FALSE,10.18,10.18,75,"Urban - High Density",FALSE
5059,1770,33,3,2023-09-07,TRUE,7,"Banana","All Seasons",TRUE,13.25,39.75,19,"Urban - High Density",TRUE
5060,1530,24,1,2023-10-01,TRUE,6,"Asparagus","Winter",FALSE,2.01,2.01,66,"Urban - High Density",TRUE
5061,1521,28,6,2023-10-24,TRUE,4,"Raspberry","Unknown",TRUE,14.97,89.82,33,"Urban - High Density",FALSE
5062,1742,41,6,2023-02-04,TRUE,50,"Strawberry","Summer",TRUE,4.94,29.64,58,"Urban - High Density",TRUE
5063,1803,16,8,2023-02-24,TRUE,1,"Chestnut","Summer",TRUE,3.39,27.12,74,"Urban - High Density",FALSE
5064,328,43,10,2023-05-28,FALSE,6,"Pear","Unknown",TRUE,4.62,46.2,47,"Urban - Medium Density",TRUE
5065,997,11,8,2023-08-21,TRUE,7,"Strawberry","Summer",TRUE,5.35,42.8,39,"Urban - High Density",TRUE
5066,1245,20,7,2023-01-11,TRUE,-2,"Corn","All Seasons",TRUE,12.25,85.75,25,"Urban - High Density",FALSE
5067,1363,39,6,2023-06-14,TRUE,7,"Mango","All Seasons",TRUE,10.84,65.04,58,"Urban - Medium Density",TRUE
5068,616,28,-3,2023-11-30,TRUE,2,"Raspberry","Unknown",TRUE,14.97,-44.91,25,"Rural",TRUE
5069,173,32,-3,2023-12-26,TRUE,5,"Raspberry","All Seasons",TRUE,12.49,-37.47,57,"Urban - High Density",FALSE
5070,1019,42,1,2023-05-16,TRUE,3,"Pomegranate","Winter",TRUE,10.95,10.95,67,"Rural",TRUE
5071,1670,16,6,2023-12-16,TRUE,6,"Chestnut","Summer",TRUE,3.39,20.34,32,"Urban - High Density",TRUE
5072,799,44,-3,2023-08-13,TRUE,3,"Apple","Summer",TRUE,9.24,-27.72,66,"Urban - High Density",TRUE
5073,498,45,8,2023-01-02,TRUE,4,"Apricot","All Seasons",TRUE,7.43,59.44,32,"Urban - High Density",TRUE
5074,516,26,0,2023-03-11,TRUE,1,"Mango","Summer",TRUE,-1.79,0,33,"Urban - High Density",TRUE
5075,1003,7,10,2023-05-18,TRUE,4,"Lettuce","Unknown",TRUE,8.68,86.8,20,"",TRUE
5076,1715,8,1,2023-07-12,TRUE,5,"Garlic","Winter",TRUE,3.66,3.66,53,"Urban - Medium Density",FALSE
5077,1082,50,8,2023-10-23,TRUE,5,"Sweet Potato","Unknown",FALSE,1.01,8.08,71,"Urban - Medium Density",TRUE
5078,1517,32,8,2023-10-13,TRUE,50,"Raspberry","All Seasons",TRUE,12.49,99.92,34,"Urban - High Density",TRUE
5079,1005,37,-3,2023-06-03,TRUE,6,"Radish","Unknown",TRUE,7.32,-21.96,35,"Urban - Medium Density",TRUE
5080,1149,2,1,2023-01-05,TRUE,5,"Grape","Unknown",TRUE,10.56,10.56,51,"Urban - Medium Density",TRUE
5081,48,23,1,2023-06-14,TRUE,-2,"Corn","Winter",FALSE,1.53,1.53,67,"Urban - Medium Density",NA
5082,120,10,0,2023-08-06,TRUE,50,"Blueberry","Summer",FALSE,4.44,0,24,"Unknown",TRUE
5083,1019,16,-3,2023-12-10,TRUE,4,"Chestnut","Summer",TRUE,3.39,-10.17,67,"Rural",TRUE
5084,1755,7,4,2023-08-23,TRUE,-2,"Lettuce","Unknown",TRUE,8.68,34.72,26,"Urban - High Density",TRUE
5085,1462,37,7,2023-11-13,TRUE,7,"Radish","Unknown",TRUE,7.32,51.24,48,"Urban - High Density",TRUE
5086,1823,33,5,2023-01-26,TRUE,1,"Banana","All Seasons",TRUE,13.25,66.25,5,"Urban - High Density",TRUE
5087,83,27,3,2023-12-02,TRUE,1,"Peach","Winter",TRUE,13.88,41.64,36,"Urban - High Density",TRUE
5088,1652,10,2,2023-01-14,TRUE,4,"Blueberry","Summer",FALSE,4.44,8.88,62,"Urban - High Density",FALSE
5089,1275,16,10,2023-06-29,TRUE,5,"Chestnut","Summer",TRUE,3.39,33.9,62,"Rural",FALSE
5090,679,11,10,2023-11-20,TRUE,5,"Strawberry","Summer",TRUE,5.35,53.5,78,"Unknown",FALSE
5091,358,19,6,2023-01-26,TRUE,50,"Banana","Winter",TRUE,-0.17,-1.02,55,"Urban - High Density",TRUE
5092,1239,49,10,2023-08-03,TRUE,3,"Cherry","Summer",NA,1.84,18.4,48,"Urban - Medium Density",FALSE
5093,1060,36,5,2023-12-22,TRUE,50,"Raspberry","Summer",TRUE,5.87,29.35,46,"Urban - High Density",FALSE
5094,1983,39,4,2023-02-27,TRUE,6,"Mango","All Seasons",TRUE,10.84,43.36,74,"Urban - High Density",TRUE
5095,1121,17,2,2023-12-01,FALSE,6,"Pea","All Seasons",TRUE,-2.07,-4.14,25,"Urban - High Density",TRUE
5096,1548,21,3,2023-11-06,TRUE,3,"Sweet Potato","All Seasons",TRUE,12.3,36.9,52,"Rural",TRUE
5097,1340,32,0,2023-04-25,TRUE,1,"Raspberry","All Seasons",TRUE,12.49,0,65,"Urban - Medium Density",FALSE
5098,1674,19,10,2023-08-20,TRUE,1,"Banana","Winter",TRUE,-0.17,-1.7,30,"Urban - Medium Density",FALSE
5099,429,3,0,2023-07-26,TRUE,-2,"Raspberry","Unknown",FALSE,10.26,0,5,"Rural",FALSE
5100,154,24,7,2023-05-08,TRUE,7,"Asparagus","Winter",FALSE,2.01,14.07,75,"Urban - High Density",TRUE
5101,1387,40,4,2023-04-28,TRUE,6,"Orange","Winter",FALSE,3.87,15.48,26,"Urban - High Density",TRUE
5102,1960,45,6,2023-09-04,TRUE,5,"Apricot","All Seasons",TRUE,7.43,44.58,19,"Urban - High Density",FALSE
5103,550,27,7,2023-03-12,NA,4,"Peach","Winter",TRUE,13.88,97.16,55,"Rural",FALSE
5104,1536,37,2,2023-02-12,TRUE,50,"Radish","Unknown",TRUE,7.32,14.64,61,"Urban - Medium Density",TRUE
5105,4,18,1,2023-10-29,TRUE,1,"Apple","All Seasons",TRUE,14.07,14.07,57,"Urban - Medium Density",TRUE
5106,807,20,-3,2023-01-21,TRUE,7,"Corn","All Seasons",TRUE,12.25,-36.75,30,"Urban - Medium Density",FALSE
5107,765,8,6,2023-11-14,FALSE,3,"Garlic","Winter",TRUE,3.66,21.96,23,"Urban - High Density",TRUE
5108,563,38,10,2023-09-06,TRUE,4,"Apricot","Summer",TRUE,8.8,88,40,"Urban - High Density",TRUE
5109,115,39,0,2023-12-27,NA,4,"Mango","All Seasons",TRUE,10.84,0,31,"Urban - High Density",TRUE
5110,1116,30,4,2023-06-28,TRUE,-2,"Lychee","All Seasons",TRUE,1.21,4.84,31,"Urban - Medium Density",FALSE
5111,919,8,1,2023-03-02,TRUE,50,"Garlic","Winter",TRUE,3.66,3.66,48,"Urban - Medium Density",TRUE
5112,1769,16,9,2023-10-03,TRUE,5,"Chestnut","Summer",TRUE,3.39,30.51,62,"Urban - High Density",FALSE
5113,799,19,2,2023-01-29,TRUE,5,"Banana","Winter",TRUE,-0.17,-0.34,66,"Urban - High Density",TRUE
5114,846,8,9,2023-05-06,TRUE,2,"Garlic","Winter",TRUE,3.66,32.94,43,"Rural",FALSE
5115,1525,5,2,2023-10-04,TRUE,3,"Apricot","Summer",FALSE,10.18,20.36,61,"Urban - High Density",FALSE
5116,338,39,10,2023-09-23,TRUE,5,"Mango","All Seasons",TRUE,10.84,108.4,74,"Rural",FALSE
5117,30,34,10,2023-02-10,TRUE,4,"Celery","Winter",TRUE,5.77,57.7,49,"Urban - High Density",FALSE
5118,1861,26,0,2023-12-09,TRUE,3,"Mango","Summer",TRUE,-1.79,0,48,"Rural",FALSE
5119,1310,10,6,2023-11-16,TRUE,5,"Blueberry","Summer",FALSE,4.44,26.64,120,"Urban - High Density",TRUE
5120,402,49,9,2023-09-20,FALSE,5,"Cherry","Summer",NA,1.84,16.56,35,"Urban - Medium Density",TRUE
5121,41,4,4,2023-11-23,FALSE,1,"Watermelon","Unknown",TRUE,12.08,48.32,54,"Urban - High Density",TRUE
5122,578,9,2,2023-05-03,TRUE,-2,"Onion","Unknown",TRUE,5.01,10.02,79,"Urban - High Density",FALSE
5123,501,10,4,2023-05-03,TRUE,7,"Blueberry","Summer",FALSE,4.44,17.76,70,"Urban - High Density",TRUE
5124,2,35,8,2023-08-25,TRUE,7,"Hazelnut","All Seasons",TRUE,6.96,55.68,66,"Urban - Medium Density",TRUE
5125,397,10,9,2023-10-09,TRUE,2,"Blueberry","Summer",FALSE,4.44,39.96,55,"Rural",TRUE
5126,1957,45,7,2023-03-21,TRUE,6,"Apricot","All Seasons",TRUE,7.43,52.01,56,"Rural",FALSE
5127,1082,34,7,2023-12-18,TRUE,3,"Celery","Winter",TRUE,5.77,40.39,71,"Urban - Medium Density",TRUE
5128,1248,5,8,2023-02-21,TRUE,4,"Apricot","Summer",FALSE,10.18,81.44,39,"Urban - Medium Density",FALSE
5129,333,5,3,2023-03-11,TRUE,-2,"Apricot","Summer",FALSE,10.18,30.54,120,"Urban - High Density",TRUE
5130,415,37,8,2023-12-18,FALSE,6,"Radish","Unknown",TRUE,7.32,58.56,21,"Urban - High Density",FALSE
5131,1987,43,10,2023-01-29,TRUE,7,"Pear","Unknown",TRUE,4.62,46.2,69,"",FALSE
5132,1501,31,5,2023-07-13,TRUE,7,"Chestnut","All Seasons",NA,0.13,0.65,53,"Urban - High Density",TRUE
5133,243,14,6,2023-03-18,TRUE,3,"Fig","Summer",TRUE,3.67,22.02,43,"Urban - High Density",FALSE
5134,76,36,4,2023-06-05,TRUE,2,"Raspberry","Summer",TRUE,5.87,23.48,22,"Urban - High Density",TRUE
5135,1819,34,8,2023-05-10,TRUE,3,"Celery","Winter",TRUE,5.77,46.16,36,"Rural",FALSE
5136,1630,11,1,2023-10-27,TRUE,3,"Strawberry","Summer",TRUE,5.35,5.35,42,"Urban - Medium Density",FALSE
5137,1682,25,2,2023-01-23,TRUE,3,"Broccoli","All Seasons",TRUE,3.11,6.22,42,"Urban - High Density",TRUE
5138,1561,33,3,2023-09-13,TRUE,5,"Banana","All Seasons",TRUE,13.25,39.75,38,"Rural",TRUE
5139,530,23,3,2023-07-12,TRUE,50,"Corn","Winter",FALSE,1.53,4.59,20,"Urban - High Density",FALSE
5140,1740,41,5,2023-04-11,FALSE,3,"Strawberry","Summer",TRUE,4.94,24.7,80,"Urban - Medium Density",TRUE
5141,1797,38,-3,2023-12-13,TRUE,6,"Apricot","Summer",TRUE,8.8,-26.4,28,"Urban - Medium Density",TRUE
5142,948,7,2,2023-07-21,TRUE,-2,"Lettuce","Unknown",TRUE,8.68,17.36,49,"Rural",TRUE
5143,442,11,5,2023-02-15,TRUE,6,"Strawberry","Summer",TRUE,5.35,26.75,33,"Urban - Medium Density",FALSE
5144,78,39,0,2023-09-03,TRUE,3,"Mango","All Seasons",TRUE,10.84,0,57,"Urban - Medium Density",TRUE
5145,1371,32,4,2023-03-12,TRUE,50,"Raspberry","All Seasons",TRUE,12.49,49.96,30,"Urban - High Density",FALSE
5146,229,18,3,2023-08-08,TRUE,7,"Apple","All Seasons",TRUE,14.07,42.21,23,"Urban - High Density",TRUE
5147,514,28,10,2023-01-11,TRUE,1,"Raspberry","Unknown",TRUE,14.97,149.7,46,"Urban - High Density",FALSE
5148,1019,35,10,2023-08-29,TRUE,3,"Hazelnut","All Seasons",TRUE,6.96,69.6,67,"Rural",TRUE
5149,1693,28,3,2023-06-09,TRUE,1,"Raspberry","Unknown",TRUE,14.97,44.91,52,"Urban - High Density",TRUE
5150,238,2,9,2023-04-18,TRUE,1,"Grape","Unknown",TRUE,10.56,95.04,37,"Urban - Medium Density",NA
5151,265,47,10,2023-11-05,TRUE,6,"Mango","Summer",FALSE,2.32,23.2,68,"Urban - High Density",FALSE
5152,442,24,9,2023-05-21,TRUE,2,"Asparagus","Winter",FALSE,2.01,18.09,33,"Urban - Medium Density",FALSE
5153,1411,35,5,2023-05-09,TRUE,6,"Hazelnut","All Seasons",TRUE,6.96,34.8,74,"Urban - High Density",TRUE
5154,1854,1,3,2023-11-19,TRUE,7,"Strawberry","Unknown",TRUE,4.42,13.26,20,"Urban - Medium Density",TRUE
5155,623,10,8,2023-12-17,TRUE,50,"Blueberry","Summer",FALSE,4.44,35.52,50,"Urban - Medium Density",TRUE
5156,1094,27,9,2023-07-20,TRUE,6,"Peach","Winter",TRUE,13.88,124.92,66,"Urban - Medium Density",TRUE
5157,913,30,2,2023-12-18,TRUE,4,"Lychee","All Seasons",TRUE,1.21,2.42,79,"Rural",FALSE
5158,1500,45,7,2023-10-19,TRUE,5,"Apricot","All Seasons",TRUE,7.43,52.01,26,"Urban - Medium Density",FALSE
5159,1198,19,5,2023-06-29,TRUE,3,"Banana","Winter",TRUE,-0.17,-0.85,33,"Urban - High Density",FALSE
5160,240,4,4,2023-05-10,TRUE,2,"Watermelon","Unknown",TRUE,12.08,48.32,51,"Urban - High Density",FALSE
5161,533,18,8,NA,TRUE,50,"Apple","All Seasons",TRUE,14.07,112.56,18,"Rural",NA
5162,1420,4,7,2023-07-03,TRUE,-2,"Watermelon","Unknown",TRUE,12.08,84.56,72,"Urban - Medium Density",TRUE
5163,1713,23,2,2023-04-16,TRUE,2,"Corn","Winter",FALSE,1.53,3.06,35,"Urban - Medium Density",TRUE
5164,55,12,4,2023-10-21,TRUE,7,"Banana","All Seasons",TRUE,10.29,41.16,27,"Urban - High Density",TRUE
5165,1440,10,0,2023-01-31,TRUE,3,"Blueberry","Summer",FALSE,4.44,0,43,"Urban - High Density",TRUE
5166,167,12,9,2023-01-06,TRUE,2,"Banana","All Seasons",TRUE,10.29,92.61,20,"Urban - High Density",TRUE
5167,1015,28,0,2023-04-17,TRUE,2,"Raspberry","Unknown",TRUE,14.97,0,29,"Rural",TRUE
5168,1234,40,8,2023-04-19,TRUE,5,"Orange","Winter",FALSE,3.87,30.96,63,"Urban - High Density",FALSE
5169,297,5,6,2024-01-01,TRUE,-2,"Apricot","Summer",FALSE,10.18,61.08,62,"Urban - High Density",TRUE
5170,776,34,10,2023-11-20,TRUE,-2,"Celery","Winter",TRUE,5.77,57.7,61,"Rural",TRUE
5171,274,7,-3,2023-06-11,TRUE,1,"Lettuce","Unknown",TRUE,8.68,-26.04,71,"Urban - High Density",FALSE
5172,1562,40,8,2023-05-12,FALSE,-2,"Orange","Winter",FALSE,3.87,30.96,35,"Urban - Medium Density",TRUE
5173,1947,11,4,2023-04-23,TRUE,5,"Strawberry","Summer",TRUE,5.35,21.4,27,"Urban - Medium Density",FALSE
5174,1205,20,9,2023-10-13,TRUE,-2,"Corn","All Seasons",TRUE,12.25,110.25,32,"Urban - High Density",FALSE
5175,511,35,-3,2023-11-22,TRUE,6,"Hazelnut","All Seasons",TRUE,6.96,-20.88,57,"Urban - High Density",TRUE
5176,634,17,3,2023-03-26,TRUE,6,"Pea","All Seasons",TRUE,-2.07,-6.21,56,"Urban - High Density",TRUE
5177,630,34,1,2023-07-02,TRUE,-2,"Celery","Winter",TRUE,5.77,5.77,49,"Urban - Medium Density",FALSE
5178,365,32,6,2023-05-13,TRUE,3,"Raspberry","All Seasons",TRUE,12.49,74.94,71,"Urban - High Density",TRUE
5179,690,6,4,2023-12-19,TRUE,5,"Walnut","Summer",TRUE,-3.25,-13,60,"Rural",TRUE
5180,602,30,8,2023-08-04,TRUE,-2,"Lychee","All Seasons",TRUE,1.21,9.68,44,"Urban - High Density",FALSE
5181,853,43,8,2023-01-13,TRUE,4,"Pear","Unknown",TRUE,4.62,36.96,34,"Urban - High Density",TRUE
5182,654,16,-3,2023-05-09,TRUE,6,"Chestnut","Summer",TRUE,3.39,-10.17,59,"Urban - Medium Density",TRUE
5183,1190,50,10,2023-03-28,FALSE,5,"Sweet Potato","Unknown",FALSE,1.01,10.1,33,"Urban - Medium Density",TRUE
5184,1890,21,2,2023-06-28,TRUE,5,"Sweet Potato","All Seasons",TRUE,12.3,24.6,50,"Rural",TRUE
5185,246,22,1,2023-02-21,TRUE,-2,"Green Bean","All Seasons",FALSE,-4.21,-4.21,68,"Urban - High Density",FALSE
5186,1077,30,6,2023-10-18,TRUE,50,"Lychee","All Seasons",TRUE,1.21,7.26,59,"Urban - High Density",TRUE
5187,207,24,8,2023-02-07,TRUE,1,"Asparagus","Winter",FALSE,2.01,16.08,51,"Urban - High Density",TRUE
5188,1366,6,5,2023-08-29,TRUE,4,"Walnut","Summer",TRUE,-3.25,-16.25,50,"Urban - High Density",FALSE
5189,517,34,5,2023-07-05,TRUE,3,"Celery","Winter",TRUE,5.77,28.85,59,"Urban - High Density",FALSE
5190,933,9,6,2023-12-19,TRUE,2,"Onion","Unknown",TRUE,5.01,30.06,64,"Urban - High Density",TRUE
5191,226,2,8,2023-11-23,TRUE,6,"Grape","Unknown",TRUE,10.56,84.48,35,"Urban - Medium Density",TRUE
5192,65,15,8,2023-02-26,TRUE,-2,"Cabbage","All Seasons",FALSE,3.34,26.72,61,"Rural",TRUE
5193,648,2,3,2023-06-27,TRUE,6,"Grape","Unknown",TRUE,10.56,31.68,61,"Urban - Medium Density",TRUE
5194,1668,27,4,2023-12-21,TRUE,5,"Peach","Winter",TRUE,13.88,55.52,49,"Urban - Medium Density",FALSE
5195,1493,41,7,2023-01-29,TRUE,5,"Strawberry","Summer",TRUE,4.94,34.58,73,"Urban - Medium Density",FALSE
5196,304,12,4,2023-11-04,TRUE,1,"Banana","All Seasons",TRUE,10.29,41.16,77,"Urban - Medium Density",FALSE
5197,583,27,10,2023-12-16,TRUE,4,"Peach","Winter",TRUE,13.88,138.8,32,"Urban - High Density",TRUE
5198,1664,43,3,2023-11-01,TRUE,7,"Pear","Unknown",TRUE,4.62,13.86,71,"Urban - High Density",TRUE
5199,81,10,5,2023-02-09,FALSE,2,"Blueberry","Summer",FALSE,4.44,22.2,39,"Urban - High Density",FALSE
5200,1893,25,1,2023-04-05,TRUE,4,"Broccoli","All Seasons",TRUE,3.11,3.11,32,"Urban - High Density",FALSE
5201,1569,7,7,2023-12-29,TRUE,50,"Lettuce","Unknown",TRUE,8.68,60.76,58,"Urban - Medium Density",TRUE
5202,1208,39,1,2023-04-21,TRUE,5,"Mango","All Seasons",TRUE,10.84,10.84,70,"Unknown",TRUE
5203,1623,21,10,2023-12-03,TRUE,4,"Sweet Potato","All Seasons",TRUE,12.3,123,52,"Urban - Medium Density",FALSE
5204,1873,4,7,2023-05-18,TRUE,6,"Watermelon","Unknown",TRUE,12.08,84.56,23,"Urban - High Density",FALSE
5205,1695,34,5,2023-08-15,TRUE,7,"Celery","Winter",TRUE,5.77,28.85,60,"Unknown",FALSE
5206,1089,45,1,2023-11-01,TRUE,2,"Apricot","All Seasons",TRUE,7.43,7.43,75,"Urban - High Density",TRUE
5207,1772,18,7,2023-04-22,TRUE,4,"Apple","All Seasons",TRUE,14.07,98.49,52,"Urban - High Density",FALSE
5208,176,37,8,2023-08-14,TRUE,5,"Radish","Unknown",TRUE,7.32,58.56,76,"Rural",FALSE
5209,1563,14,3,2023-04-06,TRUE,3,"Fig","Summer",TRUE,3.67,11.01,25,"Urban - High Density",TRUE
5210,1879,38,7,2023-11-15,TRUE,4,"Apricot","Summer",TRUE,8.8,61.6,48,"Urban - High Density",FALSE
5211,1473,22,10,2023-10-11,TRUE,1,"Green Bean","All Seasons",FALSE,-4.21,-42.1,5,"Rural",TRUE
5212,1165,5,3,2023-02-21,TRUE,6,"Apricot","Summer",FALSE,10.18,30.54,79,"Rural",TRUE
5213,220,23,8,2023-05-06,TRUE,1,"Corn","Winter",FALSE,1.53,12.24,62,"Rural",TRUE
5214,1021,23,4,2023-05-04,TRUE,5,"Corn","Winter",FALSE,1.53,6.12,59,"Urban - Medium Density",NA
5215,1848,40,4,2023-01-01,TRUE,6,"Orange","Winter",FALSE,3.87,15.48,41,"Urban - Medium Density",TRUE
5216,1171,12,1,2023-04-13,TRUE,1,"Banana","All Seasons",TRUE,10.29,10.29,77,"Urban - High Density",NA
5217,1063,37,7,2023-03-09,TRUE,6,"Radish","Unknown",TRUE,7.32,51.24,65,"Rural",TRUE
5218,1315,21,10,2023-10-21,TRUE,-2,"Sweet Potato","All Seasons",TRUE,12.3,123,52,"Urban - High Density",FALSE
5219,1034,35,6,2023-08-01,TRUE,50,"Hazelnut","All Seasons",TRUE,6.96,41.76,52,"Rural",FALSE
5220,1751,11,8,2023-03-13,TRUE,4,"Strawberry","Summer",TRUE,5.35,42.8,44,"Urban - High Density",FALSE
5221,778,47,5,2023-01-22,TRUE,4,"Mango","Summer",FALSE,2.32,11.6,71,"Urban - Medium Density",TRUE
5222,1215,46,1,2023-01-18,TRUE,2,"Chestnut","All Seasons",TRUE,-4.08,-4.08,40,"Urban - High Density",TRUE
5223,44,2,5,2023-10-30,TRUE,4,"Grape","Unknown",TRUE,10.56,52.8,49,"Urban - Medium Density",TRUE
5224,1214,18,8,2023-12-15,TRUE,4,"Apple","All Seasons",TRUE,14.07,112.56,51,"Urban - High Density",TRUE
5225,1161,29,10,2023-04-16,TRUE,1,"Orange","Summer",FALSE,9.07,90.7,63,"Urban - Medium Density",FALSE
5226,500,23,2,2023-01-16,TRUE,1,"Corn","Winter",FALSE,1.53,3.06,32,"Urban - High Density",FALSE
5227,115,22,-3,2023-06-22,TRUE,1,"Green Bean","All Seasons",FALSE,-4.21,12.63,31,"Urban - High Density",TRUE
5228,736,24,5,2023-05-21,TRUE,6,"Asparagus","Winter",FALSE,2.01,10.05,38,"Urban - High Density",NA
5229,1860,48,5,2023-04-08,TRUE,4,"Blueberry","Winter",TRUE,0.78,3.9,57,"Urban - High Density",TRUE
5230,354,27,2,2023-07-27,TRUE,7,"Peach","Winter",TRUE,13.88,27.76,18,"Rural",FALSE
5231,1714,43,2,2023-07-31,TRUE,50,"Pear","Unknown",TRUE,4.62,9.24,33,"Urban - Medium Density",TRUE
5232,1622,34,4,2023-07-21,TRUE,6,"Celery","Winter",TRUE,5.77,23.08,44,"Urban - High Density",TRUE
5233,912,50,4,2023-06-05,TRUE,3,"Sweet Potato","Unknown",FALSE,1.01,4.04,49,"Unknown",TRUE
5234,142,8,5,2023-01-20,TRUE,2,"Garlic","Winter",TRUE,3.66,18.3,47,"Rural",TRUE
5235,1536,10,0,2023-11-26,TRUE,5,"Blueberry","Summer",FALSE,4.44,0,61,"Urban - Medium Density",TRUE
5236,961,37,9,2023-06-05,TRUE,3,"Radish","Unknown",TRUE,7.32,65.88,56,"Urban - High Density",TRUE
5237,1799,28,1,2023-12-28,TRUE,-2,"Raspberry","Unknown",TRUE,14.97,14.97,39,"Rural",TRUE
5238,10,38,2,2023-02-04,TRUE,-2,"Apricot","Summer",TRUE,8.8,17.6,24,"Urban - High Density",TRUE
5239,1556,22,3,2023-04-23,TRUE,50,"Green Bean","All Seasons",FALSE,-4.21,-12.63,29,"Unknown",FALSE
5240,853,12,10,2023-02-10,TRUE,-2,"Banana","All Seasons",TRUE,10.29,102.9,34,"Urban - High Density",TRUE
5241,43,2,7,2023-03-29,TRUE,50,"Grape","Unknown",TRUE,10.56,73.92,65,"Urban - High Density",FALSE
5242,894,17,9,2023-02-24,TRUE,-2,"Pea","All Seasons",TRUE,-2.07,-18.63,65,"Urban - Medium Density",FALSE
5243,869,38,2,2023-02-17,TRUE,2,"Apricot","Summer",TRUE,8.8,17.6,77,"Urban - High Density",FALSE
5244,24,37,2,2023-11-06,TRUE,6,"Radish","Unknown",TRUE,7.32,14.64,75,"Rural",TRUE
5245,765,20,9,2023-02-05,TRUE,50,"Corn","All Seasons",TRUE,12.25,110.25,23,"Urban - High Density",TRUE
5246,404,26,10,2023-11-09,TRUE,5,"Mango","Summer",TRUE,-1.79,-17.9,60,"Urban - High Density",FALSE
5247,100,23,2,2023-02-11,TRUE,-2,"Corn","Winter",FALSE,1.53,3.06,67,"Rural",TRUE
5248,1446,9,7,2023-08-10,TRUE,50,"Onion","Unknown",TRUE,5.01,35.07,63,"Urban - High Density",FALSE
5249,463,45,10,2023-01-15,TRUE,2,"Apricot","All Seasons",TRUE,7.43,74.3,74,"Urban - High Density",FALSE
5250,192,24,8,2023-11-21,TRUE,4,"Asparagus","Winter",FALSE,2.01,16.08,52,"",TRUE
5251,1715,8,9,2023-08-15,TRUE,2,"Garlic","Winter",TRUE,3.66,32.94,53,"Urban - Medium Density",FALSE
5252,867,47,6,2023-04-15,TRUE,3,"Mango","Summer",FALSE,2.32,13.92,46,"Urban - High Density",FALSE
5253,599,26,2,2023-11-15,TRUE,2,"Mango","Summer",TRUE,-1.79,-3.58,59,"Urban - Medium Density",FALSE
5254,1454,27,0,2023-03-31,TRUE,1,"Peach","Winter",TRUE,13.88,0,35,"Urban - Medium Density",TRUE
5255,605,16,0,2023-08-09,FALSE,6,"Chestnut","Summer",TRUE,3.39,0,50,"Urban - Medium Density",TRUE
5256,474,42,5,2023-07-22,TRUE,7,"Pomegranate","Winter",TRUE,10.95,54.75,32,"Urban - High Density",TRUE
5257,376,42,-3,2023-11-11,TRUE,7,"Pomegranate","Winter",TRUE,10.95,-32.85,74,"",NA
5258,1780,1,4,2023-01-26,TRUE,7,"Strawberry","Unknown",TRUE,4.42,17.68,51,"Urban - High Density",FALSE
5259,6,15,5,2023-01-04,TRUE,2,"Cabbage","All Seasons",FALSE,3.34,16.7,58,"Urban - High Density",TRUE
5260,1321,28,0,2023-07-26,TRUE,2,"Raspberry","Unknown",TRUE,14.97,0,47,"Urban - Medium Density",TRUE
5261,923,17,-3,2023-08-31,TRUE,1,"Pea","All Seasons",TRUE,-2.07,6.21,62,"Urban - Medium Density",FALSE
5262,1162,46,8,2023-09-30,TRUE,-2,"Chestnut","All Seasons",TRUE,-4.08,-32.64,22,"Urban - High Density",TRUE
5263,1064,26,8,2023-05-26,TRUE,3,"Mango","Summer",TRUE,-1.79,-14.32,77,"Urban - High Density",TRUE
5264,1986,14,4,2023-05-26,TRUE,1,"Fig","Summer",TRUE,3.67,14.68,26,"Urban - High Density",TRUE
5265,1882,11,-3,2023-02-27,TRUE,1,"Strawberry","Summer",TRUE,5.35,-16.05,38,"",FALSE
5266,671,39,1,2023-04-28,TRUE,2,"Mango","All Seasons",TRUE,10.84,10.84,31,"Urban - Medium Density",TRUE
5267,1363,21,9,2023-07-07,FALSE,3,"Sweet Potato","All Seasons",TRUE,12.3,110.7,58,"Urban - Medium Density",TRUE
5268,498,34,6,2023-03-14,TRUE,4,"Celery","Winter",TRUE,5.77,34.62,32,"Urban - High Density",TRUE
5269,1729,38,1,2023-11-27,TRUE,50,"Apricot","Summer",TRUE,8.8,8.8,23,"Urban - Medium Density",FALSE
5270,1018,14,8,2023-02-01,TRUE,50,"Fig","Summer",TRUE,3.67,29.36,64,"Urban - High Density",TRUE
5271,1342,40,9,2023-05-30,TRUE,2,"Orange","Winter",FALSE,3.87,34.83,23,"Urban - High Density",TRUE
5272,57,36,3,2023-06-30,TRUE,6,"Raspberry","Summer",TRUE,5.87,17.61,45,"Urban - High Density",FALSE
5273,343,43,5,2023-09-20,TRUE,3,"Pear","Unknown",TRUE,4.62,23.1,51,"Urban - High Density",FALSE
5274,1433,45,9,2023-05-10,TRUE,-2,"Apricot","All Seasons",TRUE,7.43,66.87,24,"Urban - Medium Density",FALSE
5275,632,17,5,2023-12-09,TRUE,5,"Pea","All Seasons",TRUE,-2.07,-10.35,5,"Urban - High Density",FALSE
5276,1474,12,6,2023-05-07,TRUE,4,"Banana","All Seasons",TRUE,10.29,61.74,26,"Urban - High Density",NA
5277,395,6,1,2023-02-20,TRUE,6,"Walnut","Summer",TRUE,-3.25,-3.25,72,"Urban - High Density",TRUE
5278,531,14,7,2023-09-04,TRUE,-2,"Fig","Summer",TRUE,3.67,25.69,42,"Urban - Medium Density",TRUE
5279,1816,30,9,2023-01-23,TRUE,6,"Lychee","All Seasons",TRUE,1.21,10.89,62,"Urban - High Density",TRUE
5280,1245,42,7,2023-10-16,TRUE,5,"Pomegranate","Winter",TRUE,10.95,76.65,25,"Urban - High Density",FALSE
5281,563,3,8,2023-07-05,TRUE,2,"Raspberry","Unknown",FALSE,10.26,82.08,40,"Urban - High Density",TRUE
5282,1834,25,5,2023-03-31,TRUE,4,"Broccoli","All Seasons",TRUE,3.11,15.55,70,"Urban - High Density",NA
5283,347,18,0,2023-04-29,TRUE,6,"Apple","All Seasons",TRUE,14.07,0,69,"Urban - High Density",FALSE
5284,643,45,9,2023-12-29,TRUE,3,"Apricot","All Seasons",TRUE,7.43,66.87,45,"Urban - Medium Density",TRUE
5285,1116,26,1,2023-03-24,TRUE,1,"Mango","Summer",TRUE,-1.79,-1.79,31,"Urban - Medium Density",FALSE
5286,429,45,9,2023-09-10,TRUE,50,"Apricot","All Seasons",TRUE,7.43,66.87,5,"Rural",FALSE
5287,287,36,8,2023-02-16,TRUE,1,"Raspberry","Summer",TRUE,5.87,46.96,67,"Urban - High Density",TRUE
5288,841,27,7,2023-04-05,TRUE,5,"Peach","Winter",TRUE,13.88,97.16,43,"Urban - Medium Density",FALSE
5289,417,25,6,2023-09-15,TRUE,4,"Broccoli","All Seasons",TRUE,3.11,18.66,63,"Urban - High Density",TRUE
5290,881,23,9,2023-12-08,TRUE,1,"Corn","Winter",FALSE,1.53,13.77,79,"Urban - Medium Density",FALSE
5291,1411,5,10,2023-05-05,TRUE,5,"Apricot","Summer",FALSE,10.18,101.8,74,"Urban - High Density",TRUE
5292,558,39,5,2023-02-04,TRUE,4,"Mango","All Seasons",TRUE,10.84,54.2,55,"Urban - High Density",FALSE
5293,1712,40,0,2023-10-10,NA,3,"Orange","Winter",FALSE,3.87,0,78,"Rural",TRUE
5294,1670,2,-3,2023-01-29,TRUE,5,"Grape","Unknown",TRUE,10.56,-31.68,32,"Urban - High Density",TRUE
5295,130,21,2,2023-09-20,TRUE,3,"Sweet Potato","All Seasons",TRUE,12.3,24.6,48,"Urban - Medium Density",FALSE
5296,964,34,8,2023-10-14,TRUE,1,"Celery","Winter",TRUE,5.77,46.16,64,"Urban - High Density",TRUE
5297,767,12,2,2023-10-31,TRUE,4,"Banana","All Seasons",TRUE,10.29,20.58,20,"Urban - High Density",TRUE
5298,1814,27,3,2023-12-17,TRUE,50,"Peach","Winter",TRUE,13.88,41.64,54,"Urban - Medium Density",TRUE
5299,1885,30,10,2023-04-08,TRUE,6,"Lychee","All Seasons",TRUE,1.21,12.1,67,"Urban - High Density",FALSE
5300,338,46,8,2023-03-21,TRUE,5,"Chestnut","All Seasons",TRUE,-4.08,-32.64,74,"Rural",FALSE
5301,1697,13,7,2023-02-05,TRUE,1,"Cucumber","All Seasons",NA,8.17,57.19,63,"Urban - Medium Density",TRUE
5302,462,43,7,2023-10-19,TRUE,7,"Pear","Unknown",TRUE,4.62,32.34,60,"Urban - Medium Density",TRUE
5303,1519,20,5,2023-02-11,TRUE,50,"Corn","All Seasons",TRUE,12.25,61.25,57,"Rural",FALSE
5304,1372,33,8,2023-02-04,TRUE,1,"Banana","All Seasons",TRUE,13.25,106,54,"Urban - High Density",TRUE
5305,587,44,0,2023-04-21,TRUE,50,"Apple","Summer",TRUE,9.24,0,72,"Urban - High Density",TRUE
5306,279,32,4,2023-11-05,TRUE,2,"Raspberry","All Seasons",TRUE,12.49,49.96,51,"Urban - Medium Density",TRUE
5307,1545,3,3,2023-01-08,TRUE,5,"Raspberry","Unknown",FALSE,10.26,30.78,54,"Urban - High Density",FALSE
5308,1281,34,6,2023-04-25,TRUE,7,"Celery","Winter",TRUE,5.77,34.62,77,"Urban - High Density",TRUE
5309,196,1,7,2023-03-26,TRUE,2,"Strawberry","Unknown",TRUE,4.42,30.94,76,"Urban - High Density",FALSE
5310,1265,39,9,2023-12-27,TRUE,-2,"Mango","All Seasons",TRUE,10.84,97.56,18,"Urban - Medium Density",TRUE
5311,997,15,0,2023-04-21,TRUE,6,"Cabbage","All Seasons",FALSE,3.34,0,39,"Urban - High Density",TRUE
5312,3,34,4,2023-03-18,TRUE,2,"Celery","Winter",TRUE,5.77,23.08,29,"Urban - High Density",FALSE
5313,1617,5,3,2023-04-18,TRUE,5,"Apricot","Summer",FALSE,10.18,30.54,22,"Urban - High Density",FALSE
5314,1286,42,10,2023-11-13,TRUE,2,"Pomegranate","Winter",TRUE,10.95,109.5,30,"Urban - High Density",TRUE
5315,974,39,-3,2023-02-13,TRUE,6,"Mango","All Seasons",TRUE,10.84,-32.52,20,"Urban - High Density",TRUE
5316,1608,20,6,2023-07-09,TRUE,6,"Corn","All Seasons",TRUE,12.25,73.5,23,"Urban - High Density",TRUE
5317,1745,43,8,2023-05-22,TRUE,7,"Pear","Unknown",TRUE,4.62,36.96,75,"Urban - Medium Density",TRUE
5318,95,49,8,2023-12-27,FALSE,3,"Cherry","Summer",NA,1.84,14.72,31,"Urban - High Density",TRUE
5319,1947,4,5,2023-09-03,TRUE,3,"Watermelon","Unknown",TRUE,12.08,60.4,27,"Urban - Medium Density",FALSE
5320,1619,28,7,2023-02-22,TRUE,3,"Raspberry","Unknown",TRUE,14.97,104.79,26,"Urban - Medium Density",TRUE
5321,202,23,0,2023-06-06,TRUE,7,"Corn","Winter",FALSE,1.53,0,38,"Urban - High Density",NA
5322,979,39,3,2023-03-04,NA,3,"Mango","All Seasons",TRUE,10.84,32.52,68,"Urban - Medium Density",TRUE
5323,1590,21,2,2023-07-31,TRUE,2,"Sweet Potato","All Seasons",TRUE,12.3,24.6,30,"Urban - High Density",TRUE
5324,1107,36,-3,2023-10-12,TRUE,-2,"Raspberry","Summer",TRUE,5.87,-17.61,59,"Urban - High Density",TRUE
5325,663,28,1,2023-10-28,TRUE,50,"Raspberry","Unknown",TRUE,14.97,14.97,51,"Urban - High Density",TRUE
5326,1570,42,1,2023-04-12,TRUE,7,"Pomegranate","Winter",TRUE,10.95,10.95,38,"Urban - High Density",TRUE
5327,1422,49,3,2023-04-07,TRUE,2,"Cherry","Summer",NA,1.84,5.52,66,"Urban - High Density",TRUE
5328,1075,7,9,2023-01-30,TRUE,5,"Lettuce","Unknown",TRUE,8.68,78.12,48,"Rural",FALSE
5329,304,16,10,2023-10-18,TRUE,3,"Chestnut","Summer",TRUE,3.39,33.9,77,"Urban - Medium Density",FALSE
5330,339,49,7,2023-03-26,TRUE,2,"Cherry","Summer",NA,1.84,12.88,64,"Urban - High Density",TRUE
5331,638,45,7,2023-10-25,TRUE,5,"Apricot","All Seasons",TRUE,7.43,52.01,47,"Urban - Medium Density",TRUE
5332,1325,11,8,2023-07-12,TRUE,-2,"Strawberry","Summer",TRUE,5.35,42.8,21,"Urban - High Density",FALSE
5333,712,10,8,2023-10-09,TRUE,6,"Blueberry","Summer",FALSE,4.44,35.52,52,"Urban - High Density",TRUE
5334,1990,29,8,2023-11-13,TRUE,50,"Orange","Summer",FALSE,9.07,72.56,27,"Rural",NA
5335,930,38,0,2023-01-15,FALSE,-2,"Apricot","Summer",TRUE,8.8,0,53,"Rural",TRUE
5336,1109,34,-3,2023-12-29,TRUE,2,"Celery","Winter",TRUE,5.77,-17.31,76,"Urban - High Density",TRUE
5337,1745,1,10,2023-02-07,TRUE,4,"Strawberry","Unknown",TRUE,4.42,44.2,75,"Urban - Medium Density",TRUE
5338,1371,50,4,2023-07-09,TRUE,-2,"Sweet Potato","Unknown",FALSE,1.01,4.04,30,"Urban - High Density",FALSE
5339,1717,39,8,2023-06-02,TRUE,4,"Mango","All Seasons",TRUE,10.84,86.72,49,"Urban - High Density",NA
5340,850,15,8,2023-05-11,TRUE,1,"Cabbage","All Seasons",FALSE,3.34,26.72,76,"Urban - High Density",FALSE
5341,1095,30,2,2023-11-11,TRUE,7,"Lychee","All Seasons",TRUE,1.21,2.42,66,"Urban - Medium Density",TRUE
5342,607,43,1,2023-03-30,TRUE,7,"Pear","Unknown",TRUE,4.62,4.62,20,"Rural",TRUE
5343,399,48,7,2023-03-29,TRUE,-2,"Blueberry","Winter",TRUE,0.78,5.46,80,"Urban - High Density",NA
5344,1307,7,1,2023-03-13,TRUE,6,"Lettuce","Unknown",TRUE,8.68,8.68,45,"Urban - High Density",TRUE
5345,417,22,2,2023-06-01,NA,5,"Green Bean","All Seasons",FALSE,-4.21,-8.42,63,"Urban - High Density",TRUE
5346,1137,8,2,2023-09-12,TRUE,5,"Garlic","Winter",TRUE,3.66,7.32,52,"Urban - High Density",TRUE
5347,126,35,3,2023-05-18,TRUE,7,"Hazelnut","All Seasons",TRUE,6.96,20.88,78,"",TRUE
5348,1821,47,10,2023-11-01,TRUE,50,"Mango","Summer",FALSE,2.32,23.2,51,"Urban - High Density",FALSE
5349,1855,39,4,2023-08-15,TRUE,2,"Mango","All Seasons",TRUE,10.84,43.36,5,"Urban - Medium Density",TRUE
5350,1978,37,2,2023-08-09,TRUE,1,"Radish","Unknown",TRUE,7.32,14.64,71,"Urban - Medium Density",TRUE
5351,1122,40,7,2023-07-02,TRUE,6,"Orange","Winter",FALSE,3.87,27.09,55,"Urban - High Density",TRUE
5352,1354,39,8,2023-06-12,TRUE,50,"Mango","All Seasons",TRUE,10.84,86.72,27,"Urban - Medium Density",FALSE
5353,1496,47,2,2023-03-08,TRUE,5,"Mango","Summer",FALSE,2.32,4.64,35,"Urban - High Density",TRUE
5354,445,7,7,2023-09-24,TRUE,50,"Lettuce","Unknown",TRUE,8.68,60.76,26,"Urban - Medium Density",FALSE
5355,965,24,10,2023-03-31,FALSE,-2,"Asparagus","Winter",FALSE,2.01,20.1,53,"Urban - High Density",TRUE
5356,301,41,4,2023-10-29,TRUE,5,"Strawberry","Summer",TRUE,4.94,19.76,52,"Urban - High Density",TRUE
5357,164,24,6,2023-07-29,TRUE,6,"Asparagus","Winter",FALSE,2.01,12.06,50,"Urban - Medium Density",FALSE
5358,616,15,4,2023-06-19,TRUE,4,"Cabbage","All Seasons",FALSE,3.34,13.36,25,"Rural",TRUE
5359,1976,20,-3,2023-03-29,FALSE,4,"Corn","All Seasons",TRUE,12.25,-36.75,20,"Urban - High Density",TRUE
5360,1743,1,3,2023-01-05,TRUE,1,"Strawberry","Unknown",TRUE,4.42,13.26,51,"Urban - High Density",TRUE
5361,846,38,8,2023-11-06,TRUE,1,"Apricot","Summer",TRUE,8.8,70.4,43,"Rural",FALSE
5362,597,35,8,2023-04-10,TRUE,2,"Hazelnut","All Seasons",TRUE,6.96,55.68,43,"Urban - Medium Density",NA
5363,397,42,4,2023-01-03,TRUE,6,"Pomegranate","Winter",TRUE,10.95,43.8,55,"Rural",TRUE
5364,591,22,6,2023-10-24,TRUE,50,"Green Bean","All Seasons",FALSE,-4.21,-25.26,69,"Urban - Medium Density",TRUE
5365,323,24,5,2023-06-20,TRUE,1,"Asparagus","Winter",FALSE,2.01,10.05,70,"Urban - Medium Density",TRUE
5366,1034,14,4,2023-04-14,TRUE,50,"Fig","Summer",TRUE,3.67,14.68,52,"Rural",FALSE
5367,1975,46,7,2023-05-19,TRUE,-2,"Chestnut","All Seasons",TRUE,-4.08,-28.56,42,"Urban - High Density",TRUE
5368,1420,23,5,2023-03-10,TRUE,2,"Corn","Winter",FALSE,1.53,7.65,72,"Urban - Medium Density",TRUE
5369,71,18,5,2023-08-07,TRUE,7,"Apple","All Seasons",TRUE,14.07,70.35,39,"Urban - High Density",TRUE
5370,1703,25,9,2023-03-28,TRUE,50,"Broccoli","All Seasons",TRUE,3.11,27.99,47,"Urban - High Density",FALSE
5371,1537,27,-3,2023-09-15,TRUE,3,"Peach","Winter",TRUE,13.88,-41.64,120,"Rural",TRUE
5372,1055,41,4,2023-02-28,TRUE,7,"Strawberry","Summer",TRUE,4.94,19.76,78,"Urban - Medium Density",FALSE
5373,60,2,0,2023-11-12,TRUE,3,"Grape","Unknown",TRUE,10.56,0,38,"Urban - Medium Density",TRUE
5374,673,43,1,2023-06-29,TRUE,-2,"Pear","Unknown",TRUE,4.62,4.62,37,"Urban - High Density",FALSE
5375,1084,20,2,2023-02-04,TRUE,5,"Corn","All Seasons",TRUE,12.25,24.5,18,"Rural",TRUE
5376,1760,31,4,2023-04-20,FALSE,1,"Chestnut","All Seasons",NA,0.13,0.52,49,"Urban - Medium Density",TRUE
5377,120,41,-3,2023-08-11,TRUE,-2,"Strawberry","Summer",TRUE,4.94,-14.82,24,"Unknown",TRUE
5378,1424,31,-3,2023-11-17,TRUE,3,"Chestnut","All Seasons",NA,0.13,-0.39,20,"Urban - Medium Density",TRUE
5379,932,11,0,2023-08-20,TRUE,3,"Strawberry","Summer",TRUE,5.35,0,36,"Urban - High Density",TRUE
5380,307,42,10,2023-10-12,TRUE,2,"Pomegranate","Winter",TRUE,10.95,109.5,58,"Urban - High Density",FALSE
5381,284,44,0,2023-04-03,TRUE,1,"Apple","Summer",TRUE,9.24,0,53,"Urban - High Density",TRUE
5382,957,29,1,2023-06-29,TRUE,6,"Orange","Summer",FALSE,9.07,9.07,54,"Rural",TRUE
5383,188,38,8,2023-07-28,TRUE,6,"Apricot","Summer",TRUE,8.8,70.4,28,"Urban - High Density",FALSE
5384,554,3,5,2023-04-24,TRUE,50,"Raspberry","Unknown",FALSE,10.26,51.3,69,"Urban - Medium Density",TRUE
5385,1299,20,9,2023-03-30,TRUE,-2,"Corn","All Seasons",TRUE,12.25,110.25,54,"Urban - Medium Density",TRUE
5386,577,28,6,2023-05-09,TRUE,5,"Raspberry","Unknown",TRUE,14.97,89.82,29,"Urban - High Density",TRUE
5387,1016,9,4,2023-05-27,TRUE,7,"Onion","Unknown",TRUE,5.01,20.04,52,"Urban - Medium Density",FALSE
5388,734,5,1,2023-01-06,TRUE,-2,"Apricot","Summer",FALSE,10.18,10.18,32,"Urban - High Density",FALSE
5389,959,36,0,2023-07-05,TRUE,-2,"Raspberry","Summer",TRUE,5.87,0,24,"Urban - Medium Density",FALSE
5390,1235,19,2,2023-02-03,TRUE,3,"Banana","Winter",TRUE,-0.17,-0.34,120,"Urban - Medium Density",TRUE
5391,414,41,-3,2023-01-15,TRUE,50,"Strawberry","Summer",TRUE,4.94,-14.82,50,"Rural",TRUE
5392,1132,30,5,2023-02-24,TRUE,3,"Lychee","All Seasons",TRUE,1.21,6.05,53,"Urban - Medium Density",FALSE
5393,253,23,4,2023-05-30,TRUE,6,"Corn","Winter",FALSE,1.53,6.12,34,"Urban - High Density",TRUE
5394,1161,25,8,2023-04-28,TRUE,2,"Broccoli","All Seasons",TRUE,3.11,24.88,63,"Urban - Medium Density",FALSE
5395,995,28,5,2023-01-18,TRUE,6,"Raspberry","Unknown",TRUE,14.97,74.85,22,"Rural",TRUE
5396,1936,39,-3,2023-02-28,TRUE,5,"Mango","All Seasons",TRUE,10.84,-32.52,77,"Urban - High Density",TRUE
5397,1311,23,6,2023-12-28,TRUE,50,"Corn","Winter",FALSE,1.53,9.18,61,"Urban - Medium Density",FALSE
5398,853,12,0,2023-06-03,TRUE,2,"Banana","All Seasons",TRUE,10.29,0,34,"Urban - High Density",TRUE
5399,1385,8,7,2023-05-23,TRUE,2,"Garlic","Winter",TRUE,3.66,25.62,77,"Urban - High Density",TRUE
5400,371,32,10,2023-12-26,TRUE,4,"Raspberry","All Seasons",TRUE,12.49,124.9,39,"Urban - High Density",TRUE
5401,196,7,4,2023-02-17,TRUE,1,"Lettuce","Unknown",TRUE,8.68,34.72,76,"Urban - High Density",FALSE
5402,1364,43,4,2023-09-05,TRUE,6,"Pear","Unknown",TRUE,4.62,18.48,39,"Urban - Medium Density",FALSE
5403,1955,43,2,2023-11-01,FALSE,6,"Pear","Unknown",TRUE,4.62,9.24,52,"Urban - High Density",TRUE
5404,1365,49,1,2023-11-04,TRUE,7,"Cherry","Summer",NA,1.84,1.84,80,"Urban - High Density",TRUE
5405,1092,42,0,2023-10-23,TRUE,-2,"Pomegranate","Winter",TRUE,10.95,0,43,"Urban - Medium Density",TRUE
5406,789,9,-3,2023-03-09,TRUE,50,"Onion","Unknown",TRUE,5.01,-15.03,25,"Rural",TRUE
5407,705,14,2,2023-10-11,TRUE,7,"Fig","Summer",TRUE,3.67,7.34,28,"Urban - High Density",FALSE
5408,276,47,4,2023-09-06,TRUE,1,"Mango","Summer",FALSE,2.32,9.28,43,"Rural",TRUE
5409,241,1,6,2023-01-06,TRUE,4,"Strawberry","Unknown",TRUE,4.42,26.52,65,"Urban - Medium Density",FALSE
5410,802,19,8,2023-05-08,TRUE,2,"Banana","Winter",TRUE,-0.17,-1.36,52,"Urban - Medium Density",FALSE
5411,6,17,6,2023-06-10,TRUE,4,"Pea","All Seasons",TRUE,-2.07,-12.42,58,"Urban - High Density",TRUE
5412,1556,8,5,2023-10-20,TRUE,1,"Garlic","Winter",TRUE,3.66,18.3,29,"Unknown",FALSE
5413,1372,1,5,2023-01-14,TRUE,50,"Strawberry","Unknown",TRUE,4.42,22.1,54,"Urban - High Density",TRUE
5414,1029,15,7,2023-05-11,TRUE,3,"Cabbage","All Seasons",FALSE,3.34,23.38,64,"Urban - High Density",TRUE
5415,194,37,5,2023-10-07,TRUE,7,"Radish","Unknown",TRUE,7.32,36.6,28,"Rural",FALSE
5416,57,9,-3,2023-08-30,TRUE,7,"Onion","Unknown",TRUE,5.01,-15.03,45,"Urban - High Density",FALSE
5417,1354,33,3,2023-05-04,TRUE,-2,"Banana","All Seasons",TRUE,13.25,39.75,27,"Urban - Medium Density",FALSE
5418,1141,12,1,2023-09-27,TRUE,3,"Banana","All Seasons",TRUE,10.29,10.29,51,"Urban - Medium Density",FALSE
5419,633,8,7,2023-11-03,TRUE,4,"Garlic","Winter",TRUE,3.66,25.62,25,"Rural",TRUE
5420,1764,47,7,2023-05-21,TRUE,-2,"Mango","Summer",FALSE,2.32,16.24,56,"Urban - High Density",TRUE
5421,462,11,9,2023-12-21,TRUE,7,"Strawberry","Summer",TRUE,5.35,48.15,60,"Urban - Medium Density",TRUE
5422,1,49,7,2023-01-28,TRUE,3,"Cherry","Summer",NA,1.84,12.88,46,"Rural",FALSE
5423,986,45,7,2023-12-29,TRUE,6,"Apricot","All Seasons",TRUE,7.43,52.01,53,"Urban - High Density",TRUE
5424,631,11,4,2023-03-31,TRUE,7,"Strawberry","Summer",TRUE,5.35,21.4,62,"Urban - High Density",TRUE
5425,1054,18,4,2023-09-04,FALSE,1,"Apple","All Seasons",TRUE,14.07,56.28,79,"Urban - Medium Density",TRUE
5426,701,35,0,2023-12-08,FALSE,1,"Hazelnut","All Seasons",TRUE,6.96,0,72,"Urban - Medium Density",TRUE
5427,1553,33,10,2023-04-19,FALSE,-2,"Banana","All Seasons",TRUE,13.25,132.5,74,"Urban - Medium Density",TRUE
5428,1835,19,6,2023-08-15,FALSE,-2,"Banana","Winter",TRUE,-0.17,-1.02,49,"Rural",TRUE
5429,1742,38,4,2023-04-27,TRUE,6,"Apricot","Summer",TRUE,8.8,35.2,58,"Urban - High Density",TRUE
5430,112,19,2,2023-04-14,TRUE,6,"Banana","Winter",TRUE,-0.17,-0.34,51,"Urban - Medium Density",TRUE
5431,1914,27,0,2023-11-29,TRUE,5,"Peach","Winter",TRUE,13.88,0,53,"Unknown",TRUE
5432,898,3,9,2023-06-15,TRUE,3,"Raspberry","Unknown",FALSE,10.26,92.34,50,"Urban - High Density",TRUE
5433,1522,14,6,2023-05-28,TRUE,50,"Fig","Summer",TRUE,3.67,22.02,56,"Urban - Medium Density",FALSE
5434,618,12,4,2023-08-19,TRUE,3,"Banana","All Seasons",TRUE,10.29,41.16,56,"Urban - High Density",FALSE
5435,579,21,0,2023-04-08,TRUE,3,"Sweet Potato","All Seasons",TRUE,12.3,0,39,"Urban - Medium Density",TRUE
5436,1244,21,0,2023-04-22,TRUE,50,"Sweet Potato","All Seasons",TRUE,12.3,0,78,"Urban - High Density",TRUE
5437,464,24,8,2023-07-08,TRUE,4,"Asparagus","Winter",FALSE,2.01,16.08,39,"Urban - High Density",TRUE
5438,1610,1,1,2023-06-01,TRUE,5,"Strawberry","Unknown",TRUE,4.42,4.42,75,"Urban - Medium Density",FALSE
5439,736,16,6,2023-06-08,TRUE,2,"Chestnut","Summer",TRUE,3.39,20.34,38,"Urban - High Density",NA
5440,1574,3,-3,2023-05-10,TRUE,5,"Raspberry","Unknown",FALSE,10.26,-30.78,38,"Urban - Medium Density",TRUE
5441,198,37,8,2023-07-22,TRUE,5,"Radish","Unknown",TRUE,7.32,58.56,79,"Urban - Medium Density",FALSE
5442,733,48,-3,2023-10-24,TRUE,2,"Blueberry","Winter",TRUE,0.78,-2.34,75,"Urban - Medium Density",TRUE
5443,205,36,7,2023-11-07,TRUE,6,"Raspberry","Summer",TRUE,5.87,41.09,54,"Urban - Medium Density",TRUE
5444,472,48,4,2023-07-15,TRUE,2,"Blueberry","Winter",TRUE,0.78,3.12,22,"Urban - Medium Density",FALSE
5445,1473,47,2,2023-04-22,TRUE,50,"Mango","Summer",FALSE,2.32,4.64,5,"Rural",TRUE
5446,705,20,4,2023-09-29,TRUE,3,"Corn","All Seasons",TRUE,12.25,49,28,"Urban - High Density",FALSE
5447,670,45,0,2023-02-03,TRUE,7,"Apricot","All Seasons",TRUE,7.43,0,45,"Urban - Medium Density",FALSE
5448,179,36,5,2023-11-30,TRUE,7,"Raspberry","Summer",TRUE,5.87,29.35,60,"Urban - High Density",FALSE
5449,178,35,2,2023-03-01,TRUE,7,"Hazelnut","All Seasons",TRUE,6.96,13.92,32,"Urban - Medium Density",FALSE
5450,801,24,1,2023-02-16,TRUE,2,"Asparagus","Winter",FALSE,2.01,2.01,78,"Urban - Medium Density",FALSE
5451,1908,37,-3,2023-01-24,TRUE,2,"Radish","Unknown",TRUE,7.32,-21.96,71,"Rural",TRUE
5452,1781,20,1,2023-05-11,TRUE,1,"Corn","All Seasons",TRUE,12.25,12.25,27,"Urban - High Density",TRUE
5453,1553,19,0,2023-08-24,TRUE,1,"Banana","Winter",TRUE,-0.17,0,74,"Urban - Medium Density",TRUE
5454,1815,45,2,2023-01-13,TRUE,3,"Apricot","All Seasons",TRUE,7.43,14.86,43,"Rural",FALSE
5455,1174,4,9,2023-08-26,TRUE,5,"Watermelon","Unknown",TRUE,12.08,108.72,34,"Urban - High Density",FALSE
5456,901,46,8,2023-06-17,TRUE,1,"Chestnut","All Seasons",TRUE,-4.08,-32.64,69,"Urban - High Density",FALSE
5457,918,18,5,2023-09-19,TRUE,6,"Apple","All Seasons",TRUE,14.07,70.35,74,"Urban - Medium Density",NA
5458,8,48,10,2023-03-22,TRUE,7,"Blueberry","Winter",TRUE,0.78,7.8,40,"",FALSE
5459,298,6,4,2023-10-07,TRUE,3,"Walnut","Summer",TRUE,-3.25,-13,31,"Urban - High Density",TRUE
5460,1372,7,6,2023-05-28,TRUE,2,"Lettuce","Unknown",TRUE,8.68,52.08,54,"Urban - High Density",TRUE
5461,316,8,8,2023-09-24,NA,4,"Garlic","Winter",TRUE,3.66,29.28,61,"Urban - High Density",FALSE
5462,577,26,8,2023-05-17,TRUE,7,"Mango","Summer",TRUE,-1.79,-14.32,29,"Urban - High Density",TRUE
5463,1588,10,8,2023-08-22,TRUE,-2,"Blueberry","Summer",FALSE,4.44,35.52,64,"Urban - High Density",TRUE
5464,1951,42,0,2023-07-26,TRUE,3,"Pomegranate","Winter",TRUE,10.95,0,33,"Urban - High Density",FALSE
5465,1283,3,-3,2023-07-31,TRUE,3,"Raspberry","Unknown",FALSE,10.26,-30.78,37,"Urban - High Density",FALSE
5466,652,19,4,2023-06-21,TRUE,-2,"Banana","Winter",TRUE,-0.17,-0.68,43,"Rural",TRUE
5467,895,16,5,2023-11-09,TRUE,5,"Chestnut","Summer",TRUE,3.39,16.95,34,"Urban - Medium Density",TRUE
5468,879,9,0,2023-01-27,TRUE,50,"Onion","Unknown",TRUE,5.01,0,28,"Urban - High Density",TRUE
5469,1428,9,8,2023-06-15,TRUE,7,"Onion","Unknown",TRUE,5.01,40.08,75,"Urban - Medium Density",TRUE
5470,338,39,9,2023-08-26,TRUE,7,"Mango","All Seasons",TRUE,10.84,97.56,74,"Rural",FALSE
5471,1531,29,-3,2023-03-20,TRUE,6,"Orange","Summer",FALSE,9.07,-27.21,58,"Urban - High Density",TRUE
5472,1206,1,0,2023-08-10,TRUE,-2,"Strawberry","Unknown",TRUE,4.42,0,37,"Urban - High Density",FALSE
5473,1969,38,7,2023-01-29,TRUE,-2,"Apricot","Summer",TRUE,8.8,61.6,74,"Urban - High Density",TRUE
5474,1155,50,3,2023-04-21,TRUE,1,"Sweet Potato","Unknown",FALSE,1.01,3.03,26,"Urban - Medium Density",TRUE
5475,1453,46,9,2023-11-22,TRUE,5,"Chestnut","All Seasons",TRUE,-4.08,-36.72,60,"Urban - Medium Density",TRUE
5476,87,33,7,2023-05-11,TRUE,-2,"Banana","All Seasons",TRUE,13.25,92.75,69,"Urban - Medium Density",TRUE
5477,1039,28,5,2023-12-03,TRUE,7,"Raspberry","Unknown",TRUE,14.97,74.85,70,"Urban - High Density",TRUE
5478,1413,21,7,2023-11-27,TRUE,7,"Sweet Potato","All Seasons",TRUE,12.3,86.1,28,"Urban - Medium Density",NA
5479,1905,2,2,2023-11-22,TRUE,5,"Grape","Unknown",TRUE,10.56,21.12,34,"Urban - High Density",FALSE
5480,973,8,6,2023-02-28,TRUE,-2,"Garlic","Winter",TRUE,3.66,21.96,80,"Urban - Medium Density",TRUE
5481,762,13,2,2023-10-11,TRUE,1,"Cucumber","All Seasons",NA,8.17,16.34,41,"Urban - Medium Density",TRUE
5482,1280,45,10,2023-05-07,TRUE,50,"Apricot","All Seasons",TRUE,7.43,74.3,55,"Urban - Medium Density",TRUE
5483,1447,35,-3,2023-11-08,TRUE,4,"Hazelnut","All Seasons",TRUE,6.96,-20.88,74,"Urban - High Density",TRUE
5484,815,38,5,2023-01-21,TRUE,6,"Apricot","Summer",TRUE,8.8,44,69,"Urban - Medium Density",TRUE
5485,1074,39,7,2023-08-22,FALSE,3,"Mango","All Seasons",TRUE,10.84,75.88,43,"Urban - High Density",FALSE
5486,985,7,8,2023-09-28,TRUE,4,"Lettuce","Unknown",TRUE,8.68,69.44,45,"Urban - High Density",TRUE
5487,239,6,8,2023-07-16,TRUE,50,"Walnut","Summer",TRUE,-3.25,-26,31,"Urban - Medium Density",TRUE
5488,1957,39,-3,2023-02-23,TRUE,5,"Mango","All Seasons",TRUE,10.84,-32.52,56,"Rural",FALSE
5489,672,36,7,2023-08-04,TRUE,50,"Raspberry","Summer",TRUE,5.87,41.09,26,"Unknown",NA
5490,112,36,1,2023-09-11,TRUE,7,"Raspberry","Summer",TRUE,5.87,5.87,51,"Urban - Medium Density",TRUE
5491,1657,33,9,2023-02-15,TRUE,4,"Banana","All Seasons",TRUE,13.25,119.25,59,"Urban - High Density",TRUE
5492,27,19,10,2023-05-27,TRUE,1,"Banana","Winter",TRUE,-0.17,-1.7,68,"Urban - High Density",TRUE
5493,1248,23,8,2023-05-20,TRUE,3,"Corn","Winter",FALSE,1.53,12.24,39,"Urban - Medium Density",FALSE
5494,616,24,4,2023-02-20,TRUE,2,"Asparagus","Winter",FALSE,2.01,8.04,25,"Rural",TRUE
5495,1734,41,1,2023-06-06,TRUE,4,"Strawberry","Summer",TRUE,4.94,4.94,42,"Urban - High Density",FALSE
5496,982,4,8,2023-02-18,TRUE,2,"Watermelon","Unknown",TRUE,12.08,96.64,38,"Urban - High Density",TRUE
5497,1815,49,7,2023-01-05,TRUE,3,"Cherry","Summer",NA,1.84,12.88,43,"Rural",FALSE
5498,1682,13,7,2023-01-18,TRUE,6,"Cucumber","All Seasons",NA,8.17,57.19,42,"Urban - High Density",TRUE
5499,1821,30,5,2023-01-07,TRUE,4,"Lychee","All Seasons",TRUE,1.21,6.05,51,"Urban - High Density",FALSE
5500,1109,50,0,2023-05-25,TRUE,-2,"Sweet Potato","Unknown",FALSE,1.01,0,76,"Urban - High Density",TRUE
5501,1075,9,10,2023-09-30,TRUE,5,"Onion","Unknown",TRUE,5.01,50.1,48,"Rural",FALSE
5502,1440,22,1,2023-06-28,TRUE,6,"Green Bean","All Seasons",FALSE,-4.21,-4.21,43,"Urban - High Density",TRUE
5503,1457,15,6,2023-09-13,TRUE,7,"Cabbage","All Seasons",FALSE,3.34,20.04,30,"Urban - Medium Density",FALSE
5504,1785,38,5,2023-04-28,TRUE,-2,"Apricot","Summer",TRUE,8.8,44,59,"Urban - High Density",TRUE
5505,549,41,8,2023-06-09,TRUE,5,"Strawberry","Summer",TRUE,4.94,39.52,26,"Urban - High Density",TRUE
5506,360,9,6,2023-08-27,TRUE,7,"Onion","Unknown",TRUE,5.01,30.06,35,"Urban - High Density",NA
5507,833,13,5,2023-03-11,TRUE,1,"Cucumber","All Seasons",NA,8.17,40.85,78,"Urban - Medium Density",TRUE
5508,1488,23,7,2023-11-30,TRUE,7,"Corn","Winter",FALSE,1.53,10.71,67,"Urban - High Density",FALSE
5509,1609,16,5,2023-10-26,TRUE,-2,"Chestnut","Summer",TRUE,3.39,16.95,61,"Urban - Medium Density",TRUE
5510,1857,22,6,2023-01-24,TRUE,7,"Green Bean","All Seasons",FALSE,-4.21,-25.26,21,"Urban - High Density",TRUE
5511,1574,3,0,2023-08-27,TRUE,5,"Raspberry","Unknown",FALSE,10.26,0,38,"Urban - Medium Density",TRUE
5512,546,5,5,2023-03-11,TRUE,3,"Apricot","Summer",FALSE,10.18,50.9,24,"Urban - Medium Density",TRUE
5513,1167,44,8,2023-11-01,TRUE,4,"Apple","Summer",TRUE,9.24,73.92,31,"Urban - High Density",FALSE
5514,742,29,1,2023-08-25,TRUE,7,"Orange","Summer",FALSE,9.07,9.07,78,"Rural",FALSE
5515,1277,12,10,2023-10-24,TRUE,2,"Banana","All Seasons",TRUE,10.29,102.9,59,"Urban - High Density",TRUE
5516,1967,17,1,2023-02-15,TRUE,2,"Pea","All Seasons",TRUE,-2.07,-2.07,43,"Unknown",TRUE
5517,545,40,2,2023-07-20,FALSE,4,"Orange","Winter",FALSE,3.87,7.74,80,"Urban - High Density",FALSE
5518,1173,15,7,2023-07-10,TRUE,2,"Cabbage","All Seasons",FALSE,3.34,23.38,38,"Rural",NA
5519,1866,16,1,2023-11-21,TRUE,1,"Chestnut","Summer",TRUE,3.39,3.39,36,"Urban - Medium Density",TRUE
5520,1899,18,8,2023-03-26,TRUE,3,"Apple","All Seasons",TRUE,14.07,112.56,26,"Urban - High Density",TRUE
5521,1379,26,0,2023-01-23,TRUE,3,"Mango","Summer",TRUE,-1.79,0,76,"Urban - Medium Density",FALSE
5522,1781,45,0,2023-07-04,TRUE,5,"Apricot","All Seasons",TRUE,7.43,0,27,"Urban - High Density",TRUE
5523,194,30,3,2023-10-04,TRUE,7,"Lychee","All Seasons",TRUE,1.21,3.63,28,"Rural",FALSE
5524,83,30,0,2023-03-26,TRUE,4,"Lychee","All Seasons",TRUE,1.21,0,36,"Urban - High Density",TRUE
5525,1864,10,-3,2023-08-20,TRUE,6,"Blueberry","Summer",FALSE,4.44,-13.32,21,"Rural",FALSE
5526,319,30,7,2023-01-02,TRUE,3,"Lychee","All Seasons",TRUE,1.21,8.47,36,"Urban - High Density",TRUE
5527,1840,33,7,2023-10-18,TRUE,6,"Banana","All Seasons",TRUE,13.25,92.75,55,"Urban - High Density",FALSE
5528,366,42,1,2023-11-18,TRUE,1,"Pomegranate","Winter",TRUE,10.95,10.95,48,"Urban - High Density",TRUE
5529,293,24,7,2023-04-19,TRUE,7,"Asparagus","Winter",FALSE,2.01,14.07,78,"Urban - High Density",TRUE
5530,1973,8,-3,2023-09-08,TRUE,50,"Garlic","Winter",TRUE,3.66,-10.98,35,"Urban - Medium Density",NA
5531,803,20,7,2023-05-14,FALSE,2,"Corn","All Seasons",TRUE,12.25,85.75,33,"Urban - Medium Density",TRUE
5532,82,38,6,2023-12-17,TRUE,7,"Apricot","Summer",TRUE,8.8,52.8,47,"Urban - Medium Density",NA
5533,1384,26,-3,2023-04-26,FALSE,6,"Mango","Summer",TRUE,-1.79,5.37,20,"Urban - Medium Density",TRUE
5534,681,6,1,2023-11-22,TRUE,6,"Walnut","Summer",TRUE,-3.25,-3.25,50,"Urban - Medium Density",TRUE
5535,1636,38,-3,2023-02-20,TRUE,-2,"Apricot","Summer",TRUE,8.8,-26.4,66,"Urban - High Density",TRUE
5536,9,24,2,2023-07-29,TRUE,50,"Asparagus","Winter",FALSE,2.01,4.02,72,"Urban - High Density",FALSE
5537,1614,7,4,2023-05-06,TRUE,7,"Lettuce","Unknown",TRUE,8.68,34.72,55,"Urban - High Density",TRUE
5538,1309,35,8,2023-02-20,TRUE,6,"Hazelnut","All Seasons",TRUE,6.96,55.68,53,"Urban - High Density",FALSE
5539,1760,8,7,2023-05-06,TRUE,4,"Garlic","Winter",TRUE,3.66,25.62,49,"Urban - Medium Density",TRUE
5540,584,29,6,2023-01-27,TRUE,6,"Orange","Summer",FALSE,9.07,54.42,24,"Urban - High Density",TRUE
5541,1344,12,2,2023-04-09,TRUE,2,"Banana","All Seasons",TRUE,10.29,20.58,30,"Rural",TRUE
5542,1821,3,3,2023-09-07,TRUE,-2,"Raspberry","Unknown",FALSE,10.26,30.78,51,"Urban - High Density",FALSE
5543,1383,10,-3,2023-01-17,TRUE,4,"Blueberry","Summer",FALSE,4.44,-13.32,27,"Urban - High Density",TRUE
5544,701,29,3,2023-04-26,TRUE,4,"Orange","Summer",FALSE,9.07,27.21,72,"Urban - Medium Density",TRUE
5545,1028,30,5,2023-12-20,TRUE,1,"Lychee","All Seasons",TRUE,1.21,6.05,78,"Urban - High Density",FALSE
5546,766,16,-3,2023-01-16,TRUE,50,"Chestnut","Summer",TRUE,3.39,-10.17,32,"Urban - Medium Density",TRUE
5547,1603,50,3,2023-06-24,TRUE,1,"Sweet Potato","Unknown",FALSE,1.01,3.03,48,"Urban - Medium Density",TRUE
5548,6,19,10,2023-06-10,TRUE,3,"Banana","Winter",TRUE,-0.17,-1.7,58,"Urban - High Density",TRUE
5549,69,35,0,2023-03-29,TRUE,50,"Hazelnut","All Seasons",TRUE,6.96,0,69,"Urban - Medium Density",FALSE
5550,344,24,2,2023-12-27,TRUE,3,"Asparagus","Winter",FALSE,2.01,4.02,38,"Urban - High Density",FALSE
5551,566,2,1,2023-06-13,TRUE,3,"Grape","Unknown",TRUE,10.56,10.56,59,"Urban - High Density",FALSE
5552,1612,5,7,2023-02-08,TRUE,2,"Apricot","Summer",FALSE,10.18,71.26,58,"Unknown",FALSE
5553,51,19,8,2023-10-21,TRUE,7,"Banana","Winter",TRUE,-0.17,-1.36,40,"Urban - High Density",TRUE
5554,526,50,7,2023-12-25,TRUE,7,"Sweet Potato","Unknown",FALSE,1.01,7.07,33,"Urban - Medium Density",TRUE
5555,608,18,8,2023-11-02,TRUE,2,"Apple","All Seasons",TRUE,14.07,112.56,71,"Urban - Medium Density",TRUE
5556,603,43,2,2023-11-28,TRUE,5,"Pear","Unknown",TRUE,4.62,9.24,35,"Urban - High Density",TRUE
5557,1224,28,8,2023-06-23,TRUE,3,"Raspberry","Unknown",TRUE,14.97,119.76,63,"Urban - High Density",TRUE
5558,1870,24,8,2023-10-19,TRUE,7,"Asparagus","Winter",FALSE,2.01,16.08,52,"Rural",TRUE
5559,747,8,8,2023-11-19,TRUE,4,"Garlic","Winter",TRUE,3.66,29.28,21,"Rural",FALSE
5560,1564,35,9,2023-03-12,TRUE,3,"Hazelnut","All Seasons",TRUE,6.96,62.64,24,"Urban - High Density",FALSE
5561,438,31,0,2023-11-24,TRUE,1,"Chestnut","All Seasons",NA,0.13,0,78,"Rural",FALSE
5562,1366,14,2,2023-11-27,TRUE,50,"Fig","Summer",TRUE,3.67,7.34,50,"Urban - High Density",FALSE
5563,1520,43,1,2023-10-23,TRUE,6,"Pear","Unknown",TRUE,4.62,4.62,68,"Urban - Medium Density",TRUE
5564,1491,41,9,2023-12-23,TRUE,5,"Strawberry","Summer",TRUE,4.94,44.46,5,"Urban - Medium Density",FALSE
5565,683,11,4,2023-02-02,TRUE,3,"Strawberry","Summer",TRUE,5.35,21.4,49,"Rural",FALSE
5566,1364,27,0,2023-08-01,TRUE,6,"Peach","Winter",TRUE,13.88,0,39,"Urban - Medium Density",FALSE
5567,1640,8,-3,2023-03-15,TRUE,3,"Garlic","Winter",TRUE,3.66,-10.98,33,"Urban - Medium Density",FALSE
5568,706,33,2,2023-11-12,TRUE,3,"Banana","All Seasons",TRUE,13.25,26.5,40,"Urban - Medium Density",FALSE
5569,842,22,10,2023-08-17,TRUE,1,"Green Bean","All Seasons",FALSE,-4.21,-42.1,44,"Urban - High Density",TRUE
5570,32,11,6,2023-05-21,TRUE,-2,"Strawberry","Summer",TRUE,5.35,32.1,28,"Unknown",TRUE
5571,1182,31,1,2023-10-20,FALSE,-2,"Chestnut","All Seasons",NA,0.13,0.13,49,"Urban - Medium Density",TRUE
5572,987,27,1,2023-02-04,TRUE,4,"Peach","Winter",TRUE,13.88,13.88,19,"Urban - Medium Density",TRUE
5573,827,35,9,2023-02-08,TRUE,2,"Hazelnut","All Seasons",TRUE,6.96,62.64,28,"Urban - High Density",TRUE
5574,880,37,9,2023-12-28,TRUE,50,"Radish","Unknown",TRUE,7.32,65.88,65,"Urban - Medium Density",TRUE
5575,435,6,6,2023-07-15,TRUE,6,"Walnut","Summer",TRUE,-3.25,-19.5,76,"Urban - Medium Density",TRUE
5576,70,32,1,2023-11-14,TRUE,4,"Raspberry","All Seasons",TRUE,12.49,12.49,50,"Urban - High Density",TRUE
5577,705,24,7,2023-10-06,TRUE,4,"Asparagus","Winter",FALSE,2.01,14.07,28,"Urban - High Density",FALSE
5578,820,31,2,2023-02-03,TRUE,1,"Chestnut","All Seasons",NA,0.13,0.26,56,"Urban - Medium Density",TRUE
5579,1927,25,6,2023-08-13,TRUE,7,"Broccoli","All Seasons",TRUE,3.11,18.66,50,"Urban - High Density",FALSE
5580,1173,15,4,2023-05-12,TRUE,5,"Cabbage","All Seasons",FALSE,3.34,13.36,38,"Rural",NA
5581,460,19,2,2023-01-10,TRUE,4,"Banana","Winter",TRUE,-0.17,-0.34,75,"Urban - High Density",TRUE
5582,165,37,3,2023-08-26,TRUE,50,"Radish","Unknown",TRUE,7.32,21.96,48,"Urban - High Density",FALSE
5583,1825,32,6,2023-02-05,TRUE,7,"Raspberry","All Seasons",TRUE,12.49,74.94,67,"Urban - High Density",TRUE
5584,702,23,7,2023-04-14,TRUE,4,"Corn","Winter",FALSE,1.53,10.71,50,"Urban - High Density",TRUE
5585,819,39,10,2023-03-19,TRUE,3,"Mango","All Seasons",TRUE,10.84,108.4,62,"Rural",FALSE
5586,237,41,6,2023-06-13,TRUE,2,"Strawberry","Summer",TRUE,4.94,29.64,45,"Urban - High Density",TRUE
5587,1238,46,6,2023-05-09,TRUE,1,"Chestnut","All Seasons",TRUE,-4.08,-24.48,44,"Urban - High Density",FALSE
5588,746,1,3,2023-05-07,TRUE,50,"Strawberry","Unknown",TRUE,4.42,13.26,31,"Urban - High Density",FALSE
5589,1375,19,-3,2023-04-25,TRUE,6,"Banana","Winter",TRUE,-0.17,0.51,35,"Urban - High Density",TRUE
5590,1273,25,1,2023-10-31,TRUE,1,"Broccoli","All Seasons",TRUE,3.11,3.11,72,"Urban - Medium Density",TRUE
5591,424,28,4,2023-12-02,TRUE,50,"Raspberry","Unknown",TRUE,14.97,59.88,24,"",TRUE
5592,1269,14,10,2023-04-23,TRUE,3,"Fig","Summer",TRUE,3.67,36.7,74,"Urban - High Density",FALSE
5593,1740,21,10,2023-11-07,TRUE,4,"Sweet Potato","All Seasons",TRUE,12.3,123,80,"Urban - Medium Density",TRUE
5594,1638,7,8,2023-06-07,TRUE,50,"Lettuce","Unknown",TRUE,8.68,69.44,53,"Rural",TRUE
5595,1421,17,10,2023-03-20,TRUE,7,"Pea","All Seasons",TRUE,-2.07,-20.7,65,"Urban - High Density",FALSE
5596,1315,18,6,2023-06-13,TRUE,3,"Apple","All Seasons",TRUE,14.07,84.42,52,"Urban - High Density",FALSE
5597,1335,41,7,2023-12-31,TRUE,6,"Strawberry","Summer",TRUE,4.94,34.58,76,"Urban - Medium Density",TRUE
5598,1772,50,8,2023-09-18,TRUE,50,"Sweet Potato","Unknown",FALSE,1.01,8.08,52,"Urban - High Density",FALSE
5599,975,28,7,2023-03-03,TRUE,-2,"Raspberry","Unknown",TRUE,14.97,104.79,24,"Urban - Medium Density",FALSE
5600,1855,5,2,2023-07-05,TRUE,5,"Apricot","Summer",FALSE,10.18,20.36,5,"Urban - Medium Density",TRUE
5601,21,37,2,2023-12-03,TRUE,6,"Radish","Unknown",TRUE,7.32,14.64,56,"Urban - High Density",FALSE
5602,1174,2,2,2023-02-03,TRUE,1,"Grape","Unknown",TRUE,10.56,21.12,34,"Urban - High Density",FALSE
5603,720,2,8,2023-12-19,TRUE,7,"Grape","Unknown",TRUE,10.56,84.48,29,"Urban - High Density",TRUE
5604,1222,4,10,2023-08-01,TRUE,5,"Watermelon","Unknown",TRUE,12.08,120.8,30,"Rural",TRUE
5605,797,34,2,2023-01-03,TRUE,1,"Celery","Winter",TRUE,5.77,11.54,37,"Urban - High Density",FALSE
5606,1836,34,8,2023-07-25,TRUE,5,"Celery","Winter",TRUE,5.77,46.16,40,"Urban - High Density",FALSE
5607,202,20,8,2023-10-21,TRUE,50,"Corn","All Seasons",TRUE,12.25,98,38,"Urban - High Density",NA
5608,1683,45,6,2023-01-07,TRUE,3,"Apricot","All Seasons",TRUE,7.43,44.58,34,"Urban - High Density",FALSE
5609,1125,39,4,2023-04-24,TRUE,50,"Mango","All Seasons",TRUE,10.84,43.36,66,"Urban - Medium Density",FALSE
5610,1502,6,6,2023-02-05,TRUE,1,"Walnut","Summer",TRUE,-3.25,-19.5,51,"Urban - Medium Density",FALSE
5611,900,33,2,2023-09-12,TRUE,7,"Banana","All Seasons",TRUE,13.25,26.5,44,"Urban - High Density",FALSE
5612,1373,7,6,2023-12-24,TRUE,6,"Lettuce","Unknown",TRUE,8.68,52.08,70,"Rural",FALSE
5613,1118,19,3,2023-04-18,TRUE,4,"Banana","Winter",TRUE,-0.17,-0.51,41,"Urban - High Density",TRUE
5614,134,32,5,2023-05-30,TRUE,-2,"Raspberry","All Seasons",TRUE,12.49,62.45,68,"Urban - High Density",FALSE
5615,1546,18,5,2023-11-30,TRUE,6,"Apple","All Seasons",TRUE,14.07,70.35,54,"Rural",TRUE
5616,702,2,2,2023-01-22,TRUE,-2,"Grape","Unknown",TRUE,10.56,21.12,50,"Urban - High Density",TRUE
5617,306,39,3,2023-05-04,NA,5,"Mango","All Seasons",TRUE,10.84,32.52,26,"Urban - Medium Density",TRUE
5618,653,45,3,2023-05-06,TRUE,4,"Apricot","All Seasons",TRUE,7.43,22.29,5,"Urban - Medium Density",FALSE
5619,877,12,7,2023-03-27,TRUE,6,"Banana","All Seasons",TRUE,10.29,72.03,50,"Urban - High Density",FALSE
5620,559,35,9,2023-12-21,TRUE,1,"Hazelnut","All Seasons",TRUE,6.96,62.64,48,"Urban - High Density",TRUE
5621,1338,36,8,2023-04-02,TRUE,50,"Raspberry","Summer",TRUE,5.87,46.96,50,"Urban - High Density",FALSE
5622,1648,13,4,2023-08-22,TRUE,5,"Cucumber","All Seasons",NA,8.17,32.68,34,"Rural",FALSE
5623,1502,41,10,2023-08-01,TRUE,4,"Strawberry","Summer",TRUE,4.94,49.4,51,"Urban - Medium Density",FALSE
5624,794,33,4,2023-05-19,TRUE,-2,"Banana","All Seasons",TRUE,13.25,53,78,"Urban - Medium Density",FALSE
5625,403,14,1,2023-09-12,TRUE,3,"Fig","Summer",TRUE,3.67,3.67,22,"Urban - Medium Density",TRUE
5626,1315,42,9,2023-04-01,TRUE,5,"Pomegranate","Winter",TRUE,10.95,98.55,52,"Urban - High Density",FALSE
5627,120,14,6,2023-01-22,TRUE,5,"Fig","Summer",TRUE,3.67,22.02,24,"Unknown",TRUE
5628,1338,10,2,2023-06-20,TRUE,2,"Blueberry","Summer",FALSE,4.44,8.88,50,"Urban - High Density",FALSE
5629,1836,15,8,2023-08-17,TRUE,3,"Cabbage","All Seasons",FALSE,3.34,26.72,40,"Urban - High Density",FALSE
5630,1434,40,3,2023-10-14,TRUE,3,"Orange","Winter",FALSE,3.87,11.61,68,"Rural",TRUE
5631,1836,20,6,2023-04-20,FALSE,3,"Corn","All Seasons",TRUE,12.25,73.5,40,"Urban - High Density",FALSE
5632,1855,6,2,2023-04-14,TRUE,50,"Walnut","Summer",TRUE,-3.25,-6.5,5,"Urban - Medium Density",TRUE
5633,814,10,9,2023-04-05,TRUE,7,"Blueberry","Summer",FALSE,4.44,39.96,50,"Urban - High Density",TRUE
5634,1442,46,-3,2023-05-16,TRUE,3,"Chestnut","All Seasons",TRUE,-4.08,12.24,28,"Rural",TRUE
5635,1518,36,10,2023-07-19,TRUE,2,"Raspberry","Summer",TRUE,5.87,58.7,30,"Urban - High Density",TRUE
5636,1532,47,10,2023-07-31,TRUE,1,"Mango","Summer",FALSE,2.32,23.2,71,"Urban - High Density",TRUE
5637,212,45,8,2023-03-13,TRUE,2,"Apricot","All Seasons",TRUE,7.43,59.44,54,"Urban - Medium Density",FALSE
5638,653,18,1,2023-06-20,TRUE,7,"Apple","All Seasons",TRUE,14.07,14.07,5,"Urban - Medium Density",FALSE
5639,514,1,2,2023-04-05,TRUE,4,"Strawberry","Unknown",TRUE,4.42,8.84,46,"Urban - High Density",FALSE
5640,1089,20,7,2023-10-20,TRUE,-2,"Corn","All Seasons",TRUE,12.25,85.75,75,"Urban - High Density",TRUE
5641,447,30,7,2023-01-09,TRUE,1,"Lychee","All Seasons",TRUE,1.21,8.47,71,"Urban - High Density",FALSE
5642,1513,28,9,2023-12-11,TRUE,2,"Raspberry","Unknown",TRUE,14.97,134.73,43,"Urban - High Density",TRUE
5643,212,2,4,2023-05-26,TRUE,50,"Grape","Unknown",TRUE,10.56,42.24,54,"Urban - Medium Density",FALSE
5644,1727,37,5,2023-06-19,TRUE,50,"Radish","Unknown",TRUE,7.32,36.6,73,"Urban - High Density",FALSE
5645,360,15,7,2023-04-09,TRUE,5,"Cabbage","All Seasons",FALSE,3.34,23.38,35,"Urban - High Density",NA
5646,1357,38,6,2023-03-18,TRUE,4,"Apricot","Summer",TRUE,8.8,52.8,25,"Rural",FALSE
5647,1914,27,6,2023-05-03,TRUE,-2,"Peach","Winter",TRUE,13.88,83.28,53,"Unknown",TRUE
5648,1974,37,2,2023-08-25,TRUE,1,"Radish","Unknown",TRUE,7.32,14.64,50,"Urban - High Density",NA
5649,1618,16,-3,2023-06-21,TRUE,6,"Chestnut","Summer",TRUE,3.39,-10.17,68,"Urban - High Density",TRUE
5650,1302,33,6,2023-11-21,TRUE,50,"Banana","All Seasons",TRUE,13.25,79.5,19,"Urban - High Density",TRUE
5651,1695,31,9,2023-04-18,TRUE,1,"Chestnut","All Seasons",NA,0.13,1.17,60,"Unknown",FALSE
5652,777,37,6,2023-11-11,TRUE,5,"Radish","Unknown",TRUE,7.32,43.92,27,"",FALSE
5653,1939,2,10,2023-12-18,TRUE,2,"Grape","Unknown",TRUE,10.56,105.6,60,"Rural",FALSE
5654,1481,11,2,2023-01-05,TRUE,-2,"Strawberry","Summer",TRUE,5.35,10.7,23,"Urban - High Density",TRUE
5655,947,7,2,2023-05-23,TRUE,7,"Lettuce","Unknown",TRUE,8.68,17.36,5,"Urban - High Density",TRUE
5656,278,12,8,2023-03-28,TRUE,5,"Banana","All Seasons",TRUE,10.29,82.32,21,"Rural",TRUE
5657,744,47,3,2023-07-08,TRUE,6,"Mango","Summer",FALSE,2.32,6.96,52,"Urban - High Density",TRUE
5658,1598,28,9,2023-07-28,TRUE,7,"Raspberry","Unknown",TRUE,14.97,134.73,74,"",FALSE
5659,1216,10,-3,2023-02-22,TRUE,7,"Blueberry","Summer",FALSE,4.44,-13.32,56,"Urban - Medium Density",FALSE
5660,1838,16,4,2023-05-08,TRUE,6,"Chestnut","Summer",TRUE,3.39,13.56,5,"Urban - High Density",TRUE
5661,1631,26,1,2023-10-19,TRUE,3,"Mango","Summer",TRUE,-1.79,-1.79,56,"Urban - Medium Density",TRUE
5662,919,4,9,2023-05-04,TRUE,-2,"Watermelon","Unknown",TRUE,12.08,108.72,48,"Urban - Medium Density",TRUE
5663,1970,30,6,2023-02-07,TRUE,50,"Lychee","All Seasons",TRUE,1.21,7.26,38,"Urban - High Density",TRUE
5664,424,42,4,2023-05-28,TRUE,3,"Pomegranate","Winter",TRUE,10.95,43.8,24,"",TRUE
5665,129,21,6,2024-01-01,TRUE,3,"Sweet Potato","All Seasons",TRUE,12.3,73.8,41,"Rural",TRUE
5666,881,45,8,2023-11-28,TRUE,-2,"Apricot","All Seasons",TRUE,7.43,59.44,79,"Urban - Medium Density",FALSE
5667,568,29,2,2023-10-20,TRUE,4,"Orange","Summer",FALSE,9.07,18.14,31,"Urban - Medium Density",TRUE
5668,1972,35,4,2023-07-22,TRUE,2,"Hazelnut","All Seasons",TRUE,6.96,27.84,70,"Rural",FALSE
5669,1532,26,9,2023-03-26,FALSE,6,"Mango","Summer",TRUE,-1.79,-16.11,71,"Urban - High Density",TRUE
5670,1193,43,6,2023-02-14,TRUE,50,"Pear","Unknown",TRUE,4.62,27.72,54,"Urban - High Density",TRUE
5671,1782,33,-3,2023-08-19,TRUE,4,"Banana","All Seasons",TRUE,13.25,-39.75,25,"Urban - High Density",TRUE
5672,1441,7,6,2023-03-29,TRUE,3,"Lettuce","Unknown",TRUE,8.68,52.08,29,"Urban - High Density",FALSE
5673,1562,49,0,2023-12-31,TRUE,1,"Cherry","Summer",NA,1.84,0,35,"Urban - Medium Density",TRUE
5674,1415,35,3,2023-04-05,TRUE,1,"Hazelnut","All Seasons",TRUE,6.96,20.88,68,"Urban - High Density",FALSE
5675,1490,38,1,2023-06-03,TRUE,1,"Apricot","Summer",TRUE,8.8,8.8,49,"Urban - High Density",FALSE
5676,1624,15,1,2023-09-21,TRUE,7,"Cabbage","All Seasons",FALSE,3.34,3.34,45,"Urban - High Density",TRUE
5677,176,47,1,2023-09-04,TRUE,6,"Mango","Summer",FALSE,2.32,2.32,76,"Rural",FALSE
5678,1238,39,9,2023-02-06,TRUE,-2,"Mango","All Seasons",TRUE,10.84,97.56,44,"Urban - High Density",FALSE
5679,500,14,7,2023-12-20,TRUE,4,"Fig","Summer",TRUE,3.67,25.69,32,"Urban - High Density",FALSE
5680,1980,33,3,2023-01-12,TRUE,50,"Banana","All Seasons",TRUE,13.25,39.75,52,"Rural",TRUE
5681,1370,45,8,2023-01-10,TRUE,50,"Apricot","All Seasons",TRUE,7.43,59.44,38,"Urban - High Density",FALSE
5682,925,23,2,2023-12-31,TRUE,6,"Corn","Winter",FALSE,1.53,3.06,29,"Unknown",FALSE
5683,270,7,5,2023-06-28,TRUE,7,"Lettuce","Unknown",TRUE,8.68,43.4,65,"Urban - High Density",TRUE
5684,1681,34,8,2023-11-11,TRUE,50,"Celery","Winter",TRUE,5.77,46.16,27,"",TRUE
5685,1146,19,9,2023-11-10,TRUE,7,"Banana","Winter",TRUE,-0.17,-1.53,71,"Urban - High Density",TRUE
5686,678,26,9,2023-09-22,TRUE,3,"Mango","Summer",TRUE,-1.79,-16.11,37,"Urban - High Density",FALSE
5687,1982,27,10,2023-04-21,FALSE,1,"Peach","Winter",TRUE,13.88,138.8,51,"Urban - High Density",TRUE
5688,385,18,0,2023-06-08,TRUE,6,"Apple","All Seasons",TRUE,14.07,0,53,"Urban - High Density",FALSE
5689,38,37,7,2023-06-08,TRUE,2,"Radish","Unknown",TRUE,7.32,51.24,75,"Rural",FALSE
5690,472,16,9,2023-04-27,TRUE,50,"Chestnut","Summer",TRUE,3.39,30.51,22,"Urban - Medium Density",FALSE
5691,1122,45,6,2023-09-12,TRUE,4,"Apricot","All Seasons",TRUE,7.43,44.58,55,"Urban - High Density",TRUE
5692,571,13,-3,2023-08-21,TRUE,4,"Cucumber","All Seasons",NA,8.17,-24.51,73,"Rural",TRUE
5693,1446,28,3,2023-07-14,TRUE,-2,"Raspberry","Unknown",TRUE,14.97,44.91,63,"Urban - High Density",FALSE
5694,804,38,-3,2023-12-02,TRUE,4,"Apricot","Summer",TRUE,8.8,-26.4,56,"Urban - High Density",FALSE
5695,431,36,3,2023-03-03,TRUE,50,"Raspberry","Summer",TRUE,5.87,17.61,20,"Rural",TRUE
5696,328,3,3,2023-07-15,TRUE,3,"Raspberry","Unknown",FALSE,10.26,30.78,47,"Urban - Medium Density",TRUE
5697,1462,15,4,2023-09-25,TRUE,2,"Cabbage","All Seasons",FALSE,3.34,13.36,48,"Urban - High Density",TRUE
5698,1139,20,2,2023-09-29,TRUE,6,"Corn","All Seasons",TRUE,12.25,24.5,60,"Urban - Medium Density",TRUE
5699,777,11,8,2023-03-07,TRUE,3,"Strawberry","Summer",TRUE,5.35,42.8,27,"",FALSE
5700,289,8,5,2023-11-09,TRUE,50,"Garlic","Winter",TRUE,3.66,18.3,39,"Rural",TRUE
5701,601,4,5,2023-12-25,FALSE,-2,"Watermelon","Unknown",TRUE,12.08,60.4,40,"Urban - Medium Density",TRUE
5702,833,38,2,2023-08-17,TRUE,1,"Apricot","Summer",TRUE,8.8,17.6,78,"Urban - Medium Density",TRUE
5703,308,16,3,2023-06-20,TRUE,3,"Chestnut","Summer",TRUE,3.39,10.17,45,"Urban - Medium Density",TRUE
5704,1474,14,1,2023-09-12,TRUE,6,"Fig","Summer",TRUE,3.67,3.67,26,"Urban - High Density",NA
5705,1613,8,5,2023-07-04,TRUE,3,"Garlic","Winter",TRUE,3.66,18.3,78,"Urban - High Density",TRUE
5706,1590,28,8,2023-02-16,TRUE,4,"Raspberry","Unknown",TRUE,14.97,119.76,30,"Urban - High Density",TRUE
5707,89,41,8,2023-10-29,TRUE,50,"Strawberry","Summer",TRUE,4.94,39.52,63,"Urban - Medium Density",TRUE
5708,758,48,5,2023-12-11,TRUE,2,"Blueberry","Winter",TRUE,0.78,3.9,25,"Urban - Medium Density",FALSE
5709,1375,20,5,2023-10-25,TRUE,2,"Corn","All Seasons",TRUE,12.25,61.25,35,"Urban - High Density",TRUE
5710,1292,15,8,2023-05-19,TRUE,5,"Cabbage","All Seasons",FALSE,3.34,26.72,79,"Urban - High Density",TRUE
5711,417,19,0,2023-01-21,TRUE,3,"Banana","Winter",TRUE,-0.17,0,63,"Urban - High Density",TRUE
5712,9,16,3,2023-02-13,TRUE,-2,"Chestnut","Summer",TRUE,3.39,10.17,72,"Urban - High Density",FALSE
5713,211,8,1,2023-05-27,TRUE,6,"Garlic","Winter",TRUE,3.66,3.66,58,"Urban - High Density",TRUE
5714,648,45,2,2023-03-31,FALSE,4,"Apricot","All Seasons",TRUE,7.43,14.86,61,"Urban - Medium Density",TRUE
5715,1660,24,1,2023-05-09,TRUE,3,"Asparagus","Winter",FALSE,2.01,2.01,67,"Urban - Medium Density",FALSE
5716,1542,47,4,2023-12-02,TRUE,4,"Mango","Summer",FALSE,2.32,9.28,50,"Urban - Medium Density",TRUE
5717,1682,1,9,2023-09-30,TRUE,3,"Strawberry","Unknown",TRUE,4.42,39.78,42,"Urban - High Density",TRUE
5718,341,4,6,2023-05-22,TRUE,6,"Watermelon","Unknown",TRUE,12.08,72.48,76,"Urban - Medium Density",FALSE
5719,1809,34,10,2023-02-04,TRUE,5,"Celery","Winter",TRUE,5.77,57.7,71,"Urban - High Density",FALSE
5720,762,10,4,2023-09-28,TRUE,6,"Blueberry","Summer",FALSE,4.44,17.76,41,"Urban - Medium Density",TRUE
5721,957,41,4,2023-09-27,TRUE,5,"Strawberry","Summer",TRUE,4.94,19.76,54,"Rural",TRUE
5722,1245,12,2,2023-12-06,TRUE,-2,"Banana","All Seasons",TRUE,10.29,20.58,25,"Urban - High Density",FALSE
5723,124,9,5,2023-01-20,TRUE,2,"Onion","Unknown",TRUE,5.01,25.05,76,"Urban - High Density",TRUE
5724,1006,37,8,2023-11-25,TRUE,5,"Radish","Unknown",TRUE,7.32,58.56,44,"Urban - Medium Density",TRUE
5725,401,44,6,2023-08-08,TRUE,-2,"Apple","Summer",TRUE,9.24,55.44,44,"Urban - Medium Density",TRUE
5726,1552,1,6,2023-03-22,TRUE,2,"Strawberry","Unknown",TRUE,4.42,26.52,46,"Rural",FALSE
5727,218,46,1,2023-03-28,TRUE,1,"Chestnut","All Seasons",TRUE,-4.08,-4.08,45,"Urban - High Density",TRUE
5728,1866,25,-3,2023-03-21,TRUE,1,"Broccoli","All Seasons",TRUE,3.11,-9.33,36,"Urban - Medium Density",TRUE
5729,320,4,7,2023-11-10,TRUE,2,"Watermelon","Unknown",TRUE,12.08,84.56,72,"Urban - Medium Density",TRUE
5730,790,4,9,2023-05-24,TRUE,3,"Watermelon","Unknown",TRUE,12.08,108.72,77,"Unknown",TRUE
5731,727,20,6,2023-02-15,TRUE,6,"Corn","All Seasons",TRUE,12.25,73.5,78,"Urban - Medium Density",FALSE
5732,1326,5,4,2023-04-11,TRUE,4,"Apricot","Summer",FALSE,10.18,40.72,20,"Urban - High Density",FALSE
5733,219,11,5,2023-06-20,TRUE,5,"Strawberry","Summer",TRUE,5.35,26.75,65,"Urban - Medium Density",FALSE
5734,1224,27,2,2023-12-14,TRUE,2,"Peach","Winter",TRUE,13.88,27.76,63,"Urban - High Density",TRUE
5735,1057,32,2,2023-11-21,TRUE,6,"Raspberry","All Seasons",TRUE,12.49,24.98,28,"Urban - High Density",FALSE
5736,953,23,3,2023-03-17,TRUE,2,"Corn","Winter",FALSE,1.53,4.59,19,"Urban - Medium Density",NA
5737,1334,6,2,2023-04-25,TRUE,7,"Walnut","Summer",TRUE,-3.25,-6.5,30,"Urban - High Density",FALSE
5738,1864,41,-3,2023-10-04,TRUE,5,"Strawberry","Summer",TRUE,4.94,-14.82,21,"Rural",FALSE
5739,431,38,8,2023-06-13,TRUE,2,"Apricot","Summer",TRUE,8.8,70.4,20,"Rural",TRUE
5740,326,33,4,2023-08-27,TRUE,-2,"Banana","All Seasons",TRUE,13.25,53,21,"Unknown",TRUE
5741,630,32,2,2023-03-27,TRUE,1,"Raspberry","All Seasons",TRUE,12.49,24.98,49,"Urban - Medium Density",FALSE
5742,1912,44,2,2023-01-27,TRUE,2,"Apple","Summer",TRUE,9.24,18.48,58,"Rural",FALSE
5743,1595,11,5,2023-07-24,TRUE,50,"Strawberry","Summer",TRUE,5.35,26.75,20,"Urban - Medium Density",FALSE
5744,938,37,9,2023-11-13,TRUE,-2,"Radish","Unknown",TRUE,7.32,65.88,77,"Urban - High Density",FALSE
5745,1987,27,4,2023-11-30,TRUE,4,"Peach","Winter",TRUE,13.88,55.52,69,"",FALSE
5746,1916,20,7,2023-02-02,TRUE,6,"Corn","All Seasons",TRUE,12.25,85.75,41,"Urban - High Density",FALSE
5747,1734,19,3,NA,TRUE,3,"Banana","Winter",TRUE,-0.17,-0.51,42,"Urban - High Density",FALSE
5748,1893,36,9,2023-01-07,TRUE,4,"Raspberry","Summer",TRUE,5.87,52.83,32,"Urban - High Density",FALSE
5749,1216,12,3,2023-07-13,TRUE,6,"Banana","All Seasons",TRUE,10.29,30.87,56,"Urban - Medium Density",FALSE
5750,1155,17,1,2023-02-14,TRUE,1,"Pea","All Seasons",TRUE,-2.07,-2.07,26,"Urban - Medium Density",TRUE
5751,1204,1,2,2023-10-20,TRUE,50,"Strawberry","Unknown",TRUE,4.42,8.84,61,"Urban - Medium Density",TRUE
5752,125,35,1,2023-11-06,FALSE,2,"Hazelnut","All Seasons",TRUE,6.96,6.96,39,"Urban - High Density",FALSE
5753,1535,6,9,2023-07-12,TRUE,-2,"Walnut","Summer",TRUE,-3.25,-29.25,79,"Urban - High Density",FALSE
5754,377,7,-3,2023-11-27,NA,3,"Lettuce","Unknown",TRUE,8.68,-26.04,72,"Urban - Medium Density",FALSE
5755,1884,5,6,2023-07-04,TRUE,4,"Apricot","Summer",FALSE,10.18,61.08,44,"Urban - Medium Density",FALSE
5756,1828,24,2,2023-07-15,TRUE,5,"Asparagus","Winter",FALSE,2.01,4.02,63,"Urban - High Density",TRUE
5757,1235,16,4,2023-06-25,TRUE,5,"Chestnut","Summer",TRUE,3.39,13.56,120,"Urban - Medium Density",TRUE
5758,668,41,6,2023-08-21,TRUE,2,"Strawberry","Summer",TRUE,4.94,29.64,26,"Urban - High Density",TRUE
5759,63,24,5,2023-12-31,TRUE,2,"Asparagus","Winter",FALSE,2.01,10.05,66,"Urban - Medium Density",FALSE
5760,212,19,7,2023-09-25,TRUE,7,"Banana","Winter",TRUE,-0.17,-1.19,54,"Urban - Medium Density",FALSE
5761,541,19,7,2023-10-26,TRUE,6,"Banana","Winter",TRUE,-0.17,-1.19,24,"Urban - Medium Density",TRUE
5762,1748,35,0,2023-10-29,FALSE,50,"Hazelnut","All Seasons",TRUE,6.96,0,74,"Urban - Medium Density",TRUE
5763,187,17,2,2023-02-04,TRUE,4,"Pea","All Seasons",TRUE,-2.07,-4.14,120,"Urban - Medium Density",FALSE
5764,419,47,5,2023-05-29,TRUE,6,"Mango","Summer",FALSE,2.32,11.6,68,"Urban - Medium Density",TRUE
5765,1616,39,1,2023-10-19,TRUE,5,"Mango","All Seasons",TRUE,10.84,10.84,35,"Urban - High Density",FALSE
5766,1744,32,4,2023-03-14,TRUE,-2,"Raspberry","All Seasons",TRUE,12.49,49.96,53,"Urban - Medium Density",TRUE
5767,715,18,0,2023-11-16,TRUE,2,"Apple","All Seasons",TRUE,14.07,0,29,"Urban - High Density",FALSE
5768,1382,47,-3,2023-12-17,TRUE,7,"Mango","Summer",FALSE,2.32,-6.96,20,"Rural",FALSE
5769,110,43,2,2023-04-26,TRUE,50,"Pear","Unknown",TRUE,4.62,9.24,59,"Urban - Medium Density",TRUE
5770,792,33,10,2023-11-14,TRUE,3,"Banana","All Seasons",TRUE,13.25,132.5,62,"Urban - Medium Density",TRUE
5771,477,18,0,2023-05-27,TRUE,4,"Apple","All Seasons",TRUE,14.07,0,74,"Urban - High Density",TRUE
5772,1591,20,3,2023-01-01,TRUE,50,"Corn","All Seasons",TRUE,12.25,36.75,28,"Urban - High Density",TRUE
5773,718,20,0,2023-04-27,TRUE,5,"Corn","All Seasons",TRUE,12.25,0,55,"Urban - Medium Density",FALSE
5774,1418,6,2,2023-12-23,TRUE,4,"Walnut","Summer",TRUE,-3.25,-6.5,27,"Urban - High Density",FALSE
5775,1498,40,5,2023-05-30,TRUE,50,"Orange","Winter",FALSE,3.87,19.35,33,"Urban - Medium Density",FALSE
5776,503,20,1,2023-12-02,TRUE,7,"Corn","All Seasons",TRUE,12.25,12.25,30,"Urban - High Density",TRUE
5777,186,15,3,2023-07-22,TRUE,2,"Cabbage","All Seasons",FALSE,3.34,10.02,64,"Urban - High Density",NA
5778,962,35,10,2023-02-01,TRUE,-2,"Hazelnut","All Seasons",TRUE,6.96,69.6,46,"Urban - High Density",TRUE
5779,1276,31,2,2023-01-06,FALSE,7,"Chestnut","All Seasons",NA,0.13,0.26,70,"Urban - High Density",FALSE
5780,1257,3,5,2023-07-16,TRUE,6,"Raspberry","Unknown",FALSE,10.26,51.3,21,"Urban - High Density",FALSE
5781,594,36,3,2023-04-07,TRUE,1,"Raspberry","Summer",TRUE,5.87,17.61,51,"Rural",FALSE
5782,455,15,0,2023-05-30,TRUE,6,"Cabbage","All Seasons",FALSE,3.34,0,39,"Urban - Medium Density",NA
5783,1494,46,2,2023-05-09,TRUE,6,"Chestnut","All Seasons",TRUE,-4.08,-8.16,18,"Urban - High Density",FALSE
5784,746,5,8,2023-09-03,TRUE,5,"Apricot","Summer",FALSE,10.18,81.44,31,"Urban - High Density",FALSE
5785,1380,1,10,2023-07-25,TRUE,7,"Strawberry","Unknown",TRUE,4.42,44.2,72,"Urban - High Density",TRUE
5786,1478,37,0,2023-05-25,TRUE,4,"Radish","Unknown",TRUE,7.32,0,78,"Urban - Medium Density",TRUE
5787,1443,28,8,2023-04-01,TRUE,-2,"Raspberry","Unknown",TRUE,14.97,119.76,62,"Urban - High Density",FALSE
5788,474,38,2,2023-08-17,TRUE,2,"Apricot","Summer",TRUE,8.8,17.6,32,"Urban - High Density",TRUE
5789,1659,12,5,2023-03-13,TRUE,2,"Banana","All Seasons",TRUE,10.29,51.45,62,"Urban - High Density",TRUE
5790,366,29,0,2023-05-23,TRUE,3,"Orange","Summer",FALSE,9.07,0,48,"Urban - High Density",TRUE
5791,335,14,9,2023-10-15,TRUE,-2,"Fig","Summer",TRUE,3.67,33.03,78,"Urban - High Density",FALSE
5792,1385,31,6,2023-03-02,TRUE,7,"Chestnut","All Seasons",NA,0.13,0.78,77,"Urban - High Density",TRUE
5793,590,28,0,2023-01-14,TRUE,2,"Raspberry","Unknown",TRUE,14.97,0,50,"Unknown",FALSE
5794,1544,34,7,2023-03-03,TRUE,7,"Celery","Winter",TRUE,5.77,40.39,5,"Urban - High Density",NA
5795,1288,8,2,2023-01-14,TRUE,50,"Garlic","Winter",TRUE,3.66,7.32,42,"Urban - High Density",TRUE
5796,324,34,9,2023-08-29,TRUE,1,"Celery","Winter",TRUE,5.77,51.93,21,"",TRUE
5797,1667,28,3,2023-03-23,TRUE,4,"Raspberry","Unknown",TRUE,14.97,44.91,73,"Urban - High Density",FALSE
5798,1806,43,2,2023-07-10,TRUE,50,"Pear","Unknown",TRUE,4.62,9.24,75,"Rural",TRUE
5799,1585,39,8,2023-03-25,TRUE,5,"Mango","All Seasons",TRUE,10.84,86.72,19,"Urban - Medium Density",TRUE
5800,386,46,5,2023-05-03,FALSE,1,"Chestnut","All Seasons",TRUE,-4.08,-20.4,43,"Urban - Medium Density",FALSE
5801,239,36,4,2023-01-21,TRUE,50,"Raspberry","Summer",TRUE,5.87,23.48,31,"Urban - Medium Density",TRUE
5802,587,17,3,2023-10-14,TRUE,-2,"Pea","All Seasons",TRUE,-2.07,-6.21,72,"Urban - High Density",TRUE
5803,43,12,3,2023-01-18,TRUE,50,"Banana","All Seasons",TRUE,10.29,30.87,65,"Urban - High Density",FALSE
5804,31,4,1,2023-02-06,TRUE,6,"Watermelon","Unknown",TRUE,12.08,12.08,78,"Urban - Medium Density",NA
5805,583,5,6,2023-08-16,TRUE,2,"Apricot","Summer",FALSE,10.18,61.08,32,"Urban - High Density",TRUE
5806,1391,39,10,2023-03-22,TRUE,2,"Mango","All Seasons",TRUE,10.84,108.4,56,"Rural",FALSE
5807,1357,37,3,2023-09-19,TRUE,-2,"Radish","Unknown",TRUE,7.32,21.96,25,"Rural",FALSE
5808,318,46,9,2023-04-13,TRUE,3,"Chestnut","All Seasons",TRUE,-4.08,-36.72,120,"Urban - High Density",TRUE
5809,1264,1,10,2023-01-29,TRUE,50,"Strawberry","Unknown",TRUE,4.42,44.2,39,"Urban - High Density",TRUE
5810,1289,8,0,2023-08-15,TRUE,6,"Garlic","Winter",TRUE,3.66,0,72,"Urban - High Density",FALSE
5811,1406,37,-3,2023-06-24,TRUE,4,"Radish","Unknown",TRUE,7.32,-21.96,48,"Urban - High Density",FALSE
5812,1030,8,2,2023-06-28,TRUE,50,"Garlic","Winter",TRUE,3.66,7.32,45,"Urban - Medium Density",TRUE
5813,1183,1,6,2023-07-11,FALSE,2,"Strawberry","Unknown",TRUE,4.42,26.52,76,"Rural",TRUE
5814,65,20,7,2023-08-05,TRUE,2,"Corn","All Seasons",TRUE,12.25,85.75,61,"Rural",TRUE
5815,803,37,-3,2023-06-18,TRUE,1,"Radish","Unknown",TRUE,7.32,-21.96,33,"Urban - Medium Density",TRUE
5816,1733,15,4,2023-04-05,TRUE,1,"Cabbage","All Seasons",FALSE,3.34,13.36,38,"Unknown",FALSE
5817,167,8,10,2023-08-01,TRUE,7,"Garlic","Winter",TRUE,3.66,36.6,20,"Urban - High Density",TRUE
5818,856,22,9,2023-06-12,TRUE,6,"Green Bean","All Seasons",FALSE,-4.21,-37.89,30,"Urban - High Density",TRUE
5819,1047,11,7,2023-05-12,TRUE,3,"Strawberry","Summer",TRUE,5.35,37.45,25,"Urban - Medium Density",TRUE
5820,598,47,2,2023-06-07,TRUE,-2,"Mango","Summer",FALSE,2.32,4.64,44,"Rural",TRUE
5821,1995,13,0,2023-09-03,TRUE,2,"Cucumber","All Seasons",NA,8.17,0,33,"Urban - High Density",TRUE
5822,675,8,8,2023-07-12,TRUE,5,"Garlic","Winter",TRUE,3.66,29.28,20,"Rural",FALSE
5823,873,32,7,2023-12-27,TRUE,1,"Raspberry","All Seasons",TRUE,12.49,87.43,41,"Urban - High Density",FALSE
5824,1260,11,4,2023-05-01,TRUE,6,"Strawberry","Summer",TRUE,5.35,21.4,29,"Urban - Medium Density",FALSE
5825,1252,30,-3,2023-04-25,TRUE,2,"Lychee","All Seasons",TRUE,1.21,-3.63,120,"Urban - High Density",TRUE
5826,1776,44,6,2023-09-23,TRUE,50,"Apple","Summer",TRUE,9.24,55.44,65,"Urban - High Density",FALSE
5827,94,36,2,2023-01-10,TRUE,2,"Raspberry","Summer",TRUE,5.87,11.74,45,"Urban - Medium Density",TRUE
5828,199,5,4,2023-08-09,TRUE,50,"Apricot","Summer",FALSE,10.18,40.72,51,"Urban - High Density",TRUE
5829,651,15,10,2023-06-03,TRUE,5,"Cabbage","All Seasons",FALSE,3.34,33.4,25,"Urban - High Density",TRUE
5830,1336,20,3,2023-12-05,TRUE,6,"Corn","All Seasons",TRUE,12.25,36.75,30,"Urban - High Density",FALSE
5831,692,7,3,2023-04-02,TRUE,3,"Lettuce","Unknown",TRUE,8.68,26.04,63,"Urban - Medium Density",TRUE
5832,1189,43,4,2023-08-17,TRUE,50,"Pear","Unknown",TRUE,4.62,18.48,48,"Urban - Medium Density",NA
5833,1308,23,5,2023-07-02,TRUE,1,"Corn","Winter",FALSE,1.53,7.65,36,"Urban - High Density",FALSE
5834,1347,36,1,2023-05-19,TRUE,1,"Raspberry","Summer",TRUE,5.87,5.87,28,"Rural",FALSE
5835,118,44,7,2023-04-04,TRUE,6,"Apple","Summer",TRUE,9.24,64.68,55,"Urban - Medium Density",TRUE
5836,1415,33,4,2023-10-07,TRUE,4,"Banana","All Seasons",TRUE,13.25,53,68,"Urban - High Density",FALSE
5837,1913,17,3,2023-04-21,TRUE,5,"Pea","All Seasons",TRUE,-2.07,-6.21,67,"Urban - Medium Density",TRUE
5838,572,39,-3,NA,TRUE,4,"Mango","All Seasons",TRUE,10.84,-32.52,71,"Urban - High Density",FALSE
5839,1884,19,0,2023-12-26,TRUE,-2,"Banana","Winter",TRUE,-0.17,0,44,"Urban - Medium Density",FALSE
5840,1863,43,0,2023-05-22,TRUE,1,"Pear","Unknown",TRUE,4.62,0,77,"Rural",TRUE
5841,129,7,-3,2023-08-09,TRUE,2,"Lettuce","Unknown",TRUE,8.68,-26.04,41,"Rural",TRUE
5842,1080,39,8,2023-06-18,TRUE,1,"Mango","All Seasons",TRUE,10.84,86.72,55,"Rural",TRUE
5843,395,32,2,2023-06-14,TRUE,4,"Raspberry","All Seasons",TRUE,12.49,24.98,72,"Urban - High Density",TRUE
5844,1044,27,2,2023-05-14,TRUE,5,"Peach","Winter",TRUE,13.88,27.76,47,"Unknown",FALSE
5845,1437,23,9,2023-05-24,TRUE,3,"Corn","Winter",FALSE,1.53,13.77,78,"Urban - High Density",TRUE
5846,946,30,6,2023-09-29,TRUE,3,"Lychee","All Seasons",TRUE,1.21,7.26,58,"Urban - High Density",TRUE
5847,477,19,7,2023-04-16,TRUE,2,"Banana","Winter",TRUE,-0.17,-1.19,74,"Urban - High Density",TRUE
5848,669,25,6,2023-02-16,TRUE,50,"Broccoli","All Seasons",TRUE,3.11,18.66,66,"Urban - Medium Density",FALSE
5849,1466,18,10,2023-07-30,TRUE,50,"Apple","All Seasons",TRUE,14.07,140.7,19,"Rural",FALSE
5850,1498,7,6,2023-02-05,TRUE,1,"Lettuce","Unknown",TRUE,8.68,52.08,33,"Urban - Medium Density",FALSE
5851,225,45,9,2023-05-01,TRUE,5,"Apricot","All Seasons",TRUE,7.43,66.87,28,"Urban - Medium Density",TRUE
5852,848,28,3,2023-01-08,TRUE,50,"Raspberry","Unknown",TRUE,14.97,44.91,75,"Urban - Medium Density",TRUE
5853,1495,45,3,2023-07-23,TRUE,6,"Apricot","All Seasons",TRUE,7.43,22.29,21,"Rural",FALSE
5854,1535,48,0,2023-12-30,TRUE,4,"Blueberry","Winter",TRUE,0.78,0,79,"Urban - High Density",FALSE
5855,272,39,0,2023-10-28,TRUE,4,"Mango","All Seasons",TRUE,10.84,0,26,"Rural",TRUE
5856,1283,17,4,2023-09-20,TRUE,3,"Pea","All Seasons",TRUE,-2.07,-8.28,37,"Urban - High Density",FALSE
5857,186,14,10,2023-08-26,TRUE,2,"Fig","Summer",TRUE,3.67,36.7,64,"Urban - High Density",NA
5858,1034,20,1,2023-06-11,TRUE,7,"Corn","All Seasons",TRUE,12.25,12.25,52,"Rural",FALSE
5859,1985,49,5,2023-06-10,TRUE,4,"Cherry","Summer",NA,1.84,9.2,29,"",TRUE
5860,1711,29,7,2023-10-24,TRUE,-2,"Orange","Summer",FALSE,9.07,63.49,23,"Urban - Medium Density",TRUE
5861,576,36,10,2023-04-11,TRUE,3,"Raspberry","Summer",TRUE,5.87,58.7,32,"Urban - High Density",FALSE
5862,1163,36,8,2023-11-20,TRUE,7,"Raspberry","Summer",TRUE,5.87,46.96,66,"Urban - Medium Density",TRUE
5863,877,32,7,2023-11-06,TRUE,3,"Raspberry","All Seasons",TRUE,12.49,87.43,50,"Urban - High Density",FALSE
5864,1942,42,-3,2023-06-12,TRUE,50,"Pomegranate","Winter",TRUE,10.95,-32.85,46,"Urban - High Density",TRUE
5865,1241,5,2,2023-02-28,TRUE,3,"Apricot","Summer",FALSE,10.18,20.36,40,"Urban - Medium Density",TRUE
5866,1253,49,6,2023-02-13,TRUE,2,"Cherry","Summer",NA,1.84,11.04,75,"Rural",TRUE
5867,911,43,8,2023-06-26,TRUE,7,"Pear","Unknown",TRUE,4.62,36.96,48,"Urban - Medium Density",TRUE
5868,1550,20,7,2023-06-19,TRUE,7,"Corn","All Seasons",TRUE,12.25,85.75,74,"Urban - Medium Density",FALSE
5869,25,1,6,2023-02-27,TRUE,3,"Strawberry","Unknown",TRUE,4.42,26.52,68,"Urban - Medium Density",TRUE
5870,551,33,9,2023-10-02,TRUE,3,"Banana","All Seasons",TRUE,13.25,119.25,35,"Urban - Medium Density",TRUE
5871,703,45,5,2023-01-27,TRUE,2,"Apricot","All Seasons",TRUE,7.43,37.15,73,"Urban - High Density",TRUE
5872,636,1,10,2023-04-10,TRUE,3,"Strawberry","Unknown",TRUE,4.42,44.2,54,"Urban - Medium Density",FALSE
5873,863,37,3,2023-07-24,TRUE,2,"Radish","Unknown",TRUE,7.32,21.96,39,"Urban - High Density",FALSE
5874,1087,20,2,2023-12-07,TRUE,-2,"Corn","All Seasons",TRUE,12.25,24.5,77,"Urban - High Density",FALSE
5875,1606,19,4,2023-03-25,NA,50,"Banana","Winter",TRUE,-0.17,-0.68,30,"Urban - Medium Density",TRUE
5876,976,1,4,2023-10-14,TRUE,3,"Strawberry","Unknown",TRUE,4.42,17.68,46,"Urban - Medium Density",TRUE
5877,405,43,-3,2023-06-30,FALSE,3,"Pear","Unknown",TRUE,4.62,-13.86,40,"Urban - High Density",TRUE
5878,1560,15,6,2023-11-05,TRUE,4,"Cabbage","All Seasons",FALSE,3.34,20.04,37,"Urban - High Density",FALSE
5879,1230,9,8,2023-05-04,TRUE,7,"Onion","Unknown",TRUE,5.01,40.08,34,"Rural",FALSE
5880,76,31,5,2023-07-03,TRUE,7,"Chestnut","All Seasons",NA,0.13,0.65,22,"Urban - High Density",TRUE
5881,1106,42,8,2023-04-12,TRUE,1,"Pomegranate","Winter",TRUE,10.95,87.6,27,"Urban - High Density",FALSE
5882,290,19,5,2023-08-17,TRUE,2,"Banana","Winter",TRUE,-0.17,-0.85,54,"Urban - High Density",TRUE
5883,1781,16,0,2023-08-09,TRUE,-2,"Chestnut","Summer",TRUE,3.39,0,27,"Urban - High Density",TRUE
5884,276,9,-3,2023-02-28,FALSE,6,"Onion","Unknown",TRUE,5.01,-15.03,43,"Rural",TRUE
5885,1343,23,9,2023-07-10,TRUE,50,"Corn","Winter",FALSE,1.53,13.77,19,"Urban - Medium Density",TRUE
5886,1191,11,2,2023-03-27,TRUE,3,"Strawberry","Summer",TRUE,5.35,10.7,31,"Urban - Medium Density",FALSE
5887,1481,14,9,2023-05-11,TRUE,-2,"Fig","Summer",TRUE,3.67,33.03,23,"Urban - High Density",TRUE
5888,1692,6,-3,2023-10-19,TRUE,4,"Walnut","Summer",TRUE,-3.25,9.75,39,"Urban - Medium Density",TRUE
5889,226,28,7,2023-01-03,TRUE,3,"Raspberry","Unknown",TRUE,14.97,104.79,35,"Urban - Medium Density",TRUE
5890,1075,30,3,2023-05-04,TRUE,6,"Lychee","All Seasons",TRUE,1.21,3.63,48,"Rural",FALSE
5891,391,37,8,2023-02-19,TRUE,2,"Radish","Unknown",TRUE,7.32,58.56,5,"Urban - Medium Density",TRUE
5892,482,29,4,2023-01-01,TRUE,1,"Orange","Summer",FALSE,9.07,36.28,30,"Urban - High Density",TRUE
5893,504,17,0,2023-04-22,TRUE,4,"Pea","All Seasons",TRUE,-2.07,0,61,"Urban - High Density",TRUE
5894,1480,36,4,2023-08-04,TRUE,5,"Raspberry","Summer",TRUE,5.87,23.48,65,"Urban - High Density",FALSE
5895,578,28,1,2023-02-12,TRUE,3,"Raspberry","Unknown",TRUE,14.97,14.97,79,"Urban - High Density",FALSE
5896,1741,47,5,2023-11-01,NA,-2,"Mango","Summer",FALSE,2.32,11.6,32,"Urban - Medium Density",FALSE
5897,959,36,6,2023-08-18,TRUE,3,"Raspberry","Summer",TRUE,5.87,35.22,24,"Urban - Medium Density",FALSE
5898,1930,35,8,2023-11-28,TRUE,4,"Hazelnut","All Seasons",TRUE,6.96,55.68,46,"Urban - Medium Density",TRUE
5899,1080,1,9,2023-02-26,FALSE,6,"Strawberry","Unknown",TRUE,4.42,39.78,55,"Rural",TRUE
5900,1717,29,0,2023-05-26,TRUE,-2,"Orange","Summer",FALSE,9.07,0,49,"Urban - High Density",NA
5901,543,36,7,2023-12-20,TRUE,4,"Raspberry","Summer",TRUE,5.87,41.09,22,"Urban - High Density",TRUE
5902,469,47,3,2023-12-14,TRUE,4,"Mango","Summer",FALSE,2.32,6.96,57,"Urban - High Density",TRUE
5903,1885,10,-3,2023-11-20,TRUE,50,"Blueberry","Summer",FALSE,4.44,-13.32,67,"Urban - High Density",FALSE
5904,717,8,3,2023-05-16,TRUE,1,"Garlic","Winter",TRUE,3.66,10.98,77,"Urban - High Density",TRUE
5905,550,27,3,2023-09-12,TRUE,4,"Peach","Winter",TRUE,13.88,41.64,55,"Rural",FALSE
5906,1367,24,1,2023-02-16,TRUE,7,"Asparagus","Winter",FALSE,2.01,2.01,77,"Urban - High Density",FALSE
5907,1954,35,8,2023-05-13,TRUE,4,"Hazelnut","All Seasons",TRUE,6.96,55.68,44,"Urban - High Density",FALSE
5908,1086,46,9,2023-09-29,TRUE,-2,"Chestnut","All Seasons",TRUE,-4.08,-36.72,76,"Urban - High Density",TRUE
5909,933,5,9,2023-11-29,TRUE,6,"Apricot","Summer",FALSE,10.18,91.62,64,"Urban - High Density",TRUE
5910,1091,4,2,2023-08-02,TRUE,7,"Watermelon","Unknown",TRUE,12.08,24.16,43,"Urban - Medium Density",NA
5911,805,34,10,2023-06-19,TRUE,2,"Celery","Winter",TRUE,5.77,57.7,80,"Urban - High Density",TRUE
5912,550,38,4,2023-03-05,TRUE,3,"Apricot","Summer",TRUE,8.8,35.2,55,"Rural",FALSE
5913,1307,5,6,2023-12-27,TRUE,3,"Apricot","Summer",FALSE,10.18,61.08,45,"Urban - High Density",TRUE
5914,315,24,5,2023-07-30,TRUE,4,"Asparagus","Winter",FALSE,2.01,10.05,78,"Urban - High Density",FALSE
5915,1766,33,1,2023-04-07,TRUE,4,"Banana","All Seasons",TRUE,13.25,13.25,31,"Urban - High Density",FALSE
5916,1775,48,9,2023-09-21,TRUE,5,"Blueberry","Winter",TRUE,0.78,7.02,34,"Urban - Medium Density",TRUE
5917,1817,40,6,2023-08-28,TRUE,3,"Orange","Winter",FALSE,3.87,23.22,44,"Urban - High Density",TRUE
5918,865,44,4,2023-03-21,TRUE,5,"Apple","Summer",TRUE,9.24,36.96,27,"Urban - High Density",TRUE
5919,1845,48,5,2023-09-20,TRUE,6,"Blueberry","Winter",TRUE,0.78,3.9,59,"Urban - Medium Density",FALSE
5920,895,41,9,2023-12-29,TRUE,50,"Strawberry","Summer",TRUE,4.94,44.46,34,"Urban - Medium Density",TRUE
5921,1883,21,8,2023-06-27,TRUE,4,"Sweet Potato","All Seasons",TRUE,12.3,98.4,57,"Urban - Medium Density",FALSE
5922,1551,38,4,2023-12-11,TRUE,3,"Apricot","Summer",TRUE,8.8,35.2,63,"Urban - High Density",TRUE
5923,1126,2,10,2023-05-09,FALSE,6,"Grape","Unknown",TRUE,10.56,105.6,44,"Urban - High Density",FALSE
5924,1670,27,1,2023-10-26,TRUE,-2,"Peach","Winter",TRUE,13.88,13.88,32,"Urban - High Density",TRUE
5925,1464,19,4,2023-04-22,TRUE,6,"Banana","Winter",TRUE,-0.17,-0.68,38,"Urban - High Density",FALSE
5926,1400,13,-3,2023-10-05,FALSE,-2,"Cucumber","All Seasons",NA,8.17,-24.51,80,"Rural",TRUE
5927,1390,13,2,2023-05-26,TRUE,7,"Cucumber","All Seasons",NA,8.17,16.34,20,"Rural",NA
5928,562,38,7,2023-10-18,TRUE,3,"Apricot","Summer",TRUE,8.8,61.6,44,"Urban - Medium Density",TRUE
5929,254,39,-3,2023-07-14,TRUE,6,"Mango","All Seasons",TRUE,10.84,-32.52,74,"Urban - Medium Density",FALSE
5930,1060,41,8,2023-02-26,TRUE,5,"Strawberry","Summer",TRUE,4.94,39.52,46,"Urban - High Density",FALSE
5931,303,11,1,2023-11-12,TRUE,5,"Strawberry","Summer",TRUE,5.35,5.35,75,"Rural",TRUE
5932,504,9,1,2023-09-15,TRUE,2,"Onion","Unknown",TRUE,5.01,5.01,61,"Urban - High Density",TRUE
5933,1971,23,6,2023-04-16,TRUE,4,"Corn","Winter",FALSE,1.53,9.18,42,"Rural",TRUE
5934,874,45,4,2023-02-23,TRUE,5,"Apricot","All Seasons",TRUE,7.43,29.72,5,"Urban - Medium Density",TRUE
5935,1194,29,1,2023-11-21,TRUE,3,"Orange","Summer",FALSE,9.07,9.07,77,"Urban - High Density",TRUE
5936,1632,29,5,2023-07-02,TRUE,2,"Orange","Summer",FALSE,9.07,45.35,75,"Urban - Medium Density",FALSE
5937,1476,4,7,2023-06-13,TRUE,50,"Watermelon","Unknown",TRUE,12.08,84.56,23,"Rural",NA
5938,677,40,-3,2023-07-24,TRUE,50,"Orange","Winter",FALSE,3.87,-11.61,50,"Urban - High Density",TRUE
5939,1754,29,-3,2023-03-27,TRUE,4,"Orange","Summer",FALSE,9.07,-27.21,52,"Urban - Medium Density",TRUE
5940,1579,2,8,2023-03-05,TRUE,6,"Grape","Unknown",TRUE,10.56,84.48,22,"Urban - Medium Density",TRUE
5941,3,50,1,2023-10-14,TRUE,-2,"Sweet Potato","Unknown",FALSE,1.01,1.01,29,"Urban - High Density",FALSE
5942,1545,14,9,2023-11-16,TRUE,1,"Fig","Summer",TRUE,3.67,33.03,54,"Urban - High Density",FALSE
5943,1091,50,6,2023-02-13,TRUE,1,"Sweet Potato","Unknown",FALSE,1.01,6.06,43,"Urban - Medium Density",NA
5944,1953,4,2,2023-09-08,TRUE,7,"Watermelon","Unknown",TRUE,12.08,24.16,33,"Urban - High Density",TRUE
5945,703,13,8,2023-10-25,TRUE,6,"Cucumber","All Seasons",NA,8.17,65.36,73,"Urban - High Density",TRUE
5946,1108,25,4,2023-05-22,TRUE,3,"Broccoli","All Seasons",TRUE,3.11,12.44,35,"Urban - High Density",TRUE
5947,1456,11,2,2023-04-07,TRUE,7,"Strawberry","Summer",TRUE,5.35,10.7,23,"Urban - Medium Density",FALSE
5948,1388,40,7,2023-06-22,TRUE,1,"Orange","Winter",FALSE,3.87,27.09,54,"Urban - Medium Density",TRUE
5949,1423,4,0,2023-04-18,TRUE,1,"Watermelon","Unknown",TRUE,12.08,0,50,"Urban - High Density",TRUE
5950,375,20,1,2023-10-21,TRUE,4,"Corn","All Seasons",TRUE,12.25,12.25,32,"Urban - High Density",TRUE
5951,1145,19,9,2023-08-14,TRUE,4,"Banana","Winter",TRUE,-0.17,-1.53,43,"Rural",TRUE
5952,1579,48,0,2023-12-15,TRUE,-2,"Blueberry","Winter",TRUE,0.78,0,22,"Urban - Medium Density",TRUE
5953,701,39,10,2023-10-19,TRUE,5,"Mango","All Seasons",TRUE,10.84,108.4,72,"Urban - Medium Density",TRUE
5954,732,36,0,2023-08-23,TRUE,3,"Raspberry","Summer",TRUE,5.87,0,61,"Unknown",TRUE
5955,1401,48,7,2023-01-22,TRUE,6,"Blueberry","Winter",TRUE,0.78,5.46,50,"Urban - Medium Density",TRUE
5956,1922,9,5,2023-09-11,TRUE,6,"Onion","Unknown",TRUE,5.01,25.05,68,"Urban - High Density",FALSE
5957,892,43,9,2023-02-03,TRUE,6,"Pear","Unknown",TRUE,4.62,41.58,31,"Urban - High Density",TRUE
5958,792,20,10,2023-06-05,FALSE,2,"Corn","All Seasons",TRUE,12.25,122.5,62,"Urban - Medium Density",TRUE
5959,424,42,0,2023-05-31,TRUE,7,"Pomegranate","Winter",TRUE,10.95,0,24,"",TRUE
5960,1491,23,3,2023-03-22,TRUE,5,"Corn","Winter",FALSE,1.53,4.59,5,"Urban - Medium Density",FALSE
5961,1014,34,8,2023-10-09,TRUE,50,"Celery","Winter",TRUE,5.77,46.16,77,"Urban - High Density",TRUE
5962,1416,33,5,2023-06-08,TRUE,2,"Banana","All Seasons",TRUE,13.25,66.25,23,"Urban - High Density",FALSE
5963,330,4,2,2023-08-27,TRUE,-2,"Watermelon","Unknown",TRUE,12.08,24.16,80,"Urban - High Density",TRUE
5964,1107,28,9,2023-06-30,TRUE,-2,"Raspberry","Unknown",TRUE,14.97,134.73,59,"Urban - High Density",TRUE
5965,1757,6,0,2023-07-02,TRUE,7,"Walnut","Summer",TRUE,-3.25,0,26,"Urban - Medium Density",TRUE
5966,1504,45,6,2023-11-04,TRUE,50,"Apricot","All Seasons",TRUE,7.43,44.58,70,"Urban - Medium Density",FALSE
5967,938,9,5,2023-07-26,TRUE,50,"Onion","Unknown",TRUE,5.01,25.05,77,"Urban - High Density",FALSE
5968,1919,15,8,2023-04-04,TRUE,4,"Cabbage","All Seasons",FALSE,3.34,26.72,61,"Rural",FALSE
5969,1548,1,9,2023-08-27,NA,5,"Strawberry","Unknown",TRUE,4.42,39.78,52,"Rural",TRUE
5970,821,1,5,2023-05-31,TRUE,50,"Strawberry","Unknown",TRUE,4.42,22.1,29,"Rural",TRUE
5971,1797,32,5,2023-03-23,TRUE,3,"Raspberry","All Seasons",TRUE,12.49,62.45,28,"Urban - Medium Density",TRUE
5972,1038,11,3,2023-06-25,TRUE,7,"Strawberry","Summer",TRUE,5.35,16.05,57,"Unknown",TRUE
5973,1786,47,7,2023-05-06,TRUE,2,"Mango","Summer",FALSE,2.32,16.24,76,"Rural",TRUE
5974,1681,32,5,2023-10-26,TRUE,5,"Raspberry","All Seasons",TRUE,12.49,62.45,27,"",TRUE
5975,1567,43,8,2023-05-22,TRUE,50,"Pear","Unknown",TRUE,4.62,36.96,78,"Urban - Medium Density",TRUE
5976,1432,15,7,2023-02-22,TRUE,7,"Cabbage","All Seasons",FALSE,3.34,23.38,24,"Urban - Medium Density",FALSE
5977,938,6,3,2023-01-19,TRUE,5,"Walnut","Summer",TRUE,-3.25,-9.75,77,"Urban - High Density",FALSE
5978,532,46,9,2023-07-28,TRUE,-2,"Chestnut","All Seasons",TRUE,-4.08,-36.72,38,"Urban - Medium Density",TRUE
5979,516,39,10,2023-03-03,TRUE,-2,"Mango","All Seasons",TRUE,10.84,108.4,33,"Urban - High Density",TRUE
5980,1886,40,5,2023-10-27,TRUE,3,"Orange","Winter",FALSE,3.87,19.35,66,"Urban - High Density",FALSE
5981,895,33,5,2023-12-25,TRUE,5,"Banana","All Seasons",TRUE,13.25,66.25,34,"Urban - Medium Density",TRUE
5982,1184,38,2,2023-04-26,TRUE,3,"Apricot","Summer",TRUE,8.8,17.6,71,"Urban - High Density",TRUE
5983,110,39,8,2023-08-07,TRUE,1,"Mango","All Seasons",TRUE,10.84,86.72,59,"Urban - Medium Density",TRUE
5984,950,44,3,2023-03-27,TRUE,5,"Apple","Summer",TRUE,9.24,27.72,63,"Urban - High Density",FALSE
5985,1779,44,10,2023-11-27,TRUE,5,"Apple","Summer",TRUE,9.24,92.4,22,"Urban - High Density",FALSE
5986,1245,8,7,2023-07-15,FALSE,2,"Garlic","Winter",TRUE,3.66,25.62,25,"Urban - High Density",FALSE
5987,1085,42,-3,2023-05-05,FALSE,3,"Pomegranate","Winter",TRUE,10.95,-32.85,38,"Urban - High Density",TRUE
5988,1579,43,0,2023-04-27,TRUE,1,"Pear","Unknown",TRUE,4.62,0,22,"Urban - Medium Density",TRUE
5989,1838,11,6,2023-11-03,TRUE,4,"Strawberry","Summer",TRUE,5.35,32.1,5,"Urban - High Density",TRUE
5990,1133,26,10,2023-05-21,TRUE,5,"Mango","Summer",TRUE,-1.79,-17.9,79,"Urban - High Density",TRUE
5991,1088,45,10,2023-05-01,TRUE,3,"Apricot","All Seasons",TRUE,7.43,74.3,23,"Rural",TRUE
5992,224,45,0,2023-06-20,TRUE,-2,"Apricot","All Seasons",TRUE,7.43,0,41,"Urban - High Density",FALSE
5993,1710,18,6,2023-11-19,TRUE,1,"Apple","All Seasons",TRUE,14.07,84.42,74,"Urban - High Density",TRUE
5994,1004,30,0,2023-02-15,TRUE,1,"Lychee","All Seasons",TRUE,1.21,0,41,"Urban - High Density",FALSE
5995,377,32,3,2023-05-10,TRUE,5,"Raspberry","All Seasons",TRUE,12.49,37.47,72,"Urban - Medium Density",FALSE
5996,1266,14,2,2023-05-14,TRUE,-2,"Fig","Summer",TRUE,3.67,7.34,49,"Urban - High Density",TRUE
5997,20,38,8,2023-08-14,TRUE,7,"Apricot","Summer",TRUE,8.8,70.4,24,"Urban - Medium Density",FALSE
5998,1731,50,7,2023-04-19,TRUE,6,"Sweet Potato","Unknown",FALSE,1.01,7.07,57,"",FALSE
5999,1503,27,7,2023-12-26,TRUE,5,"Peach","Winter",TRUE,13.88,97.16,43,"Urban - High Density",FALSE
6000,970,22,6,2023-01-13,TRUE,3,"Green Bean","All Seasons",FALSE,-4.21,-25.26,30,"Urban - Medium Density",TRUE
6001,1700,11,-3,2023-06-25,TRUE,3,"Strawberry","Summer",TRUE,5.35,-16.05,31,"Urban - Medium Density",TRUE
6002,640,42,2,2023-06-20,TRUE,5,"Pomegranate","Winter",TRUE,10.95,21.9,31,"Urban - High Density",FALSE
6003,827,2,1,2023-04-08,TRUE,-2,"Grape","Unknown",TRUE,10.56,10.56,28,"Urban - High Density",TRUE
6004,1144,50,10,2023-10-02,TRUE,5,"Sweet Potato","Unknown",FALSE,1.01,10.1,55,"Rural",TRUE
6005,1983,20,8,2023-12-01,TRUE,6,"Corn","All Seasons",TRUE,12.25,98,74,"Urban - High Density",TRUE
6006,617,48,5,2023-09-20,TRUE,5,"Blueberry","Winter",TRUE,0.78,3.9,57,"Urban - High Density",TRUE
6007,1854,3,10,2023-06-13,FALSE,2,"Raspberry","Unknown",FALSE,10.26,102.6,20,"Urban - Medium Density",TRUE
6008,692,40,1,2023-01-26,TRUE,-2,"Orange","Winter",FALSE,3.87,3.87,63,"Urban - Medium Density",TRUE
6009,353,29,2,2023-04-02,TRUE,3,"Orange","Summer",FALSE,9.07,18.14,63,"Urban - High Density",TRUE
6010,154,31,-3,2023-07-20,TRUE,1,"Chestnut","All Seasons",NA,0.13,-0.39,75,"Urban - High Density",TRUE
6011,1646,38,5,2023-02-06,TRUE,2,"Apricot","Summer",TRUE,8.8,44,40,"Urban - High Density",TRUE
6012,1199,21,6,2023-07-31,TRUE,5,"Sweet Potato","All Seasons",TRUE,12.3,73.8,72,"Urban - High Density",NA
6013,988,34,8,2023-05-15,TRUE,2,"Celery","Winter",TRUE,5.77,46.16,41,"Urban - Medium Density",TRUE
6014,653,32,2,2023-07-02,TRUE,4,"Raspberry","All Seasons",TRUE,12.49,24.98,5,"Urban - Medium Density",FALSE
6015,1173,20,4,2023-05-23,TRUE,-2,"Corn","All Seasons",TRUE,12.25,49,38,"Rural",NA
6016,1821,32,0,2023-10-08,TRUE,1,"Raspberry","All Seasons",TRUE,12.49,0,51,"Urban - High Density",FALSE
6017,1092,31,8,2023-02-26,TRUE,7,"Chestnut","All Seasons",NA,0.13,1.04,43,"Urban - Medium Density",TRUE
6018,1476,36,1,2023-07-30,FALSE,6,"Raspberry","Summer",TRUE,5.87,5.87,23,"Rural",NA
6019,1846,11,4,2023-04-23,TRUE,5,"Strawberry","Summer",TRUE,5.35,21.4,58,"Rural",FALSE
6020,1000,7,7,2023-11-11,TRUE,7,"Lettuce","Unknown",TRUE,8.68,60.76,27,"Urban - Medium Density",FALSE
6021,751,23,7,2023-11-06,TRUE,1,"Corn","Winter",FALSE,1.53,10.71,58,"Urban - High Density",TRUE
6022,89,25,-3,2023-07-05,TRUE,3,"Broccoli","All Seasons",TRUE,3.11,-9.33,63,"Urban - Medium Density",TRUE
6023,1617,40,5,2023-08-10,TRUE,-2,"Orange","Winter",FALSE,3.87,19.35,22,"Urban - High Density",FALSE
6024,109,29,7,2023-11-02,FALSE,1,"Orange","Summer",FALSE,9.07,63.49,61,"Urban - High Density",FALSE
6025,1171,35,5,2023-12-12,TRUE,4,"Hazelnut","All Seasons",TRUE,6.96,34.8,77,"Urban - High Density",NA
6026,959,33,1,2023-08-18,TRUE,6,"Banana","All Seasons",TRUE,13.25,13.25,24,"Urban - Medium Density",FALSE
6027,1748,13,5,2023-10-28,TRUE,4,"Cucumber","All Seasons",NA,8.17,40.85,74,"Urban - Medium Density",TRUE
6028,199,48,5,2023-11-22,NA,1,"Blueberry","Winter",TRUE,0.78,3.9,51,"Urban - High Density",TRUE
6029,1283,32,4,2023-02-22,TRUE,5,"Raspberry","All Seasons",TRUE,12.49,49.96,37,"Urban - High Density",FALSE
6030,1471,19,9,2023-06-17,TRUE,1,"Banana","Winter",TRUE,-0.17,-1.53,22,"Urban - High Density",FALSE
6031,1811,23,2,2023-12-06,TRUE,1,"Corn","Winter",FALSE,1.53,3.06,42,"Urban - Medium Density",FALSE
6032,995,35,8,2023-12-08,TRUE,50,"Hazelnut","All Seasons",TRUE,6.96,55.68,22,"Rural",TRUE
6033,1309,6,3,2023-07-03,FALSE,-2,"Walnut","Summer",TRUE,-3.25,-9.75,53,"Urban - High Density",FALSE
6034,457,12,9,2023-11-21,TRUE,50,"Banana","All Seasons",TRUE,10.29,92.61,20,"Urban - High Density",FALSE
6035,642,28,1,2023-11-20,TRUE,6,"Raspberry","Unknown",TRUE,14.97,14.97,49,"Rural",NA
6036,735,20,0,2023-08-20,TRUE,4,"Corn","All Seasons",TRUE,12.25,0,24,"Urban - Medium Density",TRUE
6037,1101,21,2,2023-05-25,TRUE,2,"Sweet Potato","All Seasons",TRUE,12.3,24.6,75,"Rural",TRUE
6038,1646,17,3,2023-06-10,TRUE,1,"Pea","All Seasons",TRUE,-2.07,-6.21,40,"Urban - High Density",TRUE
6039,1436,26,10,2023-03-10,TRUE,-2,"Mango","Summer",TRUE,-1.79,-17.9,39,"Urban - Medium Density",TRUE
6040,553,14,7,2023-04-30,TRUE,6,"Fig","Summer",TRUE,3.67,25.69,33,"Urban - Medium Density",TRUE
6041,1284,16,8,2023-10-28,TRUE,2,"Chestnut","Summer",TRUE,3.39,27.12,53,"Urban - High Density",FALSE
6042,1512,17,5,2023-01-26,TRUE,4,"Pea","All Seasons",TRUE,-2.07,-10.35,65,"Urban - Medium Density",TRUE
6043,664,38,8,2023-08-16,TRUE,2,"Apricot","Summer",TRUE,8.8,70.4,51,"Urban - High Density",FALSE
6044,1612,18,10,2023-03-10,TRUE,1,"Apple","All Seasons",TRUE,14.07,140.7,58,"Unknown",FALSE
6045,509,33,4,2023-11-19,TRUE,50,"Banana","All Seasons",TRUE,13.25,53,33,"Urban - High Density",TRUE
6046,35,1,1,2023-02-09,TRUE,3,"Strawberry","Unknown",TRUE,4.42,4.42,36,"Urban - High Density",FALSE
6047,739,5,0,2023-01-25,TRUE,-2,"Apricot","Summer",FALSE,10.18,0,48,"Urban - High Density",TRUE
6048,1344,33,10,2023-06-16,TRUE,3,"Banana","All Seasons",TRUE,13.25,132.5,30,"Rural",TRUE
6049,1195,39,2,2023-02-12,TRUE,6,"Mango","All Seasons",TRUE,10.84,21.68,51,"Urban - High Density",TRUE
6050,1978,4,8,2023-06-08,TRUE,-2,"Watermelon","Unknown",TRUE,12.08,96.64,71,"Urban - Medium Density",TRUE
6051,649,26,8,2023-05-26,TRUE,7,"Mango","Summer",TRUE,-1.79,-14.32,74,"Urban - High Density",FALSE
6052,808,19,1,2023-08-02,TRUE,-2,"Banana","Winter",TRUE,-0.17,-0.17,64,"Urban - High Density",TRUE
6053,791,9,10,2023-12-06,TRUE,7,"Onion","Unknown",TRUE,5.01,50.1,80,"Urban - High Density",TRUE
6054,907,39,8,2023-10-24,TRUE,50,"Mango","All Seasons",TRUE,10.84,86.72,32,"Urban - High Density",FALSE
6055,1346,32,5,2023-05-05,TRUE,1,"Raspberry","All Seasons",TRUE,12.49,62.45,42,"Urban - High Density",TRUE
6056,1378,8,-3,2023-11-18,TRUE,4,"Garlic","Winter",TRUE,3.66,-10.98,60,"Urban - Medium Density",FALSE
6057,1337,8,6,2023-05-24,TRUE,50,"Garlic","Winter",TRUE,3.66,21.96,64,"Urban - Medium Density",FALSE
6058,1441,38,5,2023-09-02,TRUE,6,"Apricot","Summer",TRUE,8.8,44,29,"Urban - High Density",FALSE
6059,890,3,0,2023-08-23,TRUE,50,"Raspberry","Unknown",FALSE,10.26,0,58,"Urban - High Density",NA
6060,466,18,3,2023-03-27,TRUE,5,"Apple","All Seasons",TRUE,14.07,42.21,25,"Urban - Medium Density",FALSE
6061,1514,16,3,2023-03-18,TRUE,7,"Chestnut","Summer",TRUE,3.39,10.17,36,"Unknown",TRUE
6062,1189,21,9,2023-09-01,TRUE,6,"Sweet Potato","All Seasons",TRUE,12.3,110.7,48,"Urban - Medium Density",NA
6063,236,19,0,2023-12-15,TRUE,1,"Banana","Winter",TRUE,-0.17,0,46,"Urban - Medium Density",NA
6064,712,48,-3,2023-04-18,TRUE,50,"Blueberry","Winter",TRUE,0.78,-2.34,52,"Urban - High Density",TRUE
6065,1200,7,8,2023-03-04,TRUE,2,"Lettuce","Unknown",TRUE,8.68,69.44,63,"Urban - High Density",TRUE
6066,999,34,6,2023-02-04,FALSE,2,"Celery","Winter",TRUE,5.77,34.62,42,"Urban - High Density",FALSE
6067,1743,46,0,2023-08-31,TRUE,2,"Chestnut","All Seasons",TRUE,-4.08,0,51,"Urban - High Density",TRUE
6068,759,9,1,2023-05-10,TRUE,4,"Onion","Unknown",TRUE,5.01,5.01,27,"Rural",FALSE
6069,1681,14,3,2023-03-27,TRUE,50,"Fig","Summer",TRUE,3.67,11.01,27,"",TRUE
6070,1626,22,3,2023-02-10,TRUE,5,"Green Bean","All Seasons",FALSE,-4.21,-12.63,21,"Urban - High Density",FALSE
6071,553,4,2,2023-07-04,TRUE,4,"Watermelon","Unknown",TRUE,12.08,24.16,33,"Urban - Medium Density",TRUE
6072,1840,6,9,2023-08-15,TRUE,2,"Walnut","Summer",TRUE,-3.25,-29.25,55,"Urban - High Density",FALSE
6073,1553,29,3,2023-05-01,TRUE,3,"Orange","Summer",FALSE,9.07,27.21,74,"Urban - Medium Density",TRUE
6074,1048,36,1,2023-07-30,TRUE,-2,"Raspberry","Summer",TRUE,5.87,5.87,20,"Urban - High Density",NA
6075,553,44,4,2023-09-14,TRUE,1,"Apple","Summer",TRUE,9.24,36.96,33,"Urban - Medium Density",TRUE
6076,1944,2,4,2023-05-24,TRUE,6,"Grape","Unknown",TRUE,10.56,42.24,74,"Urban - Medium Density",FALSE
6077,1586,25,4,2023-08-03,TRUE,4,"Broccoli","All Seasons",TRUE,3.11,12.44,41,"Urban - High Density",NA
6078,1791,9,5,2023-08-26,TRUE,4,"Onion","Unknown",TRUE,5.01,25.05,60,"Urban - High Density",FALSE
6079,825,31,8,2023-07-17,TRUE,5,"Chestnut","All Seasons",NA,0.13,1.04,35,"Urban - High Density",FALSE
6080,317,44,5,2023-11-18,FALSE,1,"Apple","Summer",TRUE,9.24,46.2,33,"Urban - Medium Density",TRUE
6081,1605,42,5,2023-08-08,TRUE,2,"Pomegranate","Winter",TRUE,10.95,54.75,51,"Urban - Medium Density",TRUE
6082,1918,40,7,2023-03-07,TRUE,7,"Orange","Winter",FALSE,3.87,27.09,58,"Urban - High Density",TRUE
6083,18,20,2,2023-06-26,TRUE,7,"Corn","All Seasons",TRUE,12.25,24.5,47,"Urban - High Density",FALSE
6084,50,32,6,2023-12-23,TRUE,3,"Raspberry","All Seasons",TRUE,12.49,74.94,47,"Urban - Medium Density",FALSE
6085,1368,46,6,2023-04-17,TRUE,6,"Chestnut","All Seasons",TRUE,-4.08,-24.48,43,"Urban - High Density",FALSE
6086,455,24,10,2023-08-25,TRUE,3,"Asparagus","Winter",FALSE,2.01,20.1,39,"Urban - Medium Density",NA
6087,1451,29,9,2023-05-31,TRUE,3,"Orange","Summer",FALSE,9.07,81.63,61,"Urban - High Density",TRUE
6088,386,16,0,2023-04-19,TRUE,-2,"Chestnut","Summer",TRUE,3.39,0,43,"Urban - Medium Density",FALSE
6089,1197,8,8,2023-10-22,TRUE,6,"Garlic","Winter",TRUE,3.66,29.28,34,"Urban - High Density",FALSE
6090,1942,13,4,2023-04-27,TRUE,1,"Cucumber","All Seasons",NA,8.17,32.68,46,"Urban - High Density",TRUE
6091,1798,21,3,2023-08-19,TRUE,3,"Sweet Potato","All Seasons",TRUE,12.3,36.9,78,"Rural",TRUE
6092,1647,11,3,2023-09-14,TRUE,4,"Strawberry","Summer",TRUE,5.35,16.05,59,"Urban - Medium Density",FALSE
6093,1486,13,1,2023-05-10,TRUE,5,"Cucumber","All Seasons",NA,8.17,8.17,52,"Urban - High Density",TRUE
6094,1010,44,8,2023-05-01,TRUE,6,"Apple","Summer",TRUE,9.24,73.92,65,"Urban - High Density",FALSE
6095,810,14,9,2023-02-28,TRUE,6,"Fig","Summer",TRUE,3.67,33.03,75,"Urban - Medium Density",FALSE
6096,1948,40,7,2023-11-21,TRUE,1,"Orange","Winter",FALSE,3.87,27.09,31,"Urban - Medium Density",TRUE
6097,1339,2,7,2023-02-07,TRUE,5,"Grape","Unknown",TRUE,10.56,73.92,72,"Urban - Medium Density",TRUE
6098,636,24,5,2023-09-03,TRUE,4,"Asparagus","Winter",FALSE,2.01,10.05,54,"Urban - Medium Density",FALSE
6099,1621,24,3,2023-05-22,TRUE,1,"Asparagus","Winter",FALSE,2.01,6.03,120,"Urban - High Density",FALSE
6100,430,18,6,2023-01-29,TRUE,50,"Apple","All Seasons",TRUE,14.07,84.42,67,"Urban - Medium Density",TRUE
6101,746,32,10,2023-01-02,TRUE,3,"Raspberry","All Seasons",TRUE,12.49,124.9,31,"Urban - High Density",FALSE
6102,1789,34,10,2023-09-14,TRUE,1,"Celery","Winter",TRUE,5.77,57.7,36,"Urban - Medium Density",TRUE
6103,1464,3,3,2023-11-03,TRUE,3,"Raspberry","Unknown",FALSE,10.26,30.78,38,"Urban - High Density",FALSE
6104,11,35,10,2023-02-11,TRUE,4,"Hazelnut","All Seasons",TRUE,6.96,69.6,41,"Urban - High Density",TRUE
6105,1099,32,4,2023-09-26,TRUE,50,"Raspberry","All Seasons",TRUE,12.49,49.96,61,"Rural",TRUE
6106,866,17,4,2023-09-03,TRUE,7,"Pea","All Seasons",TRUE,-2.07,-8.28,18,"Urban - High Density",TRUE
6107,432,3,10,2023-01-10,TRUE,4,"Raspberry","Unknown",FALSE,10.26,102.6,34,"Urban - Medium Density",TRUE
6108,1348,17,10,2023-04-19,TRUE,7,"Pea","All Seasons",TRUE,-2.07,-20.7,23,"Urban - High Density",TRUE
6109,400,16,-3,2023-06-26,TRUE,4,"Chestnut","Summer",TRUE,3.39,-10.17,22,"Urban - High Density",TRUE
6110,1710,45,10,2023-11-25,TRUE,1,"Apricot","All Seasons",TRUE,7.43,74.3,74,"Urban - High Density",TRUE
6111,199,1,9,2023-08-01,TRUE,3,"Strawberry","Unknown",TRUE,4.42,39.78,51,"Urban - High Density",TRUE
6112,1964,10,3,2023-10-03,TRUE,5,"Blueberry","Summer",FALSE,4.44,13.32,27,"Urban - Medium Density",NA
6113,754,49,1,2023-12-15,TRUE,-2,"Cherry","Summer",NA,1.84,1.84,29,"Rural",TRUE
6114,1228,18,10,2023-08-05,TRUE,1,"Apple","All Seasons",TRUE,14.07,140.7,21,"Urban - High Density",FALSE
6115,1101,45,6,2023-10-05,TRUE,-2,"Apricot","All Seasons",TRUE,7.43,44.58,75,"Rural",TRUE
6116,569,10,-3,2023-09-25,TRUE,6,"Blueberry","Summer",FALSE,4.44,-13.32,54,"Urban - High Density",TRUE
6117,690,46,-3,2023-10-05,TRUE,4,"Chestnut","All Seasons",TRUE,-4.08,12.24,60,"Rural",TRUE
6118,1802,23,8,2023-07-25,TRUE,2,"Corn","Winter",FALSE,1.53,12.24,56,"Urban - High Density",TRUE
6119,1532,13,0,2023-12-25,FALSE,3,"Cucumber","All Seasons",NA,8.17,0,71,"Urban - High Density",TRUE
6120,137,50,-3,2023-12-29,TRUE,3,"Sweet Potato","Unknown",FALSE,1.01,-3.03,40,"Urban - Medium Density",NA
6121,550,19,-3,2023-07-21,TRUE,3,"Banana","Winter",TRUE,-0.17,0.51,55,"Rural",FALSE
6122,363,10,7,2023-08-24,TRUE,-2,"Blueberry","Summer",FALSE,4.44,31.08,76,"Urban - High Density",TRUE
6123,1113,14,0,2023-09-29,TRUE,2,"Fig","Summer",TRUE,3.67,0,34,"Urban - High Density",FALSE
6124,1707,1,3,2023-11-14,TRUE,-2,"Strawberry","Unknown",TRUE,4.42,13.26,31,"Urban - Medium Density",TRUE
6125,1494,39,5,2023-02-27,TRUE,50,"Mango","All Seasons",TRUE,10.84,54.2,18,"Urban - High Density",FALSE
6126,907,12,4,2023-01-14,TRUE,4,"Banana","All Seasons",TRUE,10.29,41.16,32,"Urban - High Density",FALSE
6127,1758,13,3,2023-10-02,TRUE,50,"Cucumber","All Seasons",NA,8.17,24.51,37,"Unknown",FALSE
6128,90,27,10,2023-05-25,TRUE,6,"Peach","Winter",TRUE,13.88,138.8,71,"Urban - High Density",TRUE
6129,81,31,5,2023-07-17,TRUE,2,"Chestnut","All Seasons",NA,0.13,0.65,39,"Urban - High Density",FALSE
6130,1308,3,4,2023-09-01,TRUE,4,"Raspberry","Unknown",FALSE,10.26,41.04,36,"Urban - High Density",FALSE
6131,1038,50,6,2023-12-19,TRUE,1,"Sweet Potato","Unknown",FALSE,1.01,6.06,57,"Unknown",TRUE
6132,168,42,9,2023-09-02,TRUE,7,"Pomegranate","Winter",TRUE,10.95,98.55,40,"Urban - Medium Density",TRUE
6133,1627,22,5,2023-05-25,TRUE,1,"Green Bean","All Seasons",FALSE,-4.21,-21.05,78,"Urban - High Density",FALSE
6134,1462,11,0,2023-05-21,FALSE,6,"Strawberry","Summer",TRUE,5.35,0,48,"Urban - High Density",TRUE
6135,1794,43,5,2023-03-09,TRUE,-2,"Pear","Unknown",TRUE,4.62,23.1,19,"Urban - Medium Density",FALSE
6136,381,17,3,2023-03-10,TRUE,5,"Pea","All Seasons",TRUE,-2.07,-6.21,23,"Urban - Medium Density",NA
6137,656,23,9,2023-07-29,TRUE,2,"Corn","Winter",FALSE,1.53,13.77,48,"Urban - High Density",TRUE
6138,275,11,6,2023-09-29,TRUE,7,"Strawberry","Summer",TRUE,5.35,32.1,42,"Urban - High Density",TRUE
6139,438,39,3,2023-09-28,TRUE,1,"Mango","All Seasons",TRUE,10.84,32.52,78,"Rural",FALSE
6140,1257,27,-3,2023-06-20,TRUE,1,"Peach","Winter",TRUE,13.88,-41.64,21,"Urban - High Density",FALSE
6141,1583,18,2,2023-12-27,TRUE,6,"Apple","All Seasons",TRUE,14.07,28.14,34,"Urban - High Density",TRUE
6142,722,13,0,2023-11-12,TRUE,1,"Cucumber","All Seasons",NA,8.17,0,80,"Urban - Medium Density",FALSE
6143,1378,41,3,2023-05-21,TRUE,2,"Strawberry","Summer",TRUE,4.94,14.82,60,"Urban - Medium Density",FALSE
6144,891,1,0,2023-03-05,TRUE,2,"Strawberry","Unknown",TRUE,4.42,0,34,"Urban - High Density",TRUE
6145,136,29,1,2023-04-14,TRUE,1,"Orange","Summer",FALSE,9.07,9.07,26,"Urban - Medium Density",FALSE
6146,1836,43,4,2023-08-26,TRUE,5,"Pear","Unknown",TRUE,4.62,18.48,40,"Urban - High Density",FALSE
6147,1566,9,2,2023-02-18,NA,-2,"Onion","Unknown",TRUE,5.01,10.02,32,"Urban - High Density",FALSE
6148,1363,13,1,2023-05-12,TRUE,-2,"Cucumber","All Seasons",NA,8.17,8.17,58,"Urban - Medium Density",TRUE
6149,980,26,9,2023-02-09,TRUE,1,"Mango","Summer",TRUE,-1.79,-16.11,38,"Urban - High Density",TRUE
6150,338,36,10,2023-04-08,TRUE,2,"Raspberry","Summer",TRUE,5.87,58.7,74,"Rural",FALSE
6151,1002,4,8,2023-11-27,TRUE,6,"Watermelon","Unknown",TRUE,12.08,96.64,23,"Urban - High Density",FALSE
6152,960,14,9,2023-02-10,TRUE,5,"Fig","Summer",TRUE,3.67,33.03,46,"Urban - High Density",TRUE
6153,696,12,3,2023-01-03,TRUE,6,"Banana","All Seasons",TRUE,10.29,30.87,50,"Urban - High Density",TRUE
6154,544,3,7,2023-08-18,TRUE,50,"Raspberry","Unknown",FALSE,10.26,71.82,23,"Rural",FALSE
6155,1933,38,6,2023-12-01,TRUE,7,"Apricot","Summer",TRUE,8.8,52.8,45,"Unknown",FALSE
6156,671,9,10,2023-10-17,TRUE,7,"Onion","Unknown",TRUE,5.01,50.1,31,"Urban - Medium Density",TRUE
6157,1855,30,-3,2023-05-30,TRUE,6,"Lychee","All Seasons",TRUE,1.21,-3.63,5,"Urban - Medium Density",TRUE
6158,1939,35,10,2023-09-15,TRUE,4,"Hazelnut","All Seasons",TRUE,6.96,69.6,60,"Rural",FALSE
6159,1878,23,8,2023-10-06,TRUE,3,"Corn","Winter",FALSE,1.53,12.24,25,"Urban - Medium Density",FALSE
6160,500,32,-3,2023-03-13,TRUE,50,"Raspberry","All Seasons",TRUE,12.49,-37.47,32,"Urban - High Density",FALSE
6161,856,18,2,2023-04-22,TRUE,3,"Apple","All Seasons",TRUE,14.07,28.14,30,"Urban - High Density",TRUE
6162,770,4,8,2023-05-24,TRUE,6,"Watermelon","Unknown",TRUE,12.08,96.64,32,"Urban - High Density",TRUE
6163,1557,21,3,2023-11-27,TRUE,50,"Sweet Potato","All Seasons",TRUE,12.3,36.9,48,"Urban - Medium Density",FALSE
6164,736,19,7,2023-03-10,TRUE,7,"Banana","Winter",TRUE,-0.17,-1.19,38,"Urban - High Density",NA
6165,482,42,9,2023-05-20,TRUE,2,"Pomegranate","Winter",TRUE,10.95,98.55,30,"Urban - High Density",TRUE
6166,1705,50,5,2023-01-06,FALSE,5,"Sweet Potato","Unknown",FALSE,1.01,5.05,69,"Urban - High Density",TRUE
6167,428,28,6,2023-03-25,FALSE,50,"Raspberry","Unknown",TRUE,14.97,89.82,34,"Urban - Medium Density",TRUE
6168,1894,18,8,2023-04-30,TRUE,1,"Apple","All Seasons",TRUE,14.07,112.56,78,"Urban - High Density",FALSE
6169,1624,10,2,2023-09-23,TRUE,5,"Blueberry","Summer",FALSE,4.44,8.88,45,"Urban - High Density",TRUE
6170,1634,1,10,2023-10-04,TRUE,3,"Strawberry","Unknown",TRUE,4.42,44.2,75,"Urban - Medium Density",TRUE
6171,765,9,-3,2023-11-27,TRUE,1,"Onion","Unknown",TRUE,5.01,-15.03,23,"Urban - High Density",TRUE
6172,590,14,5,2023-10-12,TRUE,3,"Fig","Summer",TRUE,3.67,18.35,50,"Unknown",FALSE
6173,378,4,10,2023-07-12,TRUE,7,"Watermelon","Unknown",TRUE,12.08,120.8,58,"Urban - High Density",TRUE
6174,1975,37,0,2023-04-17,TRUE,7,"Radish","Unknown",TRUE,7.32,0,42,"Urban - High Density",TRUE
6175,1243,6,10,2023-03-14,TRUE,50,"Walnut","Summer",TRUE,-3.25,-32.5,55,"Urban - High Density",TRUE
6176,1700,5,2,2023-03-27,TRUE,5,"Apricot","Summer",FALSE,10.18,20.36,31,"Urban - Medium Density",TRUE
6177,1316,20,4,2023-11-27,TRUE,7,"Corn","All Seasons",TRUE,12.25,49,59,"Urban - High Density",TRUE
6178,1800,15,0,2023-10-29,TRUE,2,"Cabbage","All Seasons",FALSE,3.34,0,45,"Unknown",NA
6179,139,44,7,2023-01-15,TRUE,6,"Apple","Summer",TRUE,9.24,64.68,41,"Urban - Medium Density",TRUE
6180,1020,23,6,2023-05-05,TRUE,3,"Corn","Winter",FALSE,1.53,9.18,37,"Urban - High Density",TRUE
6181,340,9,3,2023-01-23,FALSE,4,"Onion","Unknown",TRUE,5.01,15.03,22,"Urban - Medium Density",TRUE
6182,1293,34,3,2023-01-01,TRUE,4,"Celery","Winter",TRUE,5.77,17.31,57,"Unknown",TRUE
6183,246,23,1,2023-08-20,TRUE,1,"Corn","Winter",FALSE,1.53,1.53,68,"Urban - High Density",FALSE
6184,1552,28,10,2023-02-19,TRUE,6,"Raspberry","Unknown",TRUE,14.97,149.7,46,"Rural",FALSE
6185,1504,22,2,2023-09-04,TRUE,7,"Green Bean","All Seasons",FALSE,-4.21,-8.42,70,"Urban - Medium Density",FALSE
6186,564,37,1,2023-10-13,TRUE,4,"Radish","Unknown",TRUE,7.32,7.32,57,"Urban - High Density",FALSE
6187,1342,27,1,2023-06-11,TRUE,50,"Peach","Winter",TRUE,13.88,13.88,23,"Urban - High Density",TRUE
6188,1472,13,6,2023-03-17,TRUE,3,"Cucumber","All Seasons",NA,8.17,49.02,56,"Urban - High Density",NA
6189,2,10,-3,2023-08-10,TRUE,3,"Blueberry","Summer",FALSE,4.44,-13.32,66,"Urban - Medium Density",TRUE
6190,475,23,6,2023-11-16,TRUE,6,"Corn","Winter",FALSE,1.53,9.18,48,"Rural",NA
6191,1606,24,9,2023-09-10,FALSE,3,"Asparagus","Winter",FALSE,2.01,18.09,30,"Urban - Medium Density",TRUE
6192,190,42,1,2023-01-19,TRUE,4,"Pomegranate","Winter",TRUE,10.95,10.95,64,"Urban - High Density",TRUE
6193,822,10,7,2023-12-18,TRUE,7,"Blueberry","Summer",FALSE,4.44,31.08,44,"Urban - High Density",NA
6194,1648,20,2,2023-11-12,TRUE,5,"Corn","All Seasons",TRUE,12.25,24.5,34,"Rural",FALSE
6195,1641,21,0,2023-06-11,TRUE,1,"Sweet Potato","All Seasons",TRUE,12.3,0,50,"Urban - Medium Density",FALSE
6196,560,35,8,2023-09-29,TRUE,2,"Hazelnut","All Seasons",TRUE,6.96,55.68,52,"Urban - High Density",FALSE
6197,1847,19,6,2023-05-29,TRUE,-2,"Banana","Winter",TRUE,-0.17,-1.02,19,"Urban - High Density",FALSE
6198,635,10,9,2023-03-13,TRUE,2,"Blueberry","Summer",FALSE,4.44,39.96,56,"",FALSE
6199,1774,34,1,2023-06-29,TRUE,5,"Celery","Winter",TRUE,5.77,5.77,37,"Urban - Medium Density",TRUE
6200,1014,19,1,2023-02-06,TRUE,7,"Banana","Winter",TRUE,-0.17,-0.17,77,"Urban - High Density",TRUE
6201,147,29,0,2023-03-14,TRUE,50,"Orange","Summer",FALSE,9.07,0,21,"Rural",TRUE
6202,1009,5,4,2023-11-09,TRUE,2,"Apricot","Summer",FALSE,10.18,40.72,64,"Rural",NA
6203,1426,11,1,2023-07-24,TRUE,6,"Strawberry","Summer",TRUE,5.35,5.35,70,"Unknown",TRUE
6204,1362,33,4,2023-09-25,TRUE,4,"Banana","All Seasons",TRUE,13.25,53,41,"Urban - High Density",TRUE
6205,98,41,10,2023-09-26,TRUE,-2,"Strawberry","Summer",TRUE,4.94,49.4,35,"",TRUE
6206,1443,17,1,2023-03-03,TRUE,6,"Pea","All Seasons",TRUE,-2.07,-2.07,62,"Urban - High Density",FALSE
6207,779,21,2,2023-04-11,TRUE,5,"Sweet Potato","All Seasons",TRUE,12.3,24.6,5,"Urban - Medium Density",FALSE
6208,762,43,1,2023-08-18,TRUE,-2,"Pear","Unknown",TRUE,4.62,4.62,41,"Urban - Medium Density",TRUE
6209,1414,44,10,2023-04-04,TRUE,-2,"Apple","Summer",TRUE,9.24,92.4,32,"Urban - High Density",FALSE
6210,139,28,8,2023-04-30,TRUE,2,"Raspberry","Unknown",TRUE,14.97,119.76,41,"Urban - Medium Density",TRUE
6211,957,17,4,2023-06-17,TRUE,-2,"Pea","All Seasons",TRUE,-2.07,-8.28,54,"Rural",TRUE
6212,641,7,3,2023-07-10,TRUE,1,"Lettuce","Unknown",TRUE,8.68,26.04,120,"Urban - High Density",FALSE
6213,514,28,3,2023-02-11,FALSE,6,"Raspberry","Unknown",TRUE,14.97,44.91,46,"Urban - High Density",FALSE
6214,1798,25,8,2023-12-18,TRUE,-2,"Broccoli","All Seasons",TRUE,3.11,24.88,78,"Rural",TRUE
6215,544,8,9,2023-04-22,TRUE,2,"Garlic","Winter",TRUE,3.66,32.94,23,"Rural",FALSE
6216,10,14,4,2023-03-20,TRUE,6,"Fig","Summer",TRUE,3.67,14.68,24,"Urban - High Density",TRUE
6217,946,46,8,2023-09-11,TRUE,6,"Chestnut","All Seasons",TRUE,-4.08,-32.64,58,"Urban - High Density",TRUE
6218,242,43,9,2023-07-29,TRUE,7,"Pear","Unknown",TRUE,4.62,41.58,48,"Urban - High Density",FALSE
6219,102,15,5,2023-09-20,TRUE,5,"Cabbage","All Seasons",FALSE,3.34,16.7,64,"Urban - Medium Density",TRUE
6220,610,6,5,2023-11-23,TRUE,1,"Walnut","Summer",TRUE,-3.25,-16.25,53,"Urban - Medium Density",TRUE
6221,598,21,1,2023-05-21,TRUE,4,"Sweet Potato","All Seasons",TRUE,12.3,12.3,44,"Rural",TRUE
6222,1425,23,10,2023-04-21,TRUE,6,"Corn","Winter",FALSE,1.53,15.3,52,"Urban - High Density",TRUE
6223,387,20,10,2023-11-26,TRUE,50,"Corn","All Seasons",TRUE,12.25,122.5,68,"Urban - High Density",NA
6224,236,42,8,2023-08-05,TRUE,1,"Pomegranate","Winter",TRUE,10.95,87.6,46,"Urban - Medium Density",NA
6225,235,21,3,2023-07-26,TRUE,6,"Sweet Potato","All Seasons",TRUE,12.3,36.9,28,"Urban - High Density",TRUE
6226,141,29,-3,2023-04-20,TRUE,6,"Orange","Summer",FALSE,9.07,-27.21,40,"Urban - Medium Density",TRUE
6227,360,9,1,2023-09-13,TRUE,3,"Onion","Unknown",TRUE,5.01,5.01,35,"Urban - High Density",NA
6228,799,45,-3,2023-07-02,TRUE,5,"Apricot","All Seasons",TRUE,7.43,-22.29,66,"Urban - High Density",TRUE
6229,130,45,4,2023-09-10,TRUE,2,"Apricot","All Seasons",TRUE,7.43,29.72,48,"Urban - Medium Density",FALSE
6230,1114,16,2,2023-06-25,TRUE,7,"Chestnut","Summer",TRUE,3.39,6.78,71,"Urban - High Density",TRUE
6231,1075,1,7,2023-07-09,TRUE,50,"Strawberry","Unknown",TRUE,4.42,30.94,48,"Rural",FALSE
6232,1255,13,7,2023-04-10,TRUE,50,"Cucumber","All Seasons",NA,8.17,57.19,56,"Unknown",FALSE
6233,1571,8,5,2023-06-05,TRUE,3,"Garlic","Winter",TRUE,3.66,18.3,55,"Urban - High Density",FALSE
6234,1040,32,8,2023-04-16,TRUE,1,"Raspberry","All Seasons",TRUE,12.49,99.92,77,"Urban - High Density",NA
6235,729,17,6,2023-02-28,TRUE,6,"Pea","All Seasons",TRUE,-2.07,-12.42,54,"Urban - High Density",TRUE
6236,1504,25,-3,2023-08-28,TRUE,6,"Broccoli","All Seasons",TRUE,3.11,-9.33,70,"Urban - Medium Density",FALSE
6237,1717,44,6,2023-07-31,TRUE,7,"Apple","Summer",TRUE,9.24,55.44,49,"Urban - High Density",NA
6238,1224,44,5,2023-12-29,FALSE,6,"Apple","Summer",TRUE,9.24,46.2,63,"Urban - High Density",TRUE
6239,873,31,0,2023-01-25,FALSE,50,"Chestnut","All Seasons",NA,0.13,0,41,"Urban - High Density",FALSE
6240,1656,18,3,2023-11-17,TRUE,-2,"Apple","All Seasons",TRUE,14.07,42.21,70,"Urban - High Density",FALSE
6241,19,40,0,2023-08-06,TRUE,2,"Orange","Winter",FALSE,3.87,0,22,"Urban - Medium Density",FALSE
6242,386,17,9,2023-07-20,TRUE,6,"Pea","All Seasons",TRUE,-2.07,-18.63,43,"Urban - Medium Density",FALSE
6243,1192,5,5,2023-11-23,TRUE,2,"Apricot","Summer",FALSE,10.18,50.9,19,"Urban - High Density",TRUE
6244,1322,11,4,2023-08-07,FALSE,6,"Strawberry","Summer",TRUE,5.35,21.4,26,"Urban - Medium Density",TRUE
6245,1403,1,10,2023-02-08,TRUE,5,"Strawberry","Unknown",TRUE,4.42,44.2,120,"Rural",TRUE
6246,1329,48,1,2023-09-15,TRUE,1,"Blueberry","Winter",TRUE,0.78,0.78,75,"Rural",TRUE
6247,1897,26,0,2023-02-18,TRUE,50,"Mango","Summer",TRUE,-1.79,0,49,"Urban - High Density",TRUE
6248,1276,29,4,2023-08-12,TRUE,-2,"Orange","Summer",FALSE,9.07,36.28,70,"Urban - High Density",FALSE
6249,499,48,7,2023-11-30,TRUE,5,"Blueberry","Winter",TRUE,0.78,5.46,47,"Urban - Medium Density",FALSE
6250,422,35,6,2023-11-07,TRUE,1,"Hazelnut","All Seasons",TRUE,6.96,41.76,43,"Urban - Medium Density",TRUE
6251,1774,43,7,2023-03-09,TRUE,50,"Pear","Unknown",TRUE,4.62,32.34,37,"Urban - Medium Density",TRUE
6252,226,2,-3,2023-11-23,TRUE,6,"Grape","Unknown",TRUE,10.56,-31.68,35,"Urban - Medium Density",TRUE
6253,1180,39,1,2023-08-14,TRUE,1,"Mango","All Seasons",TRUE,10.84,10.84,27,"Urban - High Density",TRUE
6254,601,20,5,2023-06-04,TRUE,2,"Corn","All Seasons",TRUE,12.25,61.25,40,"Urban - Medium Density",TRUE
6255,440,42,10,2023-07-09,TRUE,-2,"Pomegranate","Winter",TRUE,10.95,109.5,79,"Urban - High Density",TRUE
6256,1062,39,0,2023-11-08,TRUE,6,"Mango","All Seasons",TRUE,10.84,0,32,"Rural",FALSE
6257,1956,28,4,2023-02-11,TRUE,1,"Raspberry","Unknown",TRUE,14.97,59.88,78,"Urban - High Density",FALSE
6258,327,19,7,2023-11-02,TRUE,1,"Banana","Winter",TRUE,-0.17,-1.19,43,"Urban - Medium Density",TRUE
6259,1916,9,0,2023-09-03,TRUE,6,"Onion","Unknown",TRUE,5.01,0,41,"Urban - High Density",FALSE
6260,1975,5,6,2023-04-20,TRUE,5,"Apricot","Summer",FALSE,10.18,61.08,42,"Urban - High Density",TRUE
6261,719,26,10,2023-01-24,TRUE,-2,"Mango","Summer",TRUE,-1.79,-17.9,54,"Urban - High Density",FALSE
6262,933,22,7,2023-12-29,TRUE,6,"Green Bean","All Seasons",FALSE,-4.21,-29.47,64,"Urban - High Density",TRUE
6263,1527,28,10,2023-11-07,TRUE,5,"Raspberry","Unknown",TRUE,14.97,149.7,28,"Rural",FALSE
6264,968,36,7,2023-10-03,TRUE,3,"Raspberry","Summer",TRUE,5.87,41.09,68,"Urban - Medium Density",TRUE
6265,25,4,2,2023-05-08,TRUE,1,"Watermelon","Unknown",TRUE,12.08,24.16,68,"Urban - Medium Density",TRUE
6266,1697,3,2,2023-10-15,TRUE,4,"Raspberry","Unknown",FALSE,10.26,20.52,63,"Urban - Medium Density",TRUE
6267,857,36,0,2023-07-19,TRUE,7,"Raspberry","Summer",TRUE,5.87,0,26,"Urban - Medium Density",TRUE
6268,1484,36,4,2023-05-10,TRUE,4,"Raspberry","Summer",TRUE,5.87,23.48,63,"Urban - High Density",FALSE
6269,1897,12,3,2023-04-16,TRUE,50,"Banana","All Seasons",TRUE,10.29,30.87,49,"Urban - High Density",TRUE
6270,660,27,1,2023-01-30,TRUE,7,"Peach","Winter",TRUE,13.88,13.88,33,"Urban - High Density",FALSE
6271,601,24,5,2023-06-10,FALSE,1,"Asparagus","Winter",FALSE,2.01,10.05,40,"Urban - Medium Density",TRUE
6272,187,12,4,2023-07-01,FALSE,4,"Banana","All Seasons",TRUE,10.29,41.16,120,"Urban - Medium Density",FALSE
6273,1115,7,5,2023-10-06,TRUE,1,"Lettuce","Unknown",TRUE,8.68,43.4,20,"Rural",NA
6274,723,38,7,2023-08-25,TRUE,-2,"Apricot","Summer",TRUE,8.8,61.6,38,"Urban - High Density",FALSE
6275,348,11,6,2023-06-30,TRUE,4,"Strawberry","Summer",TRUE,5.35,32.1,44,"Urban - High Density",FALSE
6276,1979,50,10,2023-05-20,TRUE,4,"Sweet Potato","Unknown",FALSE,1.01,10.1,45,"Rural",NA
6277,465,50,-3,2023-07-22,TRUE,1,"Sweet Potato","Unknown",FALSE,1.01,-3.03,50,"Rural",FALSE
6278,42,48,8,2023-08-12,TRUE,2,"Blueberry","Winter",TRUE,0.78,6.24,46,"Urban - High Density",NA
6279,601,38,-3,2023-07-26,FALSE,7,"Apricot","Summer",TRUE,8.8,-26.4,40,"Urban - Medium Density",TRUE
6280,1476,43,-3,2023-09-25,TRUE,50,"Pear","Unknown",TRUE,4.62,-13.86,23,"Rural",NA
6281,1098,3,-3,2023-12-16,TRUE,-2,"Raspberry","Unknown",FALSE,10.26,-30.78,72,"Urban - High Density",TRUE
6282,199,31,8,2023-10-13,TRUE,-2,"Chestnut","All Seasons",NA,0.13,1.04,51,"Urban - High Density",TRUE
6283,1029,16,2,2023-06-01,TRUE,2,"Chestnut","Summer",TRUE,3.39,6.78,64,"Urban - High Density",TRUE
6284,970,30,3,2023-11-05,TRUE,2,"Lychee","All Seasons",TRUE,1.21,3.63,30,"Urban - Medium Density",TRUE
6285,293,7,-3,2023-06-20,TRUE,50,"Lettuce","Unknown",TRUE,8.68,-26.04,78,"Urban - High Density",TRUE
6286,364,33,3,2023-09-04,TRUE,7,"Banana","All Seasons",TRUE,13.25,39.75,37,"Rural",FALSE
6287,179,18,10,2023-09-07,TRUE,5,"Apple","All Seasons",TRUE,14.07,140.7,60,"Urban - High Density",FALSE
6288,1505,3,1,2023-09-01,TRUE,50,"Raspberry","Unknown",FALSE,10.26,10.26,76,"Urban - High Density",TRUE
6289,298,44,4,2023-09-19,TRUE,3,"Apple","Summer",TRUE,9.24,36.96,31,"Urban - High Density",TRUE
6290,1192,26,-3,2023-07-17,TRUE,5,"Mango","Summer",TRUE,-1.79,5.37,19,"Urban - High Density",TRUE
6291,559,18,6,2023-09-28,TRUE,5,"Apple","All Seasons",TRUE,14.07,84.42,48,"Urban - High Density",TRUE
6292,1889,39,9,2023-09-22,TRUE,6,"Mango","All Seasons",TRUE,10.84,97.56,30,"Urban - High Density",TRUE
6293,809,11,7,2023-11-29,TRUE,3,"Strawberry","Summer",TRUE,5.35,37.45,55,"Urban - Medium Density",FALSE
6294,614,38,2,2023-07-31,TRUE,6,"Apricot","Summer",TRUE,8.8,17.6,80,"Urban - High Density",TRUE
6295,911,48,1,2023-08-30,FALSE,-2,"Blueberry","Winter",TRUE,0.78,0.78,48,"Urban - Medium Density",TRUE
6296,649,21,8,2023-02-13,TRUE,-2,"Sweet Potato","All Seasons",TRUE,12.3,98.4,74,"Urban - High Density",FALSE
6297,18,39,1,2023-04-18,TRUE,1,"Mango","All Seasons",TRUE,10.84,10.84,47,"Urban - High Density",FALSE
6298,360,50,6,2023-05-05,TRUE,7,"Sweet Potato","Unknown",FALSE,1.01,6.06,35,"Urban - High Density",NA
6299,1512,31,6,2023-11-08,TRUE,4,"Chestnut","All Seasons",NA,0.13,0.78,65,"Urban - Medium Density",TRUE
6300,565,21,0,2023-03-20,TRUE,2,"Sweet Potato","All Seasons",TRUE,12.3,0,41,"Urban - High Density",TRUE
6301,764,8,5,2023-07-31,TRUE,1,"Garlic","Winter",TRUE,3.66,18.3,60,"Urban - High Density",TRUE
6302,911,14,8,2023-10-06,TRUE,5,"Fig","Summer",TRUE,3.67,29.36,48,"Urban - Medium Density",TRUE
6303,1534,50,7,2023-01-30,TRUE,6,"Sweet Potato","Unknown",FALSE,1.01,7.07,25,"Urban - High Density",NA
6304,1398,33,1,2023-01-15,TRUE,2,"Banana","All Seasons",TRUE,13.25,13.25,21,"Urban - Medium Density",TRUE
6305,826,32,7,2023-07-07,NA,3,"Raspberry","All Seasons",TRUE,12.49,87.43,66,"Urban - High Density",FALSE
6306,358,33,8,2023-01-05,TRUE,5,"Banana","All Seasons",TRUE,13.25,106,55,"Urban - High Density",TRUE
6307,1329,39,7,2023-02-12,TRUE,6,"Mango","All Seasons",TRUE,10.84,75.88,75,"Rural",TRUE
6308,1407,40,1,2023-03-22,TRUE,-2,"Orange","Winter",FALSE,3.87,3.87,18,"Urban - High Density",FALSE
6309,325,13,-3,2023-02-10,TRUE,7,"Cucumber","All Seasons",NA,8.17,-24.51,55,"Rural",TRUE
6310,775,2,8,2023-02-16,TRUE,7,"Grape","Unknown",TRUE,10.56,84.48,45,"Urban - Medium Density",FALSE
6311,327,42,9,2023-07-17,FALSE,50,"Pomegranate","Winter",TRUE,10.95,98.55,43,"Urban - Medium Density",TRUE
6312,1243,11,9,2023-01-23,TRUE,5,"Strawberry","Summer",TRUE,5.35,48.15,55,"Urban - High Density",TRUE
6313,609,37,2,2023-04-14,TRUE,1,"Radish","Unknown",TRUE,7.32,14.64,59,"Urban - High Density",FALSE
6314,1141,24,4,2023-12-12,TRUE,1,"Asparagus","Winter",FALSE,2.01,8.04,51,"Urban - Medium Density",FALSE
6315,185,20,5,2023-12-03,TRUE,5,"Corn","All Seasons",TRUE,12.25,61.25,120,"Urban - High Density",FALSE
6316,1465,25,8,2023-09-09,TRUE,-2,"Broccoli","All Seasons",TRUE,3.11,24.88,43,"Urban - Medium Density",TRUE
6317,1019,39,2,2023-09-14,TRUE,7,"Mango","All Seasons",TRUE,10.84,21.68,67,"Rural",TRUE
6318,1979,14,3,2023-12-12,TRUE,-2,"Fig","Summer",TRUE,3.67,11.01,45,"Rural",NA
6319,1357,36,1,2023-08-07,TRUE,7,"Raspberry","Summer",TRUE,5.87,5.87,25,"Rural",FALSE
6320,1317,30,3,2023-12-20,TRUE,4,"Lychee","All Seasons",TRUE,1.21,3.63,22,"Urban - High Density",TRUE
6321,43,30,1,2023-02-22,TRUE,1,"Lychee","All Seasons",TRUE,1.21,1.21,65,"Urban - High Density",FALSE
6322,1605,38,7,2023-05-11,TRUE,7,"Apricot","Summer",TRUE,8.8,61.6,51,"Urban - Medium Density",TRUE
6323,1432,43,7,2023-11-22,TRUE,4,"Pear","Unknown",TRUE,4.62,32.34,24,"Urban - Medium Density",FALSE
6324,1711,16,7,2023-01-09,TRUE,50,"Chestnut","Summer",TRUE,3.39,23.73,23,"Urban - Medium Density",TRUE
6325,1688,31,6,2023-07-25,TRUE,2,"Chestnut","All Seasons",NA,0.13,0.78,55,"Urban - High Density",FALSE
6326,1455,47,7,2023-03-27,TRUE,4,"Mango","Summer",FALSE,2.32,16.24,58,"Rural",TRUE
6327,1981,39,6,2023-04-05,TRUE,-2,"Mango","All Seasons",TRUE,10.84,65.04,55,"Unknown",TRUE
6328,801,15,3,2023-05-28,TRUE,-2,"Cabbage","All Seasons",FALSE,3.34,10.02,78,"Urban - Medium Density",FALSE
6329,853,19,3,2023-10-18,FALSE,3,"Banana","Winter",TRUE,-0.17,-0.51,34,"Urban - High Density",TRUE
6330,486,6,10,2023-04-01,TRUE,2,"Walnut","Summer",TRUE,-3.25,-32.5,71,"Urban - High Density",FALSE
6331,1722,40,9,2023-05-06,TRUE,1,"Orange","Winter",FALSE,3.87,34.83,43,"Urban - High Density",FALSE
6332,511,46,2,2023-09-12,TRUE,5,"Chestnut","All Seasons",TRUE,-4.08,-8.16,57,"Urban - High Density",TRUE
6333,542,10,9,2023-10-10,TRUE,2,"Blueberry","Summer",FALSE,4.44,39.96,32,"Urban - Medium Density",TRUE
6334,1587,23,8,2023-10-16,TRUE,4,"Corn","Winter",FALSE,1.53,12.24,23,"Rural",TRUE
6335,1400,37,1,2023-05-22,TRUE,1,"Radish","Unknown",TRUE,7.32,7.32,80,"Rural",TRUE
6336,858,26,4,2023-11-07,TRUE,7,"Mango","Summer",TRUE,-1.79,-7.16,48,"Urban - High Density",FALSE
6337,1024,13,6,2023-09-27,TRUE,4,"Cucumber","All Seasons",NA,8.17,49.02,27,"",FALSE
6338,1653,17,2,2023-08-14,TRUE,1,"Pea","All Seasons",TRUE,-2.07,-4.14,62,"Urban - High Density",TRUE
6339,913,1,3,2023-07-20,TRUE,6,"Strawberry","Unknown",TRUE,4.42,13.26,79,"Rural",FALSE
6340,310,23,10,2023-09-24,TRUE,5,"Corn","Winter",FALSE,1.53,15.3,70,"Urban - Medium Density",TRUE
6341,521,15,2,2023-06-04,TRUE,1,"Cabbage","All Seasons",FALSE,3.34,6.68,38,"Urban - High Density",FALSE
6342,176,25,8,2023-03-10,TRUE,1,"Broccoli","All Seasons",TRUE,3.11,24.88,76,"Rural",FALSE
6343,1930,46,0,2023-01-17,TRUE,3,"Chestnut","All Seasons",TRUE,-4.08,0,46,"Urban - Medium Density",TRUE
6344,446,22,3,2023-11-30,TRUE,2,"Green Bean","All Seasons",FALSE,-4.21,-12.63,72,"Urban - Medium Density",TRUE
6345,1521,31,2,2023-12-22,TRUE,6,"Chestnut","All Seasons",NA,0.13,0.26,33,"Urban - High Density",FALSE
6346,1048,32,3,2023-11-22,TRUE,6,"Raspberry","All Seasons",TRUE,12.49,37.47,20,"Urban - High Density",NA
6347,11,12,3,2023-11-09,FALSE,2,"Banana","All Seasons",TRUE,10.29,30.87,41,"Urban - High Density",TRUE
6348,1710,34,7,2023-11-24,TRUE,5,"Celery","Winter",TRUE,5.77,40.39,74,"Urban - High Density",TRUE
6349,639,38,-3,2023-07-15,TRUE,6,"Apricot","Summer",TRUE,8.8,-26.4,76,"Urban - High Density",FALSE
6350,1241,35,0,2023-09-13,TRUE,3,"Hazelnut","All Seasons",TRUE,6.96,0,40,"Urban - Medium Density",TRUE
6351,505,37,0,2023-11-21,TRUE,5,"Radish","Unknown",TRUE,7.32,0,29,"Urban - Medium Density",TRUE
6352,966,35,1,2023-08-17,TRUE,2,"Hazelnut","All Seasons",TRUE,6.96,6.96,32,"Urban - High Density",TRUE
6353,1906,33,0,2023-11-27,TRUE,4,"Banana","All Seasons",TRUE,13.25,0,33,"Urban - High Density",TRUE
6354,620,18,0,2023-11-23,TRUE,5,"Apple","All Seasons",TRUE,14.07,0,67,"Urban - High Density",TRUE
6355,1224,50,9,2023-03-17,TRUE,6,"Sweet Potato","Unknown",FALSE,1.01,9.09,63,"Urban - High Density",TRUE
6356,549,3,5,2023-01-12,TRUE,7,"Raspberry","Unknown",FALSE,10.26,51.3,26,"Urban - High Density",TRUE
6357,969,37,2,2023-09-28,TRUE,1,"Radish","Unknown",TRUE,7.32,14.64,31,"Urban - High Density",NA
6358,295,42,10,2023-10-26,TRUE,6,"Pomegranate","Winter",TRUE,10.95,109.5,61,"Urban - Medium Density",TRUE
6359,1492,42,1,2023-10-04,TRUE,50,"Pomegranate","Winter",TRUE,10.95,10.95,55,"Rural",TRUE
6360,1063,48,3,2023-12-25,TRUE,5,"Blueberry","Winter",TRUE,0.78,2.34,65,"Rural",TRUE
6361,1573,9,4,2023-12-12,TRUE,4,"Onion","Unknown",TRUE,5.01,20.04,66,"Rural",TRUE
6362,1878,21,5,2023-04-15,TRUE,5,"Sweet Potato","All Seasons",TRUE,12.3,61.5,25,"Urban - Medium Density",FALSE
6363,454,40,10,2023-07-30,TRUE,7,"Orange","Winter",FALSE,3.87,38.7,68,"Urban - High Density",TRUE
6364,1957,8,5,2023-01-20,TRUE,4,"Garlic","Winter",TRUE,3.66,18.3,56,"Rural",FALSE
6365,1977,17,4,2023-04-07,TRUE,6,"Pea","All Seasons",TRUE,-2.07,-8.28,33,"Urban - High Density",FALSE
6366,1868,23,7,2023-10-12,TRUE,50,"Corn","Winter",FALSE,1.53,10.71,30,"Urban - Medium Density",FALSE
6367,1940,14,-3,2023-12-07,TRUE,50,"Fig","Summer",TRUE,3.67,-11.01,80,"Urban - High Density",TRUE
6368,1925,13,2,2023-09-28,TRUE,2,"Cucumber","All Seasons",NA,8.17,16.34,67,"Unknown",TRUE
6369,405,43,8,2023-09-02,TRUE,50,"Pear","Unknown",TRUE,4.62,36.96,40,"Urban - High Density",TRUE
6370,1582,25,4,2023-05-03,TRUE,5,"Broccoli","All Seasons",TRUE,3.11,12.44,35,"Urban - High Density",TRUE
6371,480,1,6,2023-05-17,TRUE,4,"Strawberry","Unknown",TRUE,4.42,26.52,38,"Urban - High Density",NA
6372,876,36,6,2023-05-12,TRUE,1,"Raspberry","Summer",TRUE,5.87,35.22,57,"Urban - High Density",TRUE
6373,1842,23,-3,2023-07-20,TRUE,5,"Corn","Winter",FALSE,1.53,-4.59,54,"Urban - High Density",TRUE
6374,436,48,6,2023-03-10,TRUE,5,"Blueberry","Winter",TRUE,0.78,4.68,38,"Urban - High Density",TRUE
6375,162,34,1,2023-12-11,TRUE,50,"Celery","Winter",TRUE,5.77,5.77,72,"Rural",TRUE
6376,1868,3,7,2023-09-28,TRUE,2,"Raspberry","Unknown",FALSE,10.26,71.82,30,"Urban - Medium Density",FALSE
6377,275,17,6,2023-12-21,TRUE,7,"Pea","All Seasons",TRUE,-2.07,-12.42,42,"Urban - High Density",TRUE
6378,1657,7,1,2023-03-27,TRUE,1,"Lettuce","Unknown",TRUE,8.68,8.68,59,"Urban - High Density",TRUE
6379,1747,44,7,2023-01-31,TRUE,1,"Apple","Summer",TRUE,9.24,64.68,79,"Urban - High Density",TRUE
6380,1947,26,10,2023-08-22,TRUE,4,"Mango","Summer",TRUE,-1.79,-17.9,27,"Urban - Medium Density",FALSE
6381,1623,35,10,2023-04-07,NA,7,"Hazelnut","All Seasons",TRUE,6.96,69.6,52,"Urban - Medium Density",FALSE
6382,1071,5,2,2023-02-28,TRUE,7,"Apricot","Summer",FALSE,10.18,20.36,51,"Urban - High Density",TRUE
6383,787,27,8,2023-07-01,TRUE,7,"Peach","Winter",TRUE,13.88,111.04,54,"Urban - High Density",FALSE
6384,917,39,-3,2023-12-30,TRUE,5,"Mango","All Seasons",TRUE,10.84,-32.52,50,"Urban - High Density",FALSE
6385,1181,27,-3,2023-10-01,TRUE,7,"Peach","Winter",TRUE,13.88,-41.64,51,"Urban - High Density",NA
6386,921,34,-3,2023-05-08,TRUE,50,"Celery","Winter",TRUE,5.77,-17.31,26,"Urban - High Density",TRUE
6387,837,43,0,2023-04-17,FALSE,7,"Pear","Unknown",TRUE,4.62,0,120,"Urban - High Density",TRUE
6388,371,47,8,2023-10-30,TRUE,4,"Mango","Summer",FALSE,2.32,18.56,39,"Urban - High Density",TRUE
6389,1184,50,9,2023-09-14,TRUE,-2,"Sweet Potato","Unknown",FALSE,1.01,9.09,71,"Urban - High Density",TRUE
6390,1722,38,0,2023-04-25,TRUE,5,"Apricot","Summer",TRUE,8.8,0,43,"Urban - High Density",FALSE
6391,814,29,2,2023-03-01,FALSE,5,"Orange","Summer",FALSE,9.07,18.14,50,"Urban - High Density",TRUE
6392,493,43,4,2023-07-17,TRUE,6,"Pear","Unknown",TRUE,4.62,18.48,55,"Rural",TRUE
6393,784,25,6,2023-11-28,TRUE,50,"Broccoli","All Seasons",TRUE,3.11,18.66,51,"Urban - Medium Density",TRUE
6394,230,9,6,2023-06-03,TRUE,6,"Onion","Unknown",TRUE,5.01,30.06,54,"Rural",FALSE
6395,377,36,4,2023-05-19,TRUE,3,"Raspberry","Summer",TRUE,5.87,23.48,72,"Urban - Medium Density",FALSE
6396,63,7,-3,2023-12-09,FALSE,-2,"Lettuce","Unknown",TRUE,8.68,-26.04,66,"Urban - Medium Density",FALSE
6397,1753,23,1,2023-05-19,TRUE,5,"Corn","Winter",FALSE,1.53,1.53,63,"Urban - High Density",TRUE
6398,1981,29,4,2023-12-11,TRUE,3,"Orange","Summer",FALSE,9.07,36.28,55,"Unknown",TRUE
6399,728,10,1,2023-10-13,TRUE,6,"Blueberry","Summer",FALSE,4.44,4.44,36,"Urban - Medium Density",FALSE
6400,303,31,0,2023-05-25,TRUE,2,"Chestnut","All Seasons",NA,0.13,0,75,"Rural",TRUE
6401,13,32,4,2023-08-03,TRUE,2,"Raspberry","All Seasons",TRUE,12.49,49.96,57,"Urban - Medium Density",FALSE
6402,1267,30,3,2023-04-11,TRUE,50,"Lychee","All Seasons",TRUE,1.21,3.63,58,"Rural",TRUE
6403,1059,27,1,2023-02-11,TRUE,1,"Peach","Winter",TRUE,13.88,13.88,72,"Urban - Medium Density",TRUE
6404,1702,18,9,2023-10-04,TRUE,-2,"Apple","All Seasons",TRUE,14.07,126.63,38,"Urban - High Density",TRUE
6405,1375,23,2,2023-09-20,TRUE,3,"Corn","Winter",FALSE,1.53,3.06,35,"Urban - High Density",TRUE
6406,527,1,5,2023-04-21,TRUE,7,"Strawberry","Unknown",TRUE,4.42,22.1,25,"Urban - High Density",FALSE
6407,1736,18,3,2023-01-27,TRUE,1,"Apple","All Seasons",TRUE,14.07,42.21,49,"Rural",FALSE
6408,598,36,-3,2023-09-27,TRUE,50,"Raspberry","Summer",TRUE,5.87,-17.61,44,"Rural",TRUE
6409,1095,12,2,2023-12-13,TRUE,4,"Banana","All Seasons",TRUE,10.29,20.58,66,"Urban - Medium Density",TRUE
6410,792,49,8,2023-02-11,TRUE,7,"Cherry","Summer",NA,1.84,14.72,62,"Urban - Medium Density",TRUE
6411,388,20,9,2023-05-18,TRUE,3,"Corn","All Seasons",TRUE,12.25,110.25,25,"Rural",TRUE
6412,1692,6,3,2023-10-31,TRUE,50,"Walnut","Summer",TRUE,-3.25,-9.75,39,"Urban - Medium Density",TRUE
6413,939,49,4,2023-11-09,TRUE,4,"Cherry","Summer",NA,1.84,7.36,60,"Urban - Medium Density",TRUE
6414,772,22,5,2023-06-13,TRUE,-2,"Green Bean","All Seasons",FALSE,-4.21,-21.05,66,"Urban - Medium Density",TRUE
6415,1087,42,8,2023-04-20,TRUE,3,"Pomegranate","Winter",TRUE,10.95,87.6,77,"Urban - High Density",FALSE
6416,17,7,-3,2023-03-02,TRUE,2,"Lettuce","Unknown",TRUE,8.68,-26.04,30,"Urban - Medium Density",TRUE
6417,642,43,6,2023-07-20,TRUE,4,"Pear","Unknown",TRUE,4.62,27.72,49,"Rural",NA
6418,1430,14,9,2023-06-02,TRUE,5,"Fig","Summer",TRUE,3.67,33.03,46,"Urban - High Density",TRUE
6419,1964,47,4,2023-03-11,TRUE,-2,"Mango","Summer",FALSE,2.32,9.28,27,"Urban - Medium Density",NA
6420,774,17,-3,2023-01-18,TRUE,3,"Pea","All Seasons",TRUE,-2.07,6.21,41,"Rural",TRUE
6421,1602,41,9,2023-03-14,TRUE,3,"Strawberry","Summer",TRUE,4.94,44.46,27,"Urban - Medium Density",TRUE
6422,1266,46,4,2023-09-05,TRUE,7,"Chestnut","All Seasons",TRUE,-4.08,-16.32,49,"Urban - High Density",TRUE
6423,757,41,4,2024-01-01,TRUE,50,"Strawberry","Summer",TRUE,4.94,19.76,50,"Urban - High Density",FALSE
6424,794,18,6,2023-08-02,FALSE,3,"Apple","All Seasons",TRUE,14.07,84.42,78,"Urban - Medium Density",FALSE
6425,1944,38,10,2023-02-09,TRUE,1,"Apricot","Summer",TRUE,8.8,88,74,"Urban - Medium Density",FALSE
6426,392,8,-3,2023-04-28,TRUE,50,"Garlic","Winter",TRUE,3.66,-10.98,27,"Rural",TRUE
6427,1067,38,7,2023-01-24,TRUE,3,"Apricot","Summer",TRUE,8.8,61.6,62,"Urban - High Density",TRUE
6428,1567,1,2,2023-04-24,TRUE,6,"Strawberry","Unknown",TRUE,4.42,8.84,78,"Urban - Medium Density",TRUE
6429,1604,41,0,2023-09-17,TRUE,50,"Strawberry","Summer",TRUE,4.94,0,46,"Urban - Medium Density",FALSE
6430,938,29,1,2023-11-20,TRUE,4,"Orange","Summer",FALSE,9.07,9.07,77,"Urban - High Density",FALSE
6431,58,16,0,2023-09-22,TRUE,3,"Chestnut","Summer",TRUE,3.39,0,79,"Rural",TRUE
6432,151,21,0,2023-08-23,TRUE,50,"Sweet Potato","All Seasons",TRUE,12.3,0,41,"Urban - Medium Density",NA
6433,1881,2,5,2023-03-20,FALSE,5,"Grape","Unknown",TRUE,10.56,52.8,23,"Urban - High Density",TRUE
6434,887,17,6,2023-06-29,TRUE,50,"Pea","All Seasons",TRUE,-2.07,-12.42,75,"Urban - Medium Density",TRUE
6435,11,6,6,2023-03-26,NA,50,"Walnut","Summer",TRUE,-3.25,-19.5,41,"Urban - High Density",TRUE
6436,674,16,3,2023-09-13,TRUE,-2,"Chestnut","Summer",TRUE,3.39,10.17,32,"Urban - High Density",FALSE
6437,1724,8,3,2023-03-06,TRUE,1,"Garlic","Winter",TRUE,3.66,10.98,22,"Urban - Medium Density",TRUE
6438,1566,44,2,2023-02-28,TRUE,3,"Apple","Summer",TRUE,9.24,18.48,32,"Urban - High Density",FALSE
6439,540,50,0,2023-12-16,TRUE,5,"Sweet Potato","Unknown",FALSE,1.01,0,61,"Urban - High Density",FALSE
6440,1183,42,9,2023-07-06,TRUE,4,"Pomegranate","Winter",TRUE,10.95,98.55,76,"Rural",TRUE
6441,1422,25,3,2023-04-09,TRUE,7,"Broccoli","All Seasons",TRUE,3.11,9.33,66,"Urban - High Density",TRUE
6442,916,20,7,2023-11-06,TRUE,4,"Corn","All Seasons",TRUE,12.25,85.75,27,"Urban - High Density",TRUE
6443,1689,32,2,2023-09-27,TRUE,2,"Raspberry","All Seasons",TRUE,12.49,24.98,64,"Urban - High Density",TRUE
6444,674,6,6,2023-03-18,TRUE,5,"Walnut","Summer",TRUE,-3.25,-19.5,32,"Urban - High Density",FALSE
6445,887,20,9,2023-02-22,TRUE,5,"Corn","All Seasons",TRUE,12.25,110.25,75,"Urban - Medium Density",TRUE
6446,492,26,6,2023-02-04,TRUE,3,"Mango","Summer",TRUE,-1.79,-10.74,73,"Urban - Medium Density",TRUE
6447,720,33,4,2023-09-23,TRUE,1,"Banana","All Seasons",TRUE,13.25,53,29,"Urban - High Density",TRUE
6448,881,3,-3,2023-10-18,TRUE,2,"Raspberry","Unknown",FALSE,10.26,-30.78,79,"Urban - Medium Density",FALSE
6449,558,40,8,2023-07-30,TRUE,3,"Orange","Winter",FALSE,3.87,30.96,55,"Urban - High Density",FALSE
6450,52,23,5,2023-10-23,TRUE,3,"Corn","Winter",FALSE,1.53,7.65,50,"Urban - Medium Density",TRUE
6451,850,22,6,2023-01-22,TRUE,6,"Green Bean","All Seasons",FALSE,-4.21,-25.26,76,"Urban - High Density",FALSE
6452,1396,37,3,2023-05-17,TRUE,4,"Radish","Unknown",TRUE,7.32,21.96,79,"Urban - High Density",FALSE
6453,324,45,5,2023-08-05,TRUE,4,"Apricot","All Seasons",TRUE,7.43,37.15,21,"",TRUE
6454,1737,42,3,2023-03-11,TRUE,6,"Pomegranate","Winter",TRUE,10.95,32.85,41,"Urban - Medium Density",FALSE
6455,1339,29,5,2023-12-27,TRUE,4,"Orange","Summer",FALSE,9.07,45.35,72,"Urban - Medium Density",TRUE
6456,1604,42,7,2023-09-20,TRUE,4,"Pomegranate","Winter",TRUE,10.95,76.65,46,"Urban - Medium Density",FALSE
6457,1279,43,0,2023-11-25,TRUE,-2,"Pear","Unknown",TRUE,4.62,0,63,"Rural",TRUE
6458,881,11,7,2023-02-07,FALSE,4,"Strawberry","Summer",TRUE,5.35,37.45,79,"Urban - Medium Density",FALSE
6459,125,41,9,2023-11-12,TRUE,50,"Strawberry","Summer",TRUE,4.94,44.46,39,"Urban - High Density",FALSE
6460,947,37,6,2023-07-27,TRUE,2,"Radish","Unknown",TRUE,7.32,43.92,5,"Urban - High Density",TRUE
6461,1113,2,2,2023-07-22,TRUE,1,"Grape","Unknown",TRUE,10.56,21.12,34,"Urban - High Density",FALSE
6462,743,18,3,2023-01-22,TRUE,2,"Apple","All Seasons",TRUE,14.07,42.21,56,"Urban - Medium Density",TRUE
6463,1927,49,1,2023-09-17,TRUE,5,"Cherry","Summer",NA,1.84,1.84,50,"Urban - High Density",FALSE
6464,489,46,7,2023-03-20,TRUE,4,"Chestnut","All Seasons",TRUE,-4.08,-28.56,65,"Rural",TRUE
6465,1946,15,4,2023-07-03,TRUE,5,"Cabbage","All Seasons",FALSE,3.34,13.36,26,"Urban - Medium Density",TRUE
6466,1165,43,8,2023-06-03,TRUE,1,"Pear","Unknown",TRUE,4.62,36.96,79,"Rural",TRUE
6467,133,47,6,2023-04-19,TRUE,-2,"Mango","Summer",FALSE,2.32,13.92,25,"Urban - Medium Density",TRUE
6468,336,28,0,2023-10-20,TRUE,1,"Raspberry","Unknown",TRUE,14.97,0,77,"Urban - High Density",FALSE
6469,1709,35,5,2023-01-23,TRUE,5,"Hazelnut","All Seasons",TRUE,6.96,34.8,25,"Urban - High Density",FALSE
6470,962,23,-3,2023-03-29,TRUE,3,"Corn","Winter",FALSE,1.53,-4.59,46,"Urban - High Density",TRUE
6471,1364,45,6,2023-05-04,TRUE,1,"Apricot","All Seasons",TRUE,7.43,44.58,39,"Urban - Medium Density",FALSE
6472,239,44,1,2023-07-23,TRUE,50,"Apple","Summer",TRUE,9.24,9.24,31,"Urban - Medium Density",TRUE
6473,1809,32,6,2023-08-26,TRUE,4,"Raspberry","All Seasons",TRUE,12.49,74.94,71,"Urban - High Density",FALSE
6474,373,10,7,2023-11-01,TRUE,7,"Blueberry","Summer",FALSE,4.44,31.08,45,"Urban - High Density",TRUE
6475,348,17,10,2023-05-15,TRUE,5,"Pea","All Seasons",TRUE,-2.07,-20.7,44,"Urban - High Density",FALSE
6476,384,46,7,2023-02-12,TRUE,1,"Chestnut","All Seasons",TRUE,-4.08,-28.56,48,"Urban - High Density",NA
6477,1472,36,-3,2023-11-23,TRUE,6,"Raspberry","Summer",TRUE,5.87,-17.61,56,"Urban - High Density",NA
6478,721,29,3,2023-08-10,TRUE,3,"Orange","Summer",FALSE,9.07,27.21,63,"Urban - High Density",FALSE
6479,1754,4,3,2023-05-26,TRUE,2,"Watermelon","Unknown",TRUE,12.08,36.24,52,"Urban - Medium Density",TRUE
6480,454,25,8,2023-01-06,TRUE,7,"Broccoli","All Seasons",TRUE,3.11,24.88,68,"Urban - High Density",TRUE
6481,899,48,8,2023-10-16,FALSE,5,"Blueberry","Winter",TRUE,0.78,6.24,49,"Urban - High Density",TRUE
6482,289,24,4,2023-12-29,TRUE,5,"Asparagus","Winter",FALSE,2.01,8.04,39,"Rural",TRUE
6483,1448,24,8,2023-02-13,TRUE,50,"Asparagus","Winter",FALSE,2.01,16.08,79,"Rural",FALSE
6484,1444,30,3,2023-06-09,TRUE,7,"Lychee","All Seasons",TRUE,1.21,3.63,29,"Urban - Medium Density",TRUE
6485,1923,29,10,2023-07-19,TRUE,3,"Orange","Summer",FALSE,9.07,90.7,44,"Urban - Medium Density",FALSE
6486,125,2,10,2023-03-15,TRUE,4,"Grape","Unknown",TRUE,10.56,105.6,39,"Urban - High Density",FALSE
6487,849,8,9,2023-01-06,TRUE,7,"Garlic","Winter",TRUE,3.66,32.94,32,"Rural",TRUE
6488,1425,7,8,2023-07-27,TRUE,-2,"Lettuce","Unknown",TRUE,8.68,69.44,52,"Urban - High Density",TRUE
6489,1189,37,4,2023-09-28,TRUE,50,"Radish","Unknown",TRUE,7.32,29.28,48,"Urban - Medium Density",NA
6490,728,33,5,2023-03-12,TRUE,50,"Banana","All Seasons",TRUE,13.25,66.25,36,"Urban - Medium Density",FALSE
6491,705,23,5,2023-12-17,TRUE,1,"Corn","Winter",FALSE,1.53,7.65,28,"Urban - High Density",FALSE
6492,1050,6,1,2023-11-15,TRUE,4,"Walnut","Summer",TRUE,-3.25,-3.25,120,"Rural",FALSE
6493,353,26,2,2023-01-18,TRUE,7,"Mango","Summer",TRUE,-1.79,-3.58,63,"Urban - High Density",TRUE
6494,686,42,9,2023-01-04,TRUE,1,"Pomegranate","Winter",TRUE,10.95,98.55,36,"Urban - High Density",TRUE
6495,316,45,10,2023-08-05,TRUE,4,"Apricot","All Seasons",TRUE,7.43,74.3,61,"Urban - High Density",FALSE
6496,893,22,-3,2023-06-14,TRUE,50,"Green Bean","All Seasons",FALSE,-4.21,12.63,54,"Unknown",TRUE
6497,1559,46,8,2023-09-21,TRUE,1,"Chestnut","All Seasons",TRUE,-4.08,-32.64,27,"Urban - Medium Density",FALSE
6498,1056,37,7,2023-08-28,TRUE,50,"Radish","Unknown",TRUE,7.32,51.24,57,"Urban - High Density",FALSE
6499,164,22,-3,2023-09-12,TRUE,1,"Green Bean","All Seasons",FALSE,-4.21,12.63,50,"Urban - Medium Density",FALSE
6500,1351,22,6,2023-11-03,TRUE,5,"Green Bean","All Seasons",FALSE,-4.21,-25.26,68,"Urban - High Density",FALSE
6501,1249,28,0,2023-02-01,TRUE,7,"Raspberry","Unknown",TRUE,14.97,0,55,"Urban - High Density",TRUE
6502,1994,33,6,2023-03-16,FALSE,7,"Banana","All Seasons",TRUE,13.25,79.5,80,"Unknown",TRUE
6503,1362,39,6,2023-05-08,TRUE,1,"Mango","All Seasons",TRUE,10.84,65.04,41,"Urban - High Density",TRUE
6504,1987,6,3,2023-02-19,TRUE,7,"Walnut","Summer",TRUE,-3.25,-9.75,69,"",FALSE
6505,255,9,0,2023-01-29,TRUE,4,"Onion","Unknown",TRUE,5.01,0,18,"Urban - High Density",TRUE
6506,1249,30,5,2023-05-09,TRUE,7,"Lychee","All Seasons",TRUE,1.21,6.05,55,"Urban - High Density",TRUE
6507,1085,39,9,2023-10-29,TRUE,5,"Mango","All Seasons",TRUE,10.84,97.56,38,"Urban - High Density",TRUE
6508,3,45,6,2023-01-15,NA,6,"Apricot","All Seasons",TRUE,7.43,44.58,29,"Urban - High Density",FALSE
6509,1786,23,4,2023-05-30,TRUE,1,"Corn","Winter",FALSE,1.53,6.12,76,"Rural",TRUE
6510,989,38,2,2023-07-22,TRUE,2,"Apricot","Summer",TRUE,8.8,17.6,54,"Urban - High Density",FALSE
6511,351,14,-3,2023-08-09,TRUE,7,"Fig","Summer",TRUE,3.67,-11.01,66,"Urban - Medium Density",TRUE
6512,698,44,10,2023-08-29,TRUE,50,"Apple","Summer",TRUE,9.24,92.4,46,"Urban - High Density",FALSE
6513,115,24,4,2023-11-26,TRUE,4,"Asparagus","Winter",FALSE,2.01,8.04,31,"Urban - High Density",TRUE
6514,1094,15,2,2023-05-06,TRUE,6,"Cabbage","All Seasons",FALSE,3.34,6.68,66,"Urban - Medium Density",TRUE
6515,1170,20,10,2023-01-08,TRUE,7,"Corn","All Seasons",TRUE,12.25,122.5,76,"Urban - High Density",NA
6516,1829,11,6,2023-11-04,TRUE,4,"Strawberry","Summer",TRUE,5.35,32.1,29,"Urban - Medium Density",FALSE
6517,1291,23,0,2023-09-16,TRUE,2,"Corn","Winter",FALSE,1.53,0,18,"Rural",TRUE
6518,1289,48,9,2023-04-20,TRUE,5,"Blueberry","Winter",TRUE,0.78,7.02,72,"Urban - High Density",FALSE
6519,706,45,4,2023-07-28,TRUE,7,"Apricot","All Seasons",TRUE,7.43,29.72,40,"Urban - Medium Density",FALSE
6520,1258,41,0,2023-05-06,TRUE,50,"Strawberry","Summer",TRUE,4.94,0,42,"Urban - High Density",FALSE
6521,123,20,2,2023-05-19,TRUE,1,"Corn","All Seasons",TRUE,12.25,24.5,73,"Urban - High Density",TRUE
6522,1928,43,10,2023-12-20,TRUE,1,"Pear","Unknown",TRUE,4.62,46.2,21,"Rural",TRUE
6523,1592,21,1,2023-08-18,TRUE,6,"Sweet Potato","All Seasons",TRUE,12.3,12.3,76,"Urban - Medium Density",FALSE
6524,40,8,10,2023-03-26,TRUE,4,"Garlic","Winter",TRUE,3.66,36.6,21,"Urban - Medium Density",TRUE
6525,932,16,6,2023-09-07,TRUE,-2,"Chestnut","Summer",TRUE,3.39,20.34,36,"Urban - High Density",TRUE
6526,1274,48,7,2023-04-05,TRUE,50,"Blueberry","Winter",TRUE,0.78,5.46,79,"Urban - High Density",FALSE
6527,829,3,2,2023-12-26,TRUE,2,"Raspberry","Unknown",FALSE,10.26,20.52,59,"Urban - High Density",TRUE
6528,558,35,0,2023-10-11,TRUE,3,"Hazelnut","All Seasons",TRUE,6.96,0,55,"Urban - High Density",FALSE
6529,1908,19,5,2023-04-06,TRUE,3,"Banana","Winter",TRUE,-0.17,-0.85,71,"Rural",TRUE
6530,922,32,3,2023-06-02,TRUE,1,"Raspberry","All Seasons",TRUE,12.49,37.47,19,"Urban - High Density",TRUE
6531,378,21,8,2023-06-12,TRUE,7,"Sweet Potato","All Seasons",TRUE,12.3,98.4,58,"Urban - High Density",TRUE
6532,1205,50,9,2023-11-04,TRUE,3,"Sweet Potato","Unknown",FALSE,1.01,9.09,32,"Urban - High Density",FALSE
6533,1089,34,1,2023-10-10,TRUE,1,"Celery","Winter",TRUE,5.77,5.77,75,"Urban - High Density",TRUE
6534,1471,24,-3,2023-01-27,TRUE,5,"Asparagus","Winter",FALSE,2.01,-6.03,22,"Urban - High Density",FALSE
6535,487,13,-3,2023-07-10,TRUE,1,"Cucumber","All Seasons",NA,8.17,-24.51,19,"Rural",TRUE
6536,1307,15,4,2023-09-07,TRUE,50,"Cabbage","All Seasons",FALSE,3.34,13.36,45,"Urban - High Density",TRUE
6537,353,2,0,2023-01-27,TRUE,4,"Grape","Unknown",TRUE,10.56,0,63,"Urban - High Density",TRUE
6538,1737,13,0,2023-04-15,TRUE,6,"Cucumber","All Seasons",NA,8.17,0,41,"Urban - Medium Density",FALSE
6539,1562,18,5,2023-08-23,TRUE,-2,"Apple","All Seasons",TRUE,14.07,70.35,35,"Urban - Medium Density",TRUE
6540,1645,14,1,2023-05-09,TRUE,50,"Fig","Summer",TRUE,3.67,3.67,45,"Urban - High Density",TRUE
6541,1172,45,-3,2023-09-20,TRUE,5,"Apricot","All Seasons",TRUE,7.43,-22.29,40,"Urban - High Density",TRUE
6542,1483,18,8,2023-09-09,TRUE,5,"Apple","All Seasons",TRUE,14.07,112.56,76,"Unknown",TRUE
6543,1716,18,3,2023-10-06,TRUE,4,"Apple","All Seasons",TRUE,14.07,42.21,46,"Urban - Medium Density",FALSE
6544,1974,30,1,2023-07-29,TRUE,4,"Lychee","All Seasons",TRUE,1.21,1.21,50,"Urban - High Density",NA
6545,712,14,2,2023-04-26,TRUE,5,"Fig","Summer",TRUE,3.67,7.34,52,"Urban - High Density",TRUE
6546,1242,19,3,2023-07-31,TRUE,7,"Banana","Winter",TRUE,-0.17,-0.51,71,"Rural",FALSE
6547,257,33,8,2023-09-07,TRUE,5,"Banana","All Seasons",TRUE,13.25,106,63,"Urban - Medium Density",TRUE
6548,57,6,1,2023-02-17,TRUE,1,"Walnut","Summer",TRUE,-3.25,-3.25,45,"Urban - High Density",FALSE
6549,1002,31,9,2023-11-16,TRUE,5,"Chestnut","All Seasons",NA,0.13,1.17,23,"Urban - High Density",FALSE
6550,519,41,1,2023-06-13,FALSE,3,"Strawberry","Summer",TRUE,4.94,4.94,44,"Urban - Medium Density",TRUE
6551,1663,8,-3,2023-11-28,TRUE,50,"Garlic","Winter",TRUE,3.66,-10.98,66,"Urban - High Density",FALSE
6552,1557,39,8,2023-03-22,TRUE,6,"Mango","All Seasons",TRUE,10.84,86.72,48,"Urban - Medium Density",FALSE
6553,1933,14,10,2023-04-13,TRUE,4,"Fig","Summer",TRUE,3.67,36.7,45,"Unknown",FALSE
6554,187,47,0,2023-10-02,TRUE,6,"Mango","Summer",FALSE,2.32,0,120,"Urban - Medium Density",FALSE
6555,378,24,8,2023-11-09,TRUE,7,"Asparagus","Winter",FALSE,2.01,16.08,58,"Urban - High Density",TRUE
6556,816,11,7,2023-10-23,TRUE,6,"Strawberry","Summer",TRUE,5.35,37.45,58,"Urban - Medium Density",FALSE
6557,83,25,10,2023-02-21,TRUE,50,"Broccoli","All Seasons",TRUE,3.11,31.1,36,"Urban - High Density",TRUE
6558,825,32,10,2023-01-18,TRUE,-2,"Raspberry","All Seasons",TRUE,12.49,124.9,35,"Urban - High Density",FALSE
6559,1133,37,2,2023-08-13,TRUE,2,"Radish","Unknown",TRUE,7.32,14.64,79,"Urban - High Density",TRUE
6560,849,14,6,2023-02-16,TRUE,50,"Fig","Summer",TRUE,3.67,22.02,32,"Rural",TRUE
6561,1391,45,2,2023-06-21,TRUE,5,"Apricot","All Seasons",TRUE,7.43,14.86,56,"Rural",FALSE
6562,1434,41,6,2023-05-03,TRUE,2,"Strawberry","Summer",TRUE,4.94,29.64,68,"Rural",TRUE
6563,1745,39,-3,2023-06-11,TRUE,50,"Mango","All Seasons",TRUE,10.84,-32.52,75,"Urban - Medium Density",TRUE
6564,1301,38,8,2023-04-13,TRUE,50,"Apricot","Summer",TRUE,8.8,70.4,72,"Urban - Medium Density",FALSE
6565,1379,21,9,2023-12-07,TRUE,-2,"Sweet Potato","All Seasons",TRUE,12.3,110.7,76,"Urban - Medium Density",FALSE
6566,1557,38,-3,2023-02-25,TRUE,1,"Apricot","Summer",TRUE,8.8,-26.4,48,"Urban - Medium Density",FALSE
6567,1084,37,5,2023-11-30,TRUE,3,"Radish","Unknown",TRUE,7.32,36.6,18,"Rural",TRUE
6568,471,50,7,2023-09-23,TRUE,2,"Sweet Potato","Unknown",FALSE,1.01,7.07,54,"Urban - High Density",TRUE
6569,600,29,9,2023-06-10,TRUE,1,"Orange","Summer",FALSE,9.07,81.63,69,"Urban - Medium Density",FALSE
6570,1740,26,7,2023-07-01,TRUE,-2,"Mango","Summer",TRUE,-1.79,-12.53,80,"Urban - Medium Density",TRUE
6571,775,32,3,2023-12-02,TRUE,4,"Raspberry","All Seasons",TRUE,12.49,37.47,45,"Urban - Medium Density",FALSE
6572,392,47,3,2023-01-22,TRUE,7,"Mango","Summer",FALSE,2.32,6.96,27,"Rural",TRUE
6573,564,44,2,2023-12-06,TRUE,4,"Apple","Summer",TRUE,9.24,18.48,57,"Urban - High Density",FALSE
6574,1494,39,8,2023-08-01,TRUE,3,"Mango","All Seasons",TRUE,10.84,86.72,18,"Urban - High Density",FALSE
6575,1888,47,7,2023-06-29,TRUE,2,"Mango","Summer",FALSE,2.32,16.24,60,"Urban - Medium Density",TRUE
6576,1599,44,10,2023-05-07,TRUE,2,"Apple","Summer",TRUE,9.24,92.4,53,"Rural",TRUE
6577,803,40,5,2023-08-05,TRUE,7,"Orange","Winter",FALSE,3.87,19.35,33,"Urban - Medium Density",TRUE
6578,564,34,1,2023-10-21,TRUE,2,"Celery","Winter",TRUE,5.77,5.77,57,"Urban - High Density",FALSE
6579,1001,11,4,2023-08-14,TRUE,50,"Strawberry","Summer",TRUE,5.35,21.4,64,"Urban - High Density",FALSE
6580,521,10,3,2023-05-20,TRUE,1,"Blueberry","Summer",FALSE,4.44,13.32,38,"Urban - High Density",FALSE
6581,724,50,-3,2023-10-09,TRUE,1,"Sweet Potato","Unknown",FALSE,1.01,-3.03,41,"Rural",NA
6582,639,32,2,2023-09-05,TRUE,5,"Raspberry","All Seasons",TRUE,12.49,24.98,76,"Urban - High Density",FALSE
6583,214,25,-3,2023-06-03,NA,1,"Broccoli","All Seasons",TRUE,3.11,-9.33,48,"Urban - Medium Density",TRUE
6584,1322,1,2,2023-08-23,TRUE,7,"Strawberry","Unknown",TRUE,4.42,8.84,26,"Urban - Medium Density",TRUE
6585,258,20,1,2023-05-26,TRUE,1,"Corn","All Seasons",TRUE,12.25,12.25,60,"Urban - High Density",FALSE
6586,22,11,2,2023-12-06,TRUE,2,"Strawberry","Summer",TRUE,5.35,10.7,38,"Urban - High Density",FALSE
6587,443,9,-3,2023-12-08,TRUE,50,"Onion","Unknown",TRUE,5.01,-15.03,19,"Urban - Medium Density",FALSE
6588,1296,28,6,2023-05-14,TRUE,2,"Raspberry","Unknown",TRUE,14.97,89.82,59,"Urban - High Density",TRUE
6589,1855,20,3,2023-07-11,TRUE,-2,"Corn","All Seasons",TRUE,12.25,36.75,5,"Urban - Medium Density",TRUE
6590,1049,5,7,2023-03-14,TRUE,7,"Apricot","Summer",FALSE,10.18,71.26,70,"Urban - High Density",TRUE
6591,1179,31,3,2023-03-11,TRUE,3,"Chestnut","All Seasons",NA,0.13,0.39,28,"Urban - Medium Density",FALSE
6592,1829,24,9,2023-02-12,TRUE,6,"Asparagus","Winter",FALSE,2.01,18.09,29,"Urban - Medium Density",FALSE
6593,1894,40,-3,2023-10-28,TRUE,7,"Orange","Winter",FALSE,3.87,-11.61,78,"Urban - High Density",FALSE
6594,1241,22,0,2023-04-19,TRUE,7,"Green Bean","All Seasons",FALSE,-4.21,0,40,"Urban - Medium Density",TRUE
6595,1798,28,0,2023-09-17,TRUE,3,"Raspberry","Unknown",TRUE,14.97,0,78,"Rural",TRUE
6596,1005,10,10,2023-01-25,TRUE,5,"Blueberry","Summer",FALSE,4.44,44.4,35,"Urban - Medium Density",TRUE
6597,45,24,-3,2023-10-01,TRUE,-2,"Asparagus","Winter",FALSE,2.01,-6.03,19,"Urban - Medium Density",TRUE
6598,379,33,8,2023-01-11,NA,1,"Banana","All Seasons",TRUE,13.25,106,38,"Rural",FALSE
6599,743,28,10,2023-09-08,TRUE,1,"Raspberry","Unknown",TRUE,14.97,149.7,56,"Urban - Medium Density",TRUE
6600,468,6,10,2023-06-21,FALSE,-2,"Walnut","Summer",TRUE,-3.25,-32.5,59,"Urban - High Density",FALSE
6601,1317,12,9,2023-01-15,TRUE,3,"Banana","All Seasons",TRUE,10.29,92.61,22,"Urban - High Density",TRUE
6602,700,39,6,2023-05-30,TRUE,-2,"Mango","All Seasons",TRUE,10.84,65.04,32,"Urban - Medium Density",FALSE
6603,912,23,10,2023-02-16,TRUE,3,"Corn","Winter",FALSE,1.53,15.3,49,"Unknown",TRUE
6604,1124,25,3,2023-07-15,TRUE,-2,"Broccoli","All Seasons",TRUE,3.11,9.33,53,"Urban - Medium Density",FALSE
6605,1409,27,1,2023-04-04,FALSE,-2,"Peach","Winter",TRUE,13.88,13.88,79,"Urban - High Density",TRUE
6606,236,23,0,2023-09-26,TRUE,50,"Corn","Winter",FALSE,1.53,0,46,"Urban - Medium Density",NA
6607,1964,27,2,2023-01-16,TRUE,2,"Peach","Winter",TRUE,13.88,27.76,27,"Urban - Medium Density",NA
6608,926,28,10,2023-02-06,NA,50,"Raspberry","Unknown",TRUE,14.97,149.7,66,"Rural",FALSE
6609,987,29,1,2023-05-29,TRUE,-2,"Orange","Summer",FALSE,9.07,9.07,19,"Urban - Medium Density",TRUE
6610,2000,31,5,2023-11-11,TRUE,1,"Chestnut","All Seasons",NA,0.13,0.65,38,"Urban - Medium Density",TRUE
6611,392,26,5,2023-03-24,TRUE,7,"Mango","Summer",TRUE,-1.79,-8.95,27,"Rural",TRUE
6612,229,45,7,2023-04-19,TRUE,1,"Apricot","All Seasons",TRUE,7.43,52.01,23,"Urban - High Density",TRUE
6613,1225,16,3,2023-06-08,TRUE,1,"Chestnut","Summer",TRUE,3.39,10.17,40,"Urban - High Density",FALSE
6614,783,31,5,2023-10-01,TRUE,-2,"Chestnut","All Seasons",NA,0.13,0.65,25,"Urban - High Density",FALSE
6615,886,10,6,2023-08-11,TRUE,1,"Blueberry","Summer",FALSE,4.44,26.64,46,"Urban - High Density",TRUE
6616,1849,40,4,2023-04-24,TRUE,-2,"Orange","Winter",FALSE,3.87,15.48,72,"Urban - Medium Density",TRUE
6617,1484,4,0,2023-12-06,TRUE,3,"Watermelon","Unknown",TRUE,12.08,0,63,"Urban - High Density",FALSE
6618,889,4,9,2023-05-03,TRUE,4,"Watermelon","Unknown",TRUE,12.08,108.72,52,"Urban - Medium Density",FALSE
6619,91,45,-3,2023-02-28,TRUE,-2,"Apricot","All Seasons",TRUE,7.43,-22.29,54,"Urban - High Density",FALSE
6620,1930,22,8,2023-01-06,TRUE,-2,"Green Bean","All Seasons",FALSE,-4.21,-33.68,46,"Urban - Medium Density",TRUE
6621,1300,1,8,2023-02-06,TRUE,1,"Strawberry","Unknown",TRUE,4.42,35.36,36,"Urban - High Density",TRUE
6622,1501,36,1,2023-11-05,TRUE,50,"Raspberry","Summer",TRUE,5.87,5.87,53,"Urban - High Density",TRUE
6623,1094,46,4,2023-05-25,TRUE,-2,"Chestnut","All Seasons",TRUE,-4.08,-16.32,66,"Urban - Medium Density",TRUE
6624,1349,27,8,2023-07-13,TRUE,-2,"Peach","Winter",TRUE,13.88,111.04,40,"Urban - High Density",FALSE
6625,1005,34,9,2023-09-05,FALSE,5,"Celery","Winter",TRUE,5.77,51.93,35,"Urban - Medium Density",TRUE
6626,725,19,0,2023-08-30,TRUE,5,"Banana","Winter",TRUE,-0.17,0,61,"Rural",FALSE
6627,1284,50,0,2023-09-26,TRUE,-2,"Sweet Potato","Unknown",FALSE,1.01,0,53,"Urban - High Density",FALSE
6628,821,44,10,2023-04-28,TRUE,7,"Apple","Summer",TRUE,9.24,92.4,29,"Rural",TRUE
6629,228,22,-3,2023-11-07,TRUE,3,"Green Bean","All Seasons",FALSE,-4.21,12.63,56,"Urban - Medium Density",TRUE
6630,476,23,6,2023-11-08,TRUE,50,"Corn","Winter",FALSE,1.53,9.18,120,"Urban - Medium Density",NA
6631,1818,16,1,2023-12-12,TRUE,50,"Chestnut","Summer",TRUE,3.39,3.39,69,"Urban - High Density",FALSE
6632,700,15,6,2023-10-09,TRUE,3,"Cabbage","All Seasons",FALSE,3.34,20.04,32,"Urban - Medium Density",FALSE
6633,1664,14,5,2023-10-30,TRUE,5,"Fig","Summer",TRUE,3.67,18.35,71,"Urban - High Density",TRUE
6634,1748,13,4,2023-08-04,TRUE,6,"Cucumber","All Seasons",NA,8.17,32.68,74,"Urban - Medium Density",TRUE
6635,1091,4,7,2023-10-30,TRUE,3,"Watermelon","Unknown",TRUE,12.08,84.56,43,"Urban - Medium Density",NA
6636,785,6,4,2023-01-22,TRUE,6,"Walnut","Summer",TRUE,-3.25,-13,23,"Urban - High Density",TRUE
6637,1389,16,1,2023-10-24,TRUE,-2,"Chestnut","Summer",TRUE,3.39,3.39,44,"Urban - High Density",TRUE
6638,1719,41,3,2023-09-11,TRUE,5,"Strawberry","Summer",TRUE,4.94,14.82,74,"Urban - High Density",NA
6639,968,21,8,2023-02-13,TRUE,2,"Sweet Potato","All Seasons",TRUE,12.3,98.4,68,"Urban - Medium Density",TRUE
6640,964,9,1,2023-01-15,TRUE,2,"Onion","Unknown",TRUE,5.01,5.01,64,"Urban - High Density",TRUE
6641,1857,16,1,2023-07-12,TRUE,-2,"Chestnut","Summer",TRUE,3.39,3.39,21,"Urban - High Density",TRUE
6642,1961,4,5,2023-10-10,TRUE,50,"Watermelon","Unknown",TRUE,12.08,60.4,5,"Urban - High Density",TRUE
6643,442,36,9,2023-08-11,TRUE,7,"Raspberry","Summer",TRUE,5.87,52.83,33,"Urban - Medium Density",FALSE
6644,1320,36,8,2023-12-03,TRUE,2,"Raspberry","Summer",TRUE,5.87,46.96,28,"Urban - Medium Density",TRUE
6645,1620,22,2,2023-04-27,TRUE,4,"Green Bean","All Seasons",FALSE,-4.21,-8.42,64,"Urban - High Density",FALSE
6646,1962,39,6,2023-01-25,TRUE,2,"Mango","All Seasons",TRUE,10.84,65.04,47,"Urban - High Density",FALSE
6647,1551,20,10,2023-05-02,TRUE,50,"Corn","All Seasons",TRUE,12.25,122.5,63,"Urban - High Density",TRUE
6648,789,9,0,2023-11-18,TRUE,7,"Onion","Unknown",TRUE,5.01,0,25,"Rural",TRUE
6649,23,18,10,2023-09-24,TRUE,2,"Apple","All Seasons",TRUE,14.07,140.7,42,"Urban - High Density",TRUE
6650,776,29,4,2023-05-04,TRUE,7,"Orange","Summer",FALSE,9.07,36.28,61,"Rural",TRUE
6651,1943,44,7,2023-08-26,TRUE,6,"Apple","Summer",TRUE,9.24,64.68,21,"Urban - Medium Density",NA
6652,725,34,9,2023-08-10,TRUE,2,"Celery","Winter",TRUE,5.77,51.93,61,"Rural",FALSE
6653,318,4,0,2023-06-10,TRUE,5,"Watermelon","Unknown",TRUE,12.08,0,120,"Urban - High Density",TRUE
6654,1406,2,2,2023-03-27,TRUE,7,"Grape","Unknown",TRUE,10.56,21.12,48,"Urban - High Density",FALSE
6655,34,25,0,2023-10-20,TRUE,4,"Broccoli","All Seasons",TRUE,3.11,0,53,"",FALSE
6656,233,27,8,2023-12-13,TRUE,-2,"Peach","Winter",TRUE,13.88,111.04,120,"Urban - High Density",FALSE
6657,244,11,7,2023-07-14,TRUE,1,"Strawberry","Summer",TRUE,5.35,37.45,64,"Urban - High Density",TRUE
6658,743,47,4,2023-03-09,TRUE,1,"Mango","Summer",FALSE,2.32,9.28,56,"Urban - Medium Density",TRUE
6659,1477,38,9,2023-03-01,TRUE,7,"Apricot","Summer",TRUE,8.8,79.2,23,"Urban - High Density",TRUE
6660,715,16,-3,2023-09-14,TRUE,6,"Chestnut","Summer",TRUE,3.39,-10.17,29,"Urban - High Density",FALSE
6661,1054,30,6,2023-11-01,TRUE,6,"Lychee","All Seasons",TRUE,1.21,7.26,79,"Urban - Medium Density",TRUE
6662,787,40,0,2023-12-10,TRUE,3,"Orange","Winter",FALSE,3.87,0,54,"Urban - High Density",FALSE
6663,567,4,3,2023-04-23,TRUE,7,"Watermelon","Unknown",TRUE,12.08,36.24,23,"Rural",TRUE
6664,274,34,10,2023-01-14,TRUE,5,"Celery","Winter",TRUE,5.77,57.7,71,"Urban - High Density",FALSE
6665,1247,11,9,2023-03-17,TRUE,5,"Strawberry","Summer",TRUE,5.35,48.15,57,"Urban - High Density",TRUE
6666,1802,24,9,2023-10-31,TRUE,6,"Asparagus","Winter",FALSE,2.01,18.09,56,"Urban - High Density",TRUE
6667,473,17,3,2023-03-16,TRUE,50,"Pea","All Seasons",TRUE,-2.07,-6.21,53,"Urban - Medium Density",TRUE
6668,975,25,8,2023-11-02,TRUE,-2,"Broccoli","All Seasons",TRUE,3.11,24.88,24,"Urban - Medium Density",FALSE
6669,580,33,2,2023-09-29,FALSE,7,"Banana","All Seasons",TRUE,13.25,26.5,23,"Urban - Medium Density",TRUE
6670,1350,1,8,2023-04-18,TRUE,2,"Strawberry","Unknown",TRUE,4.42,35.36,79,"Urban - Medium Density",TRUE
6671,1709,39,9,2023-04-06,TRUE,5,"Mango","All Seasons",TRUE,10.84,97.56,25,"Urban - High Density",FALSE
6672,738,2,10,2023-04-05,TRUE,2,"Grape","Unknown",TRUE,10.56,105.6,53,"Urban - High Density",FALSE
6673,1017,8,5,2023-08-21,TRUE,3,"Garlic","Winter",TRUE,3.66,18.3,25,"Urban - High Density",TRUE
6674,1132,15,2,2023-05-28,TRUE,5,"Cabbage","All Seasons",FALSE,3.34,6.68,53,"Urban - Medium Density",FALSE
6675,40,46,1,2023-02-06,TRUE,4,"Chestnut","All Seasons",TRUE,-4.08,-4.08,21,"Urban - Medium Density",TRUE
6676,355,5,7,2023-12-18,TRUE,3,"Apricot","Summer",FALSE,10.18,71.26,48,"Urban - Medium Density",TRUE
6677,803,2,6,2023-12-03,TRUE,4,"Grape","Unknown",TRUE,10.56,63.36,33,"Urban - Medium Density",TRUE
6678,1956,13,7,2023-08-31,TRUE,3,"Cucumber","All Seasons",NA,8.17,57.19,78,"Urban - High Density",FALSE
6679,60,15,8,2023-04-22,TRUE,6,"Cabbage","All Seasons",FALSE,3.34,26.72,38,"Urban - Medium Density",TRUE
6680,458,7,-3,2023-10-09,TRUE,6,"Lettuce","Unknown",TRUE,8.68,-26.04,47,"Urban - Medium Density",FALSE
6681,1769,45,10,2023-12-16,TRUE,7,"Apricot","All Seasons",TRUE,7.43,74.3,62,"Urban - High Density",FALSE
6682,893,23,1,2023-03-28,TRUE,7,"Corn","Winter",FALSE,1.53,1.53,54,"Unknown",TRUE
6683,323,47,2,2023-10-11,TRUE,50,"Mango","Summer",FALSE,2.32,4.64,70,"Urban - Medium Density",TRUE
6684,1974,23,3,2023-02-20,TRUE,-2,"Corn","Winter",FALSE,1.53,4.59,50,"Urban - High Density",NA
6685,307,34,2,2023-12-09,TRUE,3,"Celery","Winter",TRUE,5.77,11.54,58,"Urban - High Density",FALSE
6686,1088,1,0,2023-07-14,TRUE,7,"Strawberry","Unknown",TRUE,4.42,0,23,"Rural",TRUE
6687,274,35,-3,2023-04-23,TRUE,4,"Hazelnut","All Seasons",TRUE,6.96,-20.88,71,"Urban - High Density",FALSE
6688,320,48,6,2023-01-21,TRUE,1,"Blueberry","Winter",TRUE,0.78,4.68,72,"Urban - Medium Density",TRUE
6689,1117,47,6,2023-10-25,TRUE,7,"Mango","Summer",FALSE,2.32,13.92,71,"Urban - Medium Density",FALSE
6690,862,35,5,2023-02-19,TRUE,4,"Hazelnut","All Seasons",TRUE,6.96,34.8,33,"Urban - Medium Density",TRUE
6691,760,7,8,2023-09-23,TRUE,2,"Lettuce","Unknown",TRUE,8.68,69.44,63,"Unknown",TRUE
6692,397,25,8,2023-03-27,TRUE,1,"Broccoli","All Seasons",TRUE,3.11,24.88,55,"Rural",TRUE
6693,146,10,0,2023-10-05,TRUE,50,"Blueberry","Summer",FALSE,4.44,0,29,"Urban - High Density",TRUE
6694,1405,30,2,2023-10-21,TRUE,6,"Lychee","All Seasons",TRUE,1.21,2.42,34,"Rural",TRUE
6695,81,3,6,2023-08-30,TRUE,7,"Raspberry","Unknown",FALSE,10.26,61.56,39,"Urban - High Density",FALSE
6696,296,35,0,2023-12-13,TRUE,-2,"Hazelnut","All Seasons",TRUE,6.96,0,69,"Urban - High Density",FALSE
6697,669,9,9,2023-12-15,TRUE,-2,"Onion","Unknown",TRUE,5.01,45.09,66,"Urban - Medium Density",FALSE
6698,876,39,0,2023-04-08,TRUE,2,"Mango","All Seasons",TRUE,10.84,0,57,"Urban - High Density",TRUE
6699,388,32,1,2023-07-11,TRUE,1,"Raspberry","All Seasons",TRUE,12.49,12.49,25,"Rural",TRUE
6700,758,19,2,2023-02-24,TRUE,4,"Banana","Winter",TRUE,-0.17,-0.34,25,"Urban - Medium Density",FALSE
6701,1355,25,3,2023-01-14,TRUE,1,"Broccoli","All Seasons",TRUE,3.11,9.33,60,"Urban - Medium Density",FALSE
6702,149,8,8,2023-11-22,TRUE,-2,"Garlic","Winter",TRUE,3.66,29.28,73,"Urban - Medium Density",TRUE
6703,328,26,-3,2023-05-14,TRUE,2,"Mango","Summer",TRUE,-1.79,5.37,47,"Urban - Medium Density",TRUE
6704,1385,30,0,2023-06-21,TRUE,1,"Lychee","All Seasons",TRUE,1.21,0,77,"Urban - High Density",TRUE
6705,1759,9,3,2023-09-23,TRUE,50,"Onion","Unknown",TRUE,5.01,15.03,32,"Rural",FALSE
6706,916,25,1,2023-07-01,TRUE,50,"Broccoli","All Seasons",TRUE,3.11,3.11,27,"Urban - High Density",TRUE
6707,127,27,-3,2023-02-10,TRUE,6,"Peach","Winter",TRUE,13.88,-41.64,69,"Urban - Medium Density",FALSE
6708,535,26,5,2023-03-05,FALSE,50,"Mango","Summer",TRUE,-1.79,-8.95,73,"Urban - High Density",FALSE
6709,1999,20,6,2023-12-24,TRUE,3,"Corn","All Seasons",TRUE,12.25,73.5,64,"Urban - Medium Density",FALSE
6710,940,40,4,2023-10-14,TRUE,1,"Orange","Winter",FALSE,3.87,15.48,67,"Urban - Medium Density",FALSE
6711,591,16,2,2023-02-21,FALSE,-2,"Chestnut","Summer",TRUE,3.39,6.78,69,"Urban - Medium Density",TRUE
6712,920,46,6,2023-05-31,TRUE,5,"Chestnut","All Seasons",TRUE,-4.08,-24.48,58,"Urban - High Density",TRUE
6713,918,15,-3,2023-05-12,TRUE,5,"Cabbage","All Seasons",FALSE,3.34,-10.02,74,"Urban - Medium Density",NA
6714,14,12,4,2023-06-06,FALSE,6,"Banana","All Seasons",TRUE,10.29,41.16,24,"Urban - High Density",TRUE
6715,397,33,6,2023-12-15,TRUE,6,"Banana","All Seasons",TRUE,13.25,79.5,55,"Rural",TRUE
6716,1516,8,2,2023-01-28,TRUE,4,"Garlic","Winter",TRUE,3.66,7.32,70,"Urban - Medium Density",TRUE
6717,1626,38,0,2023-11-29,TRUE,2,"Apricot","Summer",TRUE,8.8,0,21,"Urban - High Density",FALSE
6718,1552,19,10,2023-07-13,TRUE,6,"Banana","Winter",TRUE,-0.17,-1.7,46,"Rural",FALSE
6719,1950,5,5,2023-06-10,TRUE,1,"Apricot","Summer",FALSE,10.18,50.9,46,"Rural",TRUE
6720,1506,47,-3,2023-01-07,TRUE,7,"Mango","Summer",FALSE,2.32,-6.96,36,"Rural",TRUE
6721,127,17,8,2023-02-10,TRUE,3,"Pea","All Seasons",TRUE,-2.07,-16.56,69,"Urban - Medium Density",FALSE
6722,1064,43,4,2023-10-14,TRUE,6,"Pear","Unknown",TRUE,4.62,18.48,77,"Urban - High Density",TRUE
6723,315,33,6,2023-06-13,TRUE,-2,"Banana","All Seasons",TRUE,13.25,79.5,78,"Urban - High Density",FALSE
6724,784,40,6,2023-04-17,TRUE,6,"Orange","Winter",FALSE,3.87,23.22,51,"Urban - Medium Density",TRUE
6725,347,6,4,2023-10-23,TRUE,50,"Walnut","Summer",TRUE,-3.25,-13,69,"Urban - High Density",FALSE
6726,1109,9,7,2023-02-17,TRUE,7,"Onion","Unknown",TRUE,5.01,35.07,76,"Urban - High Density",TRUE
6727,1818,12,5,2023-12-15,TRUE,6,"Banana","All Seasons",TRUE,10.29,51.45,69,"Urban - High Density",FALSE
6728,242,27,0,2023-01-30,TRUE,5,"Peach","Winter",TRUE,13.88,0,48,"Urban - High Density",FALSE
6729,659,11,0,2023-07-02,FALSE,50,"Strawberry","Summer",TRUE,5.35,0,61,"Urban - Medium Density",FALSE
6730,1835,43,2,2023-05-20,TRUE,6,"Pear","Unknown",TRUE,4.62,9.24,49,"Rural",TRUE
6731,1961,3,8,2023-10-03,TRUE,7,"Raspberry","Unknown",FALSE,10.26,82.08,5,"Urban - High Density",TRUE
6732,1121,49,10,2023-02-11,TRUE,50,"Cherry","Summer",NA,1.84,18.4,25,"Urban - High Density",TRUE
6733,977,7,2,2023-10-09,TRUE,4,"Lettuce","Unknown",TRUE,8.68,17.36,56,"Urban - High Density",TRUE
6734,155,19,6,2023-08-10,TRUE,50,"Banana","Winter",TRUE,-0.17,-1.02,41,"Urban - High Density",FALSE
6735,25,34,2,2023-08-19,TRUE,7,"Celery","Winter",TRUE,5.77,11.54,68,"Urban - Medium Density",TRUE
6736,1546,50,0,2023-09-25,TRUE,7,"Sweet Potato","Unknown",FALSE,1.01,0,54,"Rural",TRUE
6737,483,18,8,2023-07-22,TRUE,6,"Apple","All Seasons",TRUE,14.07,112.56,36,"Urban - High Density",TRUE
6738,948,29,6,2023-08-14,TRUE,4,"Orange","Summer",FALSE,9.07,54.42,49,"Rural",TRUE
6739,1593,9,6,2023-08-14,TRUE,1,"Onion","Unknown",TRUE,5.01,30.06,46,"",TRUE
6740,934,37,9,2023-07-20,TRUE,-2,"Radish","Unknown",TRUE,7.32,65.88,21,"Urban - Medium Density",FALSE
6741,1717,2,5,2023-10-15,TRUE,-2,"Grape","Unknown",TRUE,10.56,52.8,49,"Urban - High Density",NA
6742,845,3,1,2023-10-21,TRUE,-2,"Raspberry","Unknown",FALSE,10.26,10.26,24,"Urban - High Density",FALSE
6743,1575,45,1,2023-08-06,TRUE,7,"Apricot","All Seasons",TRUE,7.43,7.43,31,"Rural",FALSE
6744,73,25,10,2023-07-06,TRUE,5,"Broccoli","All Seasons",TRUE,3.11,31.1,38,"Urban - High Density",TRUE
6745,676,46,5,2023-04-13,TRUE,1,"Chestnut","All Seasons",TRUE,-4.08,-20.4,77,"Rural",FALSE
6746,30,9,2,2023-09-14,TRUE,3,"Onion","Unknown",TRUE,5.01,10.02,49,"Urban - High Density",FALSE
6747,1122,46,9,2023-10-04,TRUE,5,"Chestnut","All Seasons",TRUE,-4.08,-36.72,55,"Urban - High Density",TRUE
6748,747,37,10,2023-02-18,TRUE,4,"Radish","Unknown",TRUE,7.32,73.2,21,"Rural",FALSE
6749,1842,20,7,2023-04-19,FALSE,7,"Corn","All Seasons",TRUE,12.25,85.75,54,"Urban - High Density",TRUE
6750,1109,33,1,2023-06-11,TRUE,4,"Banana","All Seasons",TRUE,13.25,13.25,76,"Urban - High Density",TRUE
6751,80,43,1,2023-04-02,TRUE,5,"Pear","Unknown",TRUE,4.62,4.62,31,"Urban - High Density",TRUE
6752,1358,38,-3,2023-09-22,TRUE,2,"Apricot","Summer",TRUE,8.8,-26.4,20,"Urban - Medium Density",NA
6753,1957,24,10,2023-06-23,TRUE,7,"Asparagus","Winter",FALSE,2.01,20.1,56,"Rural",FALSE
6754,142,9,5,2023-04-16,TRUE,4,"Onion","Unknown",TRUE,5.01,25.05,47,"Rural",TRUE
6755,1703,41,4,2023-10-02,TRUE,5,"Strawberry","Summer",TRUE,4.94,19.76,47,"Urban - High Density",FALSE
6756,1013,15,7,2023-05-23,TRUE,7,"Cabbage","All Seasons",FALSE,3.34,23.38,80,"Urban - Medium Density",TRUE
6757,381,44,8,2023-09-29,TRUE,2,"Apple","Summer",TRUE,9.24,73.92,23,"Urban - Medium Density",NA
6758,1322,4,6,2023-10-21,TRUE,5,"Watermelon","Unknown",TRUE,12.08,72.48,26,"Urban - Medium Density",TRUE
6759,1877,41,10,2023-12-30,TRUE,-2,"Strawberry","Summer",TRUE,4.94,49.4,46,"Urban - Medium Density",FALSE
6760,500,49,0,2023-01-08,TRUE,50,"Cherry","Summer",NA,1.84,0,32,"Urban - High Density",FALSE
6761,1814,13,7,2023-09-08,TRUE,-2,"Cucumber","All Seasons",NA,8.17,57.19,54,"Urban - Medium Density",TRUE
6762,320,47,10,2023-07-02,TRUE,6,"Mango","Summer",FALSE,2.32,23.2,72,"Urban - Medium Density",TRUE
6763,919,36,7,2023-11-29,TRUE,6,"Raspberry","Summer",TRUE,5.87,41.09,48,"Urban - Medium Density",TRUE
6764,561,4,7,2023-07-12,TRUE,-2,"Watermelon","Unknown",TRUE,12.08,84.56,75,"Urban - Medium Density",TRUE
6765,1208,45,8,2023-07-08,TRUE,5,"Apricot","All Seasons",TRUE,7.43,59.44,70,"Unknown",TRUE
6766,125,24,9,2023-05-26,TRUE,50,"Asparagus","Winter",FALSE,2.01,18.09,39,"Urban - High Density",FALSE
6767,731,19,8,2023-08-03,TRUE,50,"Banana","Winter",TRUE,-0.17,-1.36,62,"Rural",TRUE
6768,1732,36,9,2023-01-10,TRUE,7,"Raspberry","Summer",TRUE,5.87,52.83,54,"Urban - High Density",TRUE
6769,1115,26,9,2023-08-19,TRUE,5,"Mango","Summer",TRUE,-1.79,-16.11,20,"Rural",NA
6770,350,36,-3,2023-03-28,TRUE,1,"Raspberry","Summer",TRUE,5.87,-17.61,71,"Urban - Medium Density",FALSE
6771,1512,43,1,2023-11-14,TRUE,-2,"Pear","Unknown",TRUE,4.62,4.62,65,"Urban - Medium Density",TRUE
6772,1173,17,8,2023-06-21,TRUE,2,"Pea","All Seasons",TRUE,-2.07,-16.56,38,"Rural",NA
6773,862,14,4,2023-12-18,TRUE,1,"Fig","Summer",TRUE,3.67,14.68,33,"Urban - Medium Density",TRUE
6774,1007,27,8,2023-08-21,TRUE,2,"Peach","Winter",TRUE,13.88,111.04,71,"Urban - High Density",FALSE
6775,1796,36,5,2023-11-05,TRUE,6,"Raspberry","Summer",TRUE,5.87,29.35,54,"Urban - Medium Density",TRUE
6776,722,45,6,2023-05-16,TRUE,7,"Apricot","All Seasons",TRUE,7.43,44.58,80,"Urban - Medium Density",FALSE
6777,191,35,3,2023-01-17,TRUE,5,"Hazelnut","All Seasons",TRUE,6.96,20.88,120,"Urban - High Density",TRUE
6778,1883,11,5,2023-10-12,FALSE,7,"Strawberry","Summer",TRUE,5.35,26.75,57,"Urban - Medium Density",FALSE
6779,1262,33,4,2023-01-22,TRUE,7,"Banana","All Seasons",TRUE,13.25,53,30,"Urban - High Density",TRUE
6780,1865,10,9,2023-07-05,TRUE,5,"Blueberry","Summer",FALSE,4.44,39.96,74,"Urban - High Density",TRUE
6781,517,18,1,2023-09-03,TRUE,6,"Apple","All Seasons",TRUE,14.07,14.07,59,"Urban - High Density",FALSE
6782,1734,50,5,2023-07-15,TRUE,2,"Sweet Potato","Unknown",FALSE,1.01,5.05,42,"Urban - High Density",FALSE
6783,243,38,4,2023-08-27,TRUE,-2,"Apricot","Summer",TRUE,8.8,35.2,43,"Urban - High Density",FALSE
6784,1055,39,9,2023-09-17,TRUE,1,"Mango","All Seasons",TRUE,10.84,97.56,78,"Urban - Medium Density",FALSE
6785,591,25,1,2023-03-01,FALSE,5,"Broccoli","All Seasons",TRUE,3.11,3.11,69,"Urban - Medium Density",TRUE
6786,747,27,8,2023-08-11,TRUE,50,"Peach","Winter",TRUE,13.88,111.04,21,"Rural",FALSE
6787,1854,13,-3,2023-07-16,TRUE,6,"Cucumber","All Seasons",NA,8.17,-24.51,20,"Urban - Medium Density",TRUE
6788,1887,27,-3,2023-07-11,TRUE,6,"Peach","Winter",TRUE,13.88,-41.64,19,"Urban - High Density",FALSE
6789,744,27,-3,2023-04-08,TRUE,4,"Peach","Winter",TRUE,13.88,-41.64,52,"Urban - High Density",TRUE
6790,194,29,5,2023-07-25,TRUE,7,"Orange","Summer",FALSE,9.07,45.35,28,"Rural",FALSE
6791,171,2,6,2023-07-17,TRUE,3,"Grape","Unknown",TRUE,10.56,63.36,60,"Urban - Medium Density",FALSE
6792,853,2,-3,2023-07-08,TRUE,6,"Grape","Unknown",TRUE,10.56,-31.68,34,"Urban - High Density",TRUE
6793,1716,24,0,2023-07-09,TRUE,4,"Asparagus","Winter",FALSE,2.01,0,46,"Urban - Medium Density",FALSE
6794,361,18,2,2023-01-19,TRUE,5,"Apple","All Seasons",TRUE,14.07,28.14,40,"Urban - High Density",TRUE
6795,405,18,4,2023-05-06,TRUE,5,"Apple","All Seasons",TRUE,14.07,56.28,40,"Urban - High Density",TRUE
6796,1746,13,7,2023-02-23,TRUE,50,"Cucumber","All Seasons",NA,8.17,57.19,32,"Urban - High Density",TRUE
6797,380,33,8,2023-11-21,TRUE,1,"Banana","All Seasons",TRUE,13.25,106,60,"Urban - High Density",FALSE
6798,1538,32,4,2023-09-03,TRUE,-2,"Raspberry","All Seasons",TRUE,12.49,49.96,74,"Urban - High Density",TRUE
6799,1794,3,8,2023-10-25,TRUE,5,"Raspberry","Unknown",FALSE,10.26,82.08,19,"Urban - Medium Density",FALSE
6800,110,34,7,2023-09-23,TRUE,50,"Celery","Winter",TRUE,5.77,40.39,59,"Urban - Medium Density",TRUE
6801,416,22,2,2023-01-15,TRUE,7,"Green Bean","All Seasons",FALSE,-4.21,-8.42,19,"Urban - Medium Density",TRUE
6802,1395,6,3,2023-01-02,TRUE,2,"Walnut","Summer",TRUE,-3.25,-9.75,19,"Urban - High Density",TRUE
6803,1750,37,0,2023-05-25,TRUE,-2,"Radish","Unknown",TRUE,7.32,0,47,"Urban - High Density",TRUE
6804,54,20,8,2023-11-05,TRUE,3,"Corn","All Seasons",TRUE,12.25,98,45,"Urban - High Density",TRUE
6805,243,1,7,2023-05-27,TRUE,4,"Strawberry","Unknown",TRUE,4.42,30.94,43,"Urban - High Density",FALSE
6806,837,37,7,2023-12-29,TRUE,4,"Radish","Unknown",TRUE,7.32,51.24,120,"Urban - High Density",TRUE
6807,1359,13,5,2023-03-04,TRUE,3,"Cucumber","All Seasons",NA,8.17,40.85,62,"Urban - Medium Density",TRUE
6808,1669,26,7,2024-01-01,TRUE,6,"Mango","Summer",TRUE,-1.79,-12.53,22,"Urban - High Density",FALSE
6809,1823,48,-3,2023-03-28,TRUE,6,"Blueberry","Winter",TRUE,0.78,-2.34,5,"Urban - High Density",TRUE
6810,1832,23,7,2023-03-23,TRUE,2,"Corn","Winter",FALSE,1.53,10.71,33,"Rural",TRUE
6811,1147,20,9,2023-07-25,TRUE,1,"Corn","All Seasons",TRUE,12.25,110.25,69,"Urban - Medium Density",FALSE
6812,1457,3,5,2023-12-16,TRUE,5,"Raspberry","Unknown",FALSE,10.26,51.3,30,"Urban - Medium Density",FALSE
6813,83,29,8,2023-05-20,TRUE,6,"Orange","Summer",FALSE,9.07,72.56,36,"Urban - High Density",TRUE
6814,265,10,3,2023-06-28,TRUE,50,"Blueberry","Summer",FALSE,4.44,13.32,68,"Urban - High Density",FALSE
6815,1033,40,3,2023-03-07,TRUE,2,"Orange","Winter",FALSE,3.87,11.61,44,"Urban - High Density",TRUE
6816,1072,15,9,2023-08-04,TRUE,7,"Cabbage","All Seasons",FALSE,3.34,30.06,42,"Rural",FALSE
6817,1623,15,5,2023-06-15,TRUE,-2,"Cabbage","All Seasons",FALSE,3.34,16.7,52,"Urban - Medium Density",FALSE
6818,630,43,8,2023-06-26,TRUE,3,"Pear","Unknown",TRUE,4.62,36.96,49,"Urban - Medium Density",FALSE
6819,75,8,7,2023-12-22,TRUE,-2,"Garlic","Winter",TRUE,3.66,25.62,47,"Urban - High Density",TRUE
6820,1574,39,0,2023-04-05,TRUE,2,"Mango","All Seasons",TRUE,10.84,0,38,"Urban - Medium Density",TRUE
6821,123,36,3,2023-10-25,TRUE,1,"Raspberry","Summer",TRUE,5.87,17.61,73,"Urban - High Density",TRUE
6822,462,38,6,2023-06-27,TRUE,6,"Apricot","Summer",TRUE,8.8,52.8,60,"Urban - Medium Density",TRUE
6823,1469,38,2,2023-01-10,TRUE,5,"Apricot","Summer",TRUE,8.8,17.6,62,"Urban - Medium Density",TRUE
6824,666,6,-3,2023-04-19,TRUE,4,"Walnut","Summer",TRUE,-3.25,9.75,72,"Urban - Medium Density",TRUE
6825,1276,11,9,2023-04-11,TRUE,7,"Strawberry","Summer",TRUE,5.35,48.15,70,"Urban - High Density",FALSE
6826,1724,29,2,2023-10-17,TRUE,-2,"Orange","Summer",FALSE,9.07,18.14,22,"Urban - Medium Density",TRUE
6827,491,25,8,2023-06-25,TRUE,3,"Broccoli","All Seasons",TRUE,3.11,24.88,75,"Urban - Medium Density",TRUE
6828,14,10,7,2023-10-08,TRUE,50,"Blueberry","Summer",FALSE,4.44,31.08,24,"Urban - High Density",TRUE
6829,515,33,7,2023-10-28,TRUE,4,"Banana","All Seasons",TRUE,13.25,92.75,70,"Urban - Medium Density",FALSE
6830,1713,19,2,2023-12-29,TRUE,5,"Banana","Winter",TRUE,-0.17,-0.34,35,"Urban - Medium Density",TRUE
6831,1829,36,5,2023-02-20,TRUE,50,"Raspberry","Summer",TRUE,5.87,29.35,29,"Urban - Medium Density",FALSE
6832,1765,25,7,2023-07-25,TRUE,5,"Broccoli","All Seasons",TRUE,3.11,21.77,57,"Urban - High Density",TRUE
6833,751,3,0,2023-01-11,TRUE,7,"Raspberry","Unknown",FALSE,10.26,0,58,"Urban - High Density",TRUE
6834,1062,24,-3,2023-11-03,TRUE,-2,"Asparagus","Winter",FALSE,2.01,-6.03,32,"Rural",FALSE
6835,1309,39,4,2023-12-27,TRUE,6,"Mango","All Seasons",TRUE,10.84,43.36,53,"Urban - High Density",FALSE
6836,151,12,2,2023-09-17,TRUE,2,"Banana","All Seasons",TRUE,10.29,20.58,41,"Urban - Medium Density",NA
6837,1869,25,2,2023-10-15,TRUE,-2,"Broccoli","All Seasons",TRUE,3.11,6.22,37,"Urban - Medium Density",TRUE
6838,1627,21,1,2023-04-28,TRUE,1,"Sweet Potato","All Seasons",TRUE,12.3,12.3,78,"Urban - High Density",FALSE
6839,503,11,7,2023-10-03,TRUE,-2,"Strawberry","Summer",TRUE,5.35,37.45,30,"Urban - High Density",TRUE
6840,277,6,6,2023-07-19,TRUE,6,"Walnut","Summer",TRUE,-3.25,-19.5,55,"Urban - High Density",TRUE
6841,332,17,-3,2023-11-23,TRUE,6,"Pea","All Seasons",TRUE,-2.07,6.21,35,"Urban - High Density",TRUE
6842,873,4,-3,2023-11-04,TRUE,50,"Watermelon","Unknown",TRUE,12.08,-36.24,41,"Urban - High Density",FALSE
6843,1180,49,5,2023-12-19,TRUE,50,"Cherry","Summer",NA,1.84,9.2,27,"Urban - High Density",TRUE
6844,834,9,8,2023-06-01,TRUE,6,"Onion","Unknown",TRUE,5.01,40.08,37,"Urban - High Density",TRUE
6845,85,46,3,2023-09-17,TRUE,5,"Chestnut","All Seasons",TRUE,-4.08,-12.24,51,"Urban - High Density",TRUE
6846,840,24,5,2023-01-12,TRUE,6,"Asparagus","Winter",FALSE,2.01,10.05,63,"Rural",FALSE
6847,1455,47,1,2023-11-25,TRUE,7,"Mango","Summer",FALSE,2.32,2.32,58,"Rural",TRUE
6848,1987,36,10,2023-01-02,TRUE,7,"Raspberry","Summer",TRUE,5.87,58.7,69,"",FALSE
6849,1420,45,5,2023-07-23,TRUE,7,"Apricot","All Seasons",TRUE,7.43,37.15,72,"Urban - Medium Density",TRUE
6850,1066,10,4,2023-01-20,TRUE,-2,"Blueberry","Summer",FALSE,4.44,17.76,73,"Rural",TRUE
6851,255,31,-3,2023-03-06,TRUE,7,"Chestnut","All Seasons",NA,0.13,-0.39,18,"Urban - High Density",TRUE
6852,132,6,-3,2023-02-20,TRUE,7,"Walnut","Summer",TRUE,-3.25,9.75,44,"Rural",FALSE
6853,1750,31,-3,2023-08-01,TRUE,5,"Chestnut","All Seasons",NA,0.13,-0.39,47,"Urban - High Density",TRUE
6854,872,37,3,2023-06-11,TRUE,6,"Radish","Unknown",TRUE,7.32,21.96,51,"Urban - Medium Density",FALSE
6855,437,4,10,2023-01-14,FALSE,6,"Watermelon","Unknown",TRUE,12.08,120.8,56,"Urban - High Density",NA
6856,802,50,5,2023-12-08,TRUE,6,"Sweet Potato","Unknown",FALSE,1.01,5.05,52,"Urban - Medium Density",FALSE
6857,1582,18,6,2023-02-25,TRUE,2,"Apple","All Seasons",TRUE,14.07,84.42,35,"Urban - High Density",TRUE
6858,1502,4,3,2023-12-24,TRUE,4,"Watermelon","Unknown",TRUE,12.08,36.24,51,"Urban - Medium Density",FALSE
6859,628,48,7,2023-05-29,TRUE,4,"Blueberry","Winter",TRUE,0.78,5.46,44,"Urban - High Density",NA
6860,1164,22,2,2023-02-17,TRUE,50,"Green Bean","All Seasons",FALSE,-4.21,-8.42,39,"Urban - High Density",FALSE
6861,299,21,1,2023-01-11,TRUE,7,"Sweet Potato","All Seasons",TRUE,12.3,12.3,34,"Urban - Medium Density",TRUE
6862,1654,2,7,2023-12-16,TRUE,3,"Grape","Unknown",TRUE,10.56,73.92,18,"Rural",TRUE
6863,1298,43,-3,2023-09-20,TRUE,7,"Pear","Unknown",TRUE,4.62,-13.86,44,"Urban - High Density",FALSE
6864,1764,12,10,2023-10-15,TRUE,2,"Banana","All Seasons",TRUE,10.29,102.9,56,"Urban - High Density",TRUE
6865,739,15,1,2023-06-17,TRUE,4,"Cabbage","All Seasons",FALSE,3.34,3.34,48,"Urban - High Density",TRUE
6866,167,37,1,2023-10-28,TRUE,50,"Radish","Unknown",TRUE,7.32,7.32,20,"Urban - High Density",TRUE
6867,38,49,0,2023-03-17,TRUE,7,"Cherry","Summer",NA,1.84,0,75,"Rural",FALSE
6868,825,36,6,2023-04-08,TRUE,4,"Raspberry","Summer",TRUE,5.87,35.22,35,"Urban - High Density",FALSE
6869,45,50,7,2023-04-26,TRUE,2,"Sweet Potato","Unknown",FALSE,1.01,7.07,19,"Urban - Medium Density",TRUE
6870,100,35,5,2023-03-01,TRUE,1,"Hazelnut","All Seasons",TRUE,6.96,34.8,67,"Rural",TRUE
6871,1487,46,7,2023-01-16,TRUE,3,"Chestnut","All Seasons",TRUE,-4.08,-28.56,71,"Urban - Medium Density",TRUE
6872,1183,12,0,2023-11-27,TRUE,2,"Banana","All Seasons",TRUE,10.29,0,76,"Rural",TRUE
6873,1680,22,0,2023-08-24,TRUE,5,"Green Bean","All Seasons",FALSE,-4.21,0,69,"Urban - High Density",FALSE
6874,1227,31,-3,2023-12-12,TRUE,1,"Chestnut","All Seasons",NA,0.13,-0.39,43,"Urban - High Density",FALSE
6875,420,32,0,2023-12-15,TRUE,1,"Raspberry","All Seasons",TRUE,12.49,0,68,"Rural",FALSE
6876,1186,50,4,2023-04-11,TRUE,1,"Sweet Potato","Unknown",FALSE,1.01,4.04,31,"Urban - High Density",FALSE
6877,462,40,7,2023-02-24,TRUE,3,"Orange","Winter",FALSE,3.87,27.09,60,"Urban - Medium Density",TRUE
6878,668,22,8,2023-08-05,TRUE,7,"Green Bean","All Seasons",FALSE,-4.21,-33.68,26,"Urban - High Density",TRUE
6879,419,33,4,2023-05-30,TRUE,5,"Banana","All Seasons",TRUE,13.25,53,68,"Urban - Medium Density",TRUE
6880,1923,38,8,2023-05-25,TRUE,1,"Apricot","Summer",TRUE,8.8,70.4,44,"Urban - Medium Density",FALSE
6881,685,3,1,2023-12-18,TRUE,50,"Raspberry","Unknown",FALSE,10.26,10.26,38,"Urban - Medium Density",TRUE
6882,379,10,-3,2023-05-30,TRUE,-2,"Blueberry","Summer",FALSE,4.44,-13.32,38,"Rural",FALSE
6883,129,39,8,2023-01-10,TRUE,2,"Mango","All Seasons",TRUE,10.84,86.72,41,"Rural",TRUE
6884,175,26,9,2023-03-14,TRUE,6,"Mango","Summer",TRUE,-1.79,-16.11,21,"Rural",TRUE
6885,1545,41,8,2023-05-12,TRUE,3,"Strawberry","Summer",TRUE,4.94,39.52,54,"Urban - High Density",FALSE
6886,608,10,10,2023-11-14,TRUE,6,"Blueberry","Summer",FALSE,4.44,44.4,71,"Urban - Medium Density",TRUE
6887,380,39,3,2023-11-18,TRUE,6,"Mango","All Seasons",TRUE,10.84,32.52,60,"Urban - High Density",FALSE
6888,830,37,4,2023-05-30,TRUE,-2,"Radish","Unknown",TRUE,7.32,29.28,26,"Urban - High Density",TRUE
6889,1997,6,10,2023-10-27,TRUE,-2,"Walnut","Summer",TRUE,-3.25,-32.5,26,"Urban - Medium Density",TRUE
6890,58,2,9,2023-06-15,TRUE,-2,"Grape","Unknown",TRUE,10.56,95.04,79,"Rural",TRUE
6891,245,21,7,2023-02-23,TRUE,7,"Sweet Potato","All Seasons",TRUE,12.3,86.1,27,"Urban - High Density",TRUE
6892,1359,17,9,2023-12-12,TRUE,5,"Pea","All Seasons",TRUE,-2.07,-18.63,62,"Urban - Medium Density",TRUE
6893,1089,6,5,2023-11-13,TRUE,2,"Walnut","Summer",TRUE,-3.25,-16.25,75,"Urban - High Density",TRUE
6894,958,45,-3,2023-08-17,TRUE,7,"Apricot","All Seasons",TRUE,7.43,-22.29,74,"Urban - Medium Density",TRUE
6895,880,46,3,2023-04-12,TRUE,4,"Chestnut","All Seasons",TRUE,-4.08,-12.24,65,"Urban - Medium Density",TRUE
6896,1577,21,10,2023-11-14,TRUE,50,"Sweet Potato","All Seasons",TRUE,12.3,123,69,"Urban - Medium Density",TRUE
6897,632,26,7,2023-07-29,TRUE,6,"Mango","Summer",TRUE,-1.79,-12.53,5,"Urban - High Density",FALSE
6898,1901,11,7,2023-04-08,TRUE,7,"Strawberry","Summer",TRUE,5.35,37.45,44,"Urban - High Density",NA
6899,1177,28,-3,2023-01-25,TRUE,6,"Raspberry","Unknown",TRUE,14.97,-44.91,77,"Unknown",TRUE
6900,1765,14,0,2023-05-13,TRUE,3,"Fig","Summer",TRUE,3.67,0,57,"Urban - High Density",TRUE
6901,1692,28,1,2023-05-25,TRUE,1,"Raspberry","Unknown",TRUE,14.97,14.97,39,"Urban - Medium Density",TRUE
6902,1562,26,9,2023-11-03,TRUE,6,"Mango","Summer",TRUE,-1.79,-16.11,35,"Urban - Medium Density",TRUE
6903,772,10,-3,2023-09-25,TRUE,3,"Blueberry","Summer",FALSE,4.44,-13.32,66,"Urban - Medium Density",TRUE
6904,310,8,5,2023-05-14,TRUE,7,"Garlic","Winter",TRUE,3.66,18.3,70,"Urban - Medium Density",TRUE
6905,1703,10,7,2023-01-09,TRUE,1,"Blueberry","Summer",FALSE,4.44,31.08,47,"Urban - High Density",FALSE
6906,1129,11,5,2023-04-27,TRUE,3,"Strawberry","Summer",TRUE,5.35,26.75,34,"Urban - High Density",TRUE
6907,383,27,7,2023-06-15,TRUE,50,"Peach","Winter",TRUE,13.88,97.16,54,"Rural",FALSE
6908,1570,13,7,2023-08-16,TRUE,4,"Cucumber","All Seasons",NA,8.17,57.19,38,"Urban - High Density",TRUE
6909,1619,47,7,2023-04-16,TRUE,3,"Mango","Summer",FALSE,2.32,16.24,26,"Urban - Medium Density",TRUE
6910,719,29,4,2023-09-24,TRUE,6,"Orange","Summer",FALSE,9.07,36.28,54,"Urban - High Density",FALSE
6911,557,47,8,2023-08-18,TRUE,50,"Mango","Summer",FALSE,2.32,18.56,38,"Urban - High Density",TRUE
6912,18,16,2,2023-09-02,TRUE,4,"Chestnut","Summer",TRUE,3.39,6.78,47,"Urban - High Density",FALSE
6913,1782,5,2,2023-03-21,TRUE,50,"Apricot","Summer",FALSE,10.18,20.36,25,"Urban - High Density",TRUE
6914,533,10,3,2023-04-16,TRUE,4,"Blueberry","Summer",FALSE,4.44,13.32,18,"Rural",NA
6915,1955,13,7,2023-02-07,TRUE,4,"Cucumber","All Seasons",NA,8.17,57.19,52,"Urban - High Density",TRUE
6916,1634,45,4,2023-08-17,TRUE,2,"Apricot","All Seasons",TRUE,7.43,29.72,75,"Urban - Medium Density",TRUE
6917,670,26,7,2023-05-02,TRUE,5,"Mango","Summer",TRUE,-1.79,-12.53,45,"Urban - Medium Density",FALSE
6918,169,8,4,2023-02-11,TRUE,3,"Garlic","Winter",TRUE,3.66,14.64,23,"Urban - High Density",FALSE
6919,1505,47,0,2023-10-01,FALSE,6,"Mango","Summer",FALSE,2.32,0,76,"Urban - High Density",TRUE
6920,193,10,8,2023-03-18,TRUE,6,"Blueberry","Summer",FALSE,4.44,35.52,78,"Urban - High Density",FALSE
6921,1534,27,7,2023-04-30,TRUE,3,"Peach","Winter",TRUE,13.88,97.16,25,"Urban - High Density",NA
6922,1863,48,7,2023-08-02,TRUE,7,"Blueberry","Winter",TRUE,0.78,5.46,77,"Rural",TRUE
6923,1195,34,9,2023-02-28,TRUE,7,"Celery","Winter",TRUE,5.77,51.93,51,"Urban - High Density",TRUE
6924,1289,2,8,2023-11-23,TRUE,-2,"Grape","Unknown",TRUE,10.56,84.48,72,"Urban - High Density",FALSE
6925,268,22,9,2023-08-28,TRUE,-2,"Green Bean","All Seasons",FALSE,-4.21,-37.89,20,"Urban - High Density",FALSE
6926,561,38,1,2023-11-14,TRUE,-2,"Apricot","Summer",TRUE,8.8,8.8,75,"Urban - Medium Density",TRUE
6927,1724,45,1,2023-09-27,TRUE,2,"Apricot","All Seasons",TRUE,7.43,7.43,22,"Urban - Medium Density",TRUE
6928,924,48,2,2023-02-11,TRUE,1,"Blueberry","Winter",TRUE,0.78,1.56,71,"Unknown",TRUE
6929,224,46,3,2023-03-26,TRUE,5,"Chestnut","All Seasons",TRUE,-4.08,-12.24,41,"Urban - High Density",FALSE
6930,873,9,5,2023-12-23,TRUE,50,"Onion","Unknown",TRUE,5.01,25.05,41,"Urban - High Density",FALSE
6931,1794,38,8,2023-09-29,TRUE,50,"Apricot","Summer",TRUE,8.8,70.4,19,"Urban - Medium Density",FALSE
6932,1208,31,2,2023-04-29,TRUE,3,"Chestnut","All Seasons",NA,0.13,0.26,70,"Unknown",TRUE
6933,1232,16,3,2023-08-19,TRUE,6,"Chestnut","Summer",TRUE,3.39,10.17,23,"Urban - Medium Density",TRUE
6934,552,12,0,2023-11-23,TRUE,4,"Banana","All Seasons",TRUE,10.29,0,26,"Urban - High Density",FALSE
6935,1907,31,9,2023-01-31,TRUE,6,"Chestnut","All Seasons",NA,0.13,1.17,29,"Urban - High Density",FALSE
6936,892,18,0,2023-01-31,TRUE,6,"Apple","All Seasons",TRUE,14.07,0,31,"Urban - High Density",TRUE
6937,1569,47,7,2023-06-29,TRUE,7,"Mango","Summer",FALSE,2.32,16.24,58,"Urban - Medium Density",TRUE
6938,154,16,3,2023-02-27,NA,7,"Chestnut","Summer",TRUE,3.39,10.17,75,"Urban - High Density",TRUE
6939,834,26,1,2023-04-15,TRUE,3,"Mango","Summer",TRUE,-1.79,-1.79,37,"Urban - High Density",TRUE
6940,1737,35,7,2023-07-08,TRUE,3,"Hazelnut","All Seasons",TRUE,6.96,48.72,41,"Urban - Medium Density",FALSE
6941,95,29,6,2023-09-30,TRUE,4,"Orange","Summer",FALSE,9.07,54.42,31,"Urban - High Density",TRUE
6942,217,22,7,2023-05-15,TRUE,1,"Green Bean","All Seasons",FALSE,-4.21,-29.47,50,"Urban - High Density",TRUE
6943,1737,20,5,2023-05-03,TRUE,6,"Corn","All Seasons",TRUE,12.25,61.25,41,"Urban - Medium Density",FALSE
6944,1002,35,6,2023-03-07,TRUE,5,"Hazelnut","All Seasons",TRUE,6.96,41.76,23,"Urban - High Density",FALSE
6945,1438,2,9,2023-07-24,TRUE,5,"Grape","Unknown",TRUE,10.56,95.04,76,"Urban - High Density",FALSE
6946,1770,40,-3,2023-11-29,TRUE,50,"Orange","Winter",FALSE,3.87,-11.61,19,"Urban - High Density",TRUE
6947,1246,27,6,2023-05-07,TRUE,6,"Peach","Winter",TRUE,13.88,83.28,30,"Urban - Medium Density",FALSE
6948,1698,43,10,2023-04-30,TRUE,4,"Pear","Unknown",TRUE,4.62,46.2,19,"Rural",TRUE
6949,1213,37,1,2023-03-06,TRUE,3,"Radish","Unknown",TRUE,7.32,7.32,30,"Rural",FALSE
6950,563,16,9,2023-01-23,TRUE,3,"Chestnut","Summer",TRUE,3.39,30.51,40,"Urban - High Density",TRUE
6951,24,3,9,2023-03-30,TRUE,1,"Raspberry","Unknown",FALSE,10.26,92.34,75,"Rural",TRUE
6952,895,14,0,2023-01-02,TRUE,4,"Fig","Summer",TRUE,3.67,0,34,"Urban - Medium Density",TRUE
6953,1063,18,0,2023-12-16,TRUE,-2,"Apple","All Seasons",TRUE,14.07,0,65,"Rural",TRUE
6954,1626,22,8,2023-03-26,TRUE,50,"Green Bean","All Seasons",FALSE,-4.21,-33.68,21,"Urban - High Density",FALSE
6955,1329,26,8,2023-11-17,TRUE,1,"Mango","Summer",TRUE,-1.79,-14.32,75,"Rural",TRUE
6956,542,34,2,2023-10-04,TRUE,5,"Celery","Winter",TRUE,5.77,11.54,32,"Urban - Medium Density",TRUE
6957,27,27,9,2023-07-18,TRUE,2,"Peach","Winter",TRUE,13.88,124.92,68,"Urban - High Density",TRUE
6958,640,5,7,2023-10-30,TRUE,4,"Apricot","Summer",FALSE,10.18,71.26,31,"Urban - High Density",FALSE
6959,559,2,8,2023-07-01,TRUE,4,"Grape","Unknown",TRUE,10.56,84.48,48,"Urban - High Density",TRUE
6960,1961,41,5,2023-01-22,TRUE,50,"Strawberry","Summer",TRUE,4.94,24.7,5,"Urban - High Density",TRUE
6961,1589,34,0,2023-03-05,TRUE,6,"Celery","Winter",TRUE,5.77,0,73,"Urban - High Density",FALSE
6962,640,43,-3,2023-11-24,TRUE,6,"Pear","Unknown",TRUE,4.62,-13.86,31,"Urban - High Density",FALSE
6963,309,15,1,2023-05-21,TRUE,1,"Cabbage","All Seasons",FALSE,3.34,3.34,76,"Urban - High Density",TRUE
6964,37,24,7,2023-09-12,TRUE,1,"Asparagus","Winter",FALSE,2.01,14.07,62,"Urban - High Density",TRUE
6965,367,21,6,2023-05-21,TRUE,5,"Sweet Potato","All Seasons",TRUE,12.3,73.8,79,"Urban - High Density",TRUE
6966,1705,49,7,2023-02-13,TRUE,2,"Cherry","Summer",NA,1.84,12.88,69,"Urban - High Density",TRUE
6967,403,25,5,2023-09-14,FALSE,7,"Broccoli","All Seasons",TRUE,3.11,15.55,22,"Urban - Medium Density",TRUE
6968,1821,47,10,2023-07-30,TRUE,4,"Mango","Summer",FALSE,2.32,23.2,51,"Urban - High Density",FALSE
6969,1062,49,0,2023-04-03,TRUE,6,"Cherry","Summer",NA,1.84,0,32,"Rural",FALSE
6970,1626,41,10,2023-08-09,TRUE,2,"Strawberry","Summer",TRUE,4.94,49.4,21,"Urban - High Density",FALSE
6971,652,33,-3,2023-11-26,TRUE,7,"Banana","All Seasons",TRUE,13.25,-39.75,43,"Rural",TRUE
6972,1045,43,4,2023-12-22,TRUE,3,"Pear","Unknown",TRUE,4.62,18.48,5,"Urban - Medium Density",TRUE
6973,1846,29,2,2023-12-24,TRUE,5,"Orange","Summer",FALSE,9.07,18.14,58,"Rural",FALSE
6974,723,42,7,2023-02-04,FALSE,50,"Pomegranate","Winter",TRUE,10.95,76.65,38,"Urban - High Density",FALSE
6975,1255,45,2,2023-10-17,TRUE,-2,"Apricot","All Seasons",TRUE,7.43,14.86,56,"Unknown",FALSE
6976,1299,22,-3,2023-07-23,TRUE,50,"Green Bean","All Seasons",FALSE,-4.21,12.63,54,"Urban - Medium Density",TRUE
6977,628,45,7,2023-03-15,TRUE,5,"Apricot","All Seasons",TRUE,7.43,52.01,44,"Urban - High Density",NA
6978,1209,26,9,2023-05-03,TRUE,3,"Mango","Summer",TRUE,-1.79,-16.11,75,"Urban - Medium Density",TRUE
6979,1622,23,4,2023-12-27,TRUE,3,"Corn","Winter",FALSE,1.53,6.12,44,"Urban - High Density",TRUE
6980,1210,14,1,2023-06-24,TRUE,50,"Fig","Summer",TRUE,3.67,3.67,50,"Urban - High Density",TRUE
6981,918,27,5,2023-06-07,TRUE,-2,"Peach","Winter",TRUE,13.88,69.4,74,"Urban - Medium Density",NA
6982,1586,6,6,2023-06-06,TRUE,5,"Walnut","Summer",TRUE,-3.25,-19.5,41,"Urban - High Density",NA
6983,193,4,10,2023-02-08,FALSE,5,"Watermelon","Unknown",TRUE,12.08,120.8,78,"Urban - High Density",FALSE
6984,551,33,8,2023-01-15,TRUE,2,"Banana","All Seasons",TRUE,13.25,106,35,"Urban - Medium Density",TRUE
6985,1625,49,5,2023-12-18,FALSE,5,"Cherry","Summer",NA,1.84,9.2,67,"Urban - High Density",FALSE
6986,359,21,2,2023-01-09,FALSE,7,"Sweet Potato","All Seasons",TRUE,12.3,24.6,73,"Urban - Medium Density",FALSE
6987,1595,9,2,2023-10-29,TRUE,-2,"Onion","Unknown",TRUE,5.01,10.02,20,"Urban - Medium Density",FALSE
6988,1722,16,4,2023-12-09,TRUE,7,"Chestnut","Summer",TRUE,3.39,13.56,43,"Urban - High Density",FALSE
6989,173,26,10,2023-11-05,TRUE,2,"Mango","Summer",TRUE,-1.79,-17.9,57,"Urban - High Density",FALSE
6990,800,27,7,2023-01-11,TRUE,5,"Peach","Winter",TRUE,13.88,97.16,67,"Urban - High Density",FALSE
6991,504,8,9,2023-11-30,TRUE,50,"Garlic","Winter",TRUE,3.66,32.94,61,"Urban - High Density",TRUE
6992,467,46,2,2023-01-26,TRUE,1,"Chestnut","All Seasons",TRUE,-4.08,-8.16,79,"Urban - High Density",TRUE
6993,199,17,4,2023-01-23,TRUE,3,"Pea","All Seasons",TRUE,-2.07,-8.28,51,"Urban - High Density",TRUE
6994,1256,41,8,2023-02-04,TRUE,7,"Strawberry","Summer",TRUE,4.94,39.52,20,"Urban - High Density",TRUE
6995,1559,38,4,2023-09-08,TRUE,50,"Apricot","Summer",TRUE,8.8,35.2,27,"Urban - Medium Density",FALSE
6996,960,7,2,2023-05-22,TRUE,50,"Lettuce","Unknown",TRUE,8.68,17.36,46,"Urban - High Density",TRUE
6997,1513,18,2,2023-02-25,TRUE,1,"Apple","All Seasons",TRUE,14.07,28.14,43,"Urban - High Density",TRUE
6998,639,30,6,2023-02-10,TRUE,5,"Lychee","All Seasons",TRUE,1.21,7.26,76,"Urban - High Density",FALSE
6999,685,14,10,2023-12-28,TRUE,7,"Fig","Summer",TRUE,3.67,36.7,38,"Urban - Medium Density",TRUE
7000,1022,29,5,2023-03-28,TRUE,6,"Orange","Summer",FALSE,9.07,45.35,26,"Urban - High Density",FALSE
7001,1070,28,8,2023-03-23,TRUE,2,"Raspberry","Unknown",TRUE,14.97,119.76,33,"Urban - High Density",TRUE
7002,382,36,8,2023-11-23,TRUE,3,"Raspberry","Summer",TRUE,5.87,46.96,51,"Rural",TRUE
7003,719,4,2,2023-12-18,TRUE,3,"Watermelon","Unknown",TRUE,12.08,24.16,54,"Urban - High Density",FALSE
7004,1741,40,7,2023-07-17,TRUE,4,"Orange","Winter",FALSE,3.87,27.09,32,"Urban - Medium Density",FALSE
7005,1310,5,9,2023-10-25,TRUE,4,"Apricot","Summer",FALSE,10.18,91.62,120,"Urban - High Density",TRUE
7006,257,11,-3,2023-06-23,TRUE,7,"Strawberry","Summer",TRUE,5.35,-16.05,63,"Urban - Medium Density",TRUE
7007,1073,49,2,2023-07-16,NA,50,"Cherry","Summer",NA,1.84,3.68,57,"Urban - High Density",TRUE
7008,767,11,0,2023-07-12,TRUE,7,"Strawberry","Summer",TRUE,5.35,0,20,"Urban - High Density",TRUE
7009,1033,20,4,2023-12-10,TRUE,7,"Corn","All Seasons",TRUE,12.25,49,44,"Urban - High Density",TRUE
7010,146,47,5,2023-09-04,TRUE,2,"Mango","Summer",FALSE,2.32,11.6,29,"Urban - High Density",TRUE
7011,987,49,7,2023-06-14,TRUE,6,"Cherry","Summer",NA,1.84,12.88,19,"Urban - Medium Density",TRUE
7012,320,15,9,2023-10-29,TRUE,1,"Cabbage","All Seasons",FALSE,3.34,30.06,72,"Urban - Medium Density",TRUE
7013,100,50,-3,2023-07-30,FALSE,2,"Sweet Potato","Unknown",FALSE,1.01,-3.03,67,"Rural",TRUE
7014,1579,29,7,2023-08-30,TRUE,50,"Orange","Summer",FALSE,9.07,63.49,22,"Urban - Medium Density",TRUE
7015,1565,2,10,2023-08-04,TRUE,-2,"Grape","Unknown",TRUE,10.56,105.6,42,"Urban - High Density",TRUE
7016,179,27,8,2023-10-10,TRUE,-2,"Peach","Winter",TRUE,13.88,111.04,60,"Urban - High Density",FALSE
7017,1871,49,6,2023-05-17,TRUE,3,"Cherry","Summer",NA,1.84,11.04,75,"Rural",FALSE
7018,249,20,5,2023-12-02,TRUE,-2,"Corn","All Seasons",TRUE,12.25,61.25,62,"Urban - Medium Density",FALSE
7019,1534,1,-3,2023-12-21,TRUE,-2,"Strawberry","Unknown",TRUE,4.42,-13.26,25,"Urban - High Density",NA
7020,402,42,5,2023-03-21,TRUE,2,"Pomegranate","Winter",TRUE,10.95,54.75,35,"Urban - Medium Density",TRUE
7021,1971,31,-3,2023-04-14,TRUE,6,"Chestnut","All Seasons",NA,0.13,-0.39,42,"Rural",TRUE
7022,1627,12,5,2023-12-30,TRUE,3,"Banana","All Seasons",TRUE,10.29,51.45,78,"Urban - High Density",FALSE
7023,484,33,1,2023-02-10,TRUE,2,"Banana","All Seasons",TRUE,13.25,13.25,63,"Urban - Medium Density",TRUE
7024,1650,50,0,2023-04-14,TRUE,5,"Sweet Potato","Unknown",FALSE,1.01,0,33,"Urban - High Density",FALSE
7025,1132,42,4,2023-05-23,TRUE,3,"Pomegranate","Winter",TRUE,10.95,43.8,53,"Urban - Medium Density",FALSE
7026,181,19,3,2023-03-09,FALSE,6,"Banana","Winter",TRUE,-0.17,-0.51,68,"Urban - High Density",FALSE
7027,1475,46,0,2023-10-25,TRUE,-2,"Chestnut","All Seasons",TRUE,-4.08,0,29,"Urban - High Density",TRUE
7028,679,28,3,2023-01-21,TRUE,2,"Raspberry","Unknown",TRUE,14.97,44.91,78,"Unknown",FALSE
7029,252,32,3,2023-02-15,TRUE,4,"Raspberry","All Seasons",TRUE,12.49,37.47,30,"Urban - High Density",TRUE
7030,1129,5,10,2023-08-31,TRUE,3,"Apricot","Summer",FALSE,10.18,101.8,34,"Urban - High Density",TRUE
7031,101,26,7,2023-12-20,FALSE,5,"Mango","Summer",TRUE,-1.79,-12.53,37,"Urban - High Density",TRUE
7032,489,50,-3,2023-08-31,TRUE,6,"Sweet Potato","Unknown",FALSE,1.01,-3.03,65,"Rural",TRUE
7033,974,49,3,2023-03-22,FALSE,3,"Cherry","Summer",NA,1.84,5.52,20,"Urban - High Density",TRUE
7034,1128,2,3,2023-12-21,TRUE,7,"Grape","Unknown",TRUE,10.56,31.68,79,"Urban - High Density",TRUE
7035,404,13,1,2023-03-04,TRUE,-2,"Cucumber","All Seasons",NA,8.17,8.17,60,"Urban - High Density",FALSE
7036,508,34,6,2024-01-01,TRUE,2,"Celery","Winter",TRUE,5.77,34.62,65,"Urban - High Density",NA
7037,1639,44,4,2023-02-28,TRUE,3,"Apple","Summer",TRUE,9.24,36.96,49,"Urban - High Density",TRUE
7038,344,24,-3,2023-03-10,TRUE,-2,"Asparagus","Winter",FALSE,2.01,-6.03,38,"Urban - High Density",FALSE
7039,1903,28,1,2023-04-11,TRUE,3,"Raspberry","Unknown",TRUE,14.97,14.97,19,"Urban - Medium Density",TRUE
7040,1509,24,0,2023-02-28,TRUE,-2,"Asparagus","Winter",FALSE,2.01,0,56,"Rural",TRUE
7041,1138,29,10,2023-05-17,TRUE,2,"Orange","Summer",FALSE,9.07,90.7,47,"Urban - High Density",TRUE
7042,847,14,0,2023-05-20,TRUE,2,"Fig","Summer",TRUE,3.67,0,30,"Urban - Medium Density",FALSE
7043,228,21,-3,2023-12-08,TRUE,2,"Sweet Potato","All Seasons",TRUE,12.3,-36.9,56,"Urban - Medium Density",TRUE
7044,401,43,2,2023-10-28,TRUE,3,"Pear","Unknown",TRUE,4.62,9.24,44,"Urban - Medium Density",TRUE
7045,1714,11,0,2023-02-21,TRUE,-2,"Strawberry","Summer",TRUE,5.35,0,33,"Urban - Medium Density",TRUE
7046,1892,6,9,2023-08-01,FALSE,2,"Walnut","Summer",TRUE,-3.25,-29.25,47,"Urban - High Density",TRUE
7047,356,10,10,2023-05-16,TRUE,7,"Blueberry","Summer",FALSE,4.44,44.4,49,"Urban - Medium Density",TRUE
7048,908,16,4,2023-12-02,TRUE,50,"Chestnut","Summer",TRUE,3.39,13.56,76,"Urban - High Density",TRUE
7049,1987,5,4,2023-07-01,TRUE,4,"Apricot","Summer",FALSE,10.18,40.72,69,"",FALSE
7050,1793,6,0,2023-06-19,TRUE,1,"Walnut","Summer",TRUE,-3.25,0,51,"Urban - High Density",TRUE
7051,663,1,4,2023-09-03,TRUE,3,"Strawberry","Unknown",TRUE,4.42,17.68,51,"Urban - High Density",TRUE
7052,1215,28,5,2023-04-16,TRUE,6,"Raspberry","Unknown",TRUE,14.97,74.85,40,"Urban - High Density",TRUE
7053,1579,6,8,2023-02-10,TRUE,4,"Walnut","Summer",TRUE,-3.25,-26,22,"Urban - Medium Density",TRUE
7054,1082,29,4,2023-03-13,TRUE,-2,"Orange","Summer",FALSE,9.07,36.28,71,"Urban - Medium Density",TRUE
7055,1041,23,8,2023-02-19,TRUE,7,"Corn","Winter",FALSE,1.53,12.24,61,"Rural",FALSE
7056,1056,46,7,2023-10-31,TRUE,7,"Chestnut","All Seasons",TRUE,-4.08,-28.56,57,"Urban - High Density",FALSE
7057,1708,45,9,2023-06-02,TRUE,5,"Apricot","All Seasons",TRUE,7.43,66.87,59,"Urban - High Density",TRUE
7058,1873,18,-3,2023-12-27,TRUE,5,"Apple","All Seasons",TRUE,14.07,-42.21,23,"Urban - High Density",FALSE
7059,486,22,4,2023-01-17,TRUE,2,"Green Bean","All Seasons",FALSE,-4.21,-16.84,71,"Urban - High Density",FALSE
7060,1065,8,7,2023-08-01,TRUE,6,"Garlic","Winter",TRUE,3.66,25.62,74,"Unknown",FALSE
7061,392,16,10,2023-03-30,TRUE,7,"Chestnut","Summer",TRUE,3.39,33.9,27,"Rural",TRUE
7062,1675,12,8,2023-05-22,TRUE,3,"Banana","All Seasons",TRUE,10.29,82.32,60,"Urban - High Density",FALSE
7063,808,29,4,2023-10-29,TRUE,5,"Orange","Summer",FALSE,9.07,36.28,64,"Urban - High Density",TRUE
7064,798,14,1,2023-05-18,TRUE,-2,"Fig","Summer",TRUE,3.67,3.67,33,"Urban - High Density",FALSE
7065,1603,13,4,2023-10-17,TRUE,50,"Cucumber","All Seasons",NA,8.17,32.68,48,"Urban - Medium Density",TRUE
7066,1073,3,6,2023-03-11,TRUE,-2,"Raspberry","Unknown",FALSE,10.26,61.56,57,"Urban - High Density",TRUE
7067,1554,22,8,2023-04-03,TRUE,6,"Green Bean","All Seasons",FALSE,-4.21,-33.68,68,"Urban - Medium Density",FALSE
7068,940,4,5,2023-08-05,TRUE,1,"Watermelon","Unknown",TRUE,12.08,60.4,67,"Urban - Medium Density",FALSE
7069,1852,20,8,2023-09-06,TRUE,4,"Corn","All Seasons",TRUE,12.25,98,71,"Urban - High Density",TRUE
7070,1102,50,10,2023-10-25,TRUE,1,"Sweet Potato","Unknown",FALSE,1.01,10.1,77,"Urban - High Density",TRUE
7071,1487,34,10,2023-11-13,TRUE,1,"Celery","Winter",TRUE,5.77,57.7,71,"Urban - Medium Density",TRUE
7072,70,48,9,2023-08-24,TRUE,1,"Blueberry","Winter",TRUE,0.78,7.02,50,"Urban - High Density",TRUE
7073,1442,44,-3,2023-10-13,TRUE,3,"Apple","Summer",TRUE,9.24,-27.72,28,"Rural",TRUE
7074,445,42,2,2023-05-11,TRUE,3,"Pomegranate","Winter",TRUE,10.95,21.9,26,"Urban - Medium Density",FALSE
7075,807,24,2,2023-05-31,TRUE,7,"Asparagus","Winter",FALSE,2.01,4.02,30,"Urban - Medium Density",FALSE
7076,693,50,-3,2023-05-18,TRUE,1,"Sweet Potato","Unknown",FALSE,1.01,-3.03,30,"Urban - High Density",TRUE
7077,633,35,4,2023-10-01,TRUE,1,"Hazelnut","All Seasons",TRUE,6.96,27.84,25,"Rural",TRUE
7078,564,29,7,2023-11-23,TRUE,2,"Orange","Summer",FALSE,9.07,63.49,57,"Urban - High Density",FALSE
7079,425,36,8,2023-01-19,TRUE,4,"Raspberry","Summer",TRUE,5.87,46.96,48,"Urban - High Density",TRUE
7080,450,46,1,2023-11-17,TRUE,1,"Chestnut","All Seasons",TRUE,-4.08,-4.08,76,"Urban - High Density",NA
7081,477,17,5,2023-12-18,TRUE,1,"Pea","All Seasons",TRUE,-2.07,-10.35,74,"Urban - High Density",TRUE
7082,1464,2,5,2023-06-04,TRUE,50,"Grape","Unknown",TRUE,10.56,52.8,38,"Urban - High Density",FALSE
7083,194,10,2,2023-11-21,TRUE,-2,"Blueberry","Summer",FALSE,4.44,8.88,28,"Rural",FALSE
7084,1829,22,7,2023-12-27,TRUE,1,"Green Bean","All Seasons",FALSE,-4.21,-29.47,29,"Urban - Medium Density",FALSE
7085,397,37,-3,2023-05-23,TRUE,1,"Radish","Unknown",TRUE,7.32,-21.96,55,"Rural",TRUE
7086,1335,37,8,2023-02-11,TRUE,1,"Radish","Unknown",TRUE,7.32,58.56,76,"Urban - Medium Density",TRUE
7087,1183,41,-3,2023-03-15,TRUE,7,"Strawberry","Summer",TRUE,4.94,-14.82,76,"Rural",TRUE
7088,1618,49,2,2023-09-17,NA,4,"Cherry","Summer",NA,1.84,3.68,68,"Urban - High Density",TRUE
7089,383,15,-3,2023-10-24,TRUE,2,"Cabbage","All Seasons",FALSE,3.34,-10.02,54,"Rural",FALSE
7090,402,46,4,2023-12-12,TRUE,1,"Chestnut","All Seasons",TRUE,-4.08,-16.32,35,"Urban - Medium Density",TRUE
7091,1020,9,10,2023-05-30,TRUE,7,"Onion","Unknown",TRUE,5.01,50.1,37,"Urban - High Density",TRUE
7092,1043,24,8,2023-01-21,TRUE,3,"Asparagus","Winter",FALSE,2.01,16.08,66,"Unknown",TRUE
7093,544,39,8,2023-11-16,TRUE,2,"Mango","All Seasons",TRUE,10.84,86.72,23,"Rural",FALSE
7094,1016,35,-3,2023-07-09,TRUE,50,"Hazelnut","All Seasons",TRUE,6.96,-20.88,52,"Urban - Medium Density",FALSE
7095,1349,28,0,2023-04-07,TRUE,7,"Raspberry","Unknown",TRUE,14.97,0,40,"Urban - High Density",FALSE
7096,548,8,2,2023-12-31,TRUE,3,"Garlic","Winter",TRUE,3.66,7.32,120,"Urban - High Density",TRUE
7097,1621,39,5,2023-09-07,TRUE,3,"Mango","All Seasons",TRUE,10.84,54.2,120,"Urban - High Density",FALSE
7098,153,5,10,2023-07-01,TRUE,5,"Apricot","Summer",FALSE,10.18,101.8,22,"Urban - High Density",TRUE
7099,1804,35,5,2023-01-22,TRUE,1,"Hazelnut","All Seasons",TRUE,6.96,34.8,59,"Urban - High Density",FALSE
7100,1005,32,10,2023-01-31,TRUE,5,"Raspberry","All Seasons",TRUE,12.49,124.9,35,"Urban - Medium Density",TRUE
7101,559,16,4,2023-08-29,TRUE,4,"Chestnut","Summer",TRUE,3.39,13.56,48,"Urban - High Density",TRUE
7102,1894,40,1,2023-10-30,TRUE,50,"Orange","Winter",FALSE,3.87,3.87,78,"Urban - High Density",FALSE
7103,1895,25,5,2023-09-12,TRUE,50,"Broccoli","All Seasons",TRUE,3.11,15.55,31,"Urban - Medium Density",FALSE
7104,537,2,7,2023-07-17,TRUE,1,"Grape","Unknown",TRUE,10.56,73.92,49,"Urban - High Density",FALSE
7105,149,9,2,2023-10-07,TRUE,3,"Onion","Unknown",TRUE,5.01,10.02,73,"Urban - Medium Density",TRUE
7106,1117,45,3,2023-04-14,TRUE,1,"Apricot","All Seasons",TRUE,7.43,22.29,71,"Urban - Medium Density",FALSE
7107,960,23,6,2023-11-02,TRUE,4,"Corn","Winter",FALSE,1.53,9.18,46,"Urban - High Density",TRUE
7108,406,37,1,2023-04-30,TRUE,-2,"Radish","Unknown",TRUE,7.32,7.32,28,"Urban - High Density",TRUE
7109,1670,11,4,2023-08-31,FALSE,2,"Strawberry","Summer",TRUE,5.35,21.4,32,"Urban - High Density",TRUE
7110,1767,31,5,2023-12-02,TRUE,7,"Chestnut","All Seasons",NA,0.13,0.65,28,"Urban - Medium Density",NA
7111,1645,11,-3,2023-08-30,TRUE,3,"Strawberry","Summer",TRUE,5.35,-16.05,45,"Urban - High Density",TRUE
7112,1743,2,1,2023-06-01,TRUE,6,"Grape","Unknown",TRUE,10.56,10.56,51,"Urban - High Density",TRUE
7113,378,32,3,2023-02-25,TRUE,7,"Raspberry","All Seasons",TRUE,12.49,37.47,58,"Urban - High Density",TRUE
7114,509,9,1,2023-08-12,TRUE,2,"Onion","Unknown",TRUE,5.01,5.01,33,"Urban - High Density",TRUE
7115,1837,20,2,2023-12-07,TRUE,6,"Corn","All Seasons",TRUE,12.25,24.5,73,"Rural",FALSE
7116,654,36,6,2023-11-29,TRUE,1,"Raspberry","Summer",TRUE,5.87,35.22,59,"Urban - Medium Density",TRUE
7117,488,48,-3,2023-11-02,TRUE,-2,"Blueberry","Winter",TRUE,0.78,-2.34,71,"Rural",FALSE
7118,1667,17,8,2023-02-20,TRUE,7,"Pea","All Seasons",TRUE,-2.07,-16.56,73,"Urban - High Density",FALSE
7119,314,3,1,2023-07-24,TRUE,1,"Raspberry","Unknown",FALSE,10.26,10.26,53,"Urban - High Density",TRUE
7120,219,31,8,2023-01-28,TRUE,6,"Chestnut","All Seasons",NA,0.13,1.04,65,"Urban - Medium Density",FALSE
7121,1365,22,10,2023-12-03,FALSE,7,"Green Bean","All Seasons",FALSE,-4.21,-42.1,80,"Urban - High Density",TRUE
7122,1449,50,6,2023-11-22,TRUE,-2,"Sweet Potato","Unknown",FALSE,1.01,6.06,60,"Urban - High Density",FALSE
7123,400,33,-3,2023-01-14,TRUE,3,"Banana","All Seasons",TRUE,13.25,-39.75,22,"Urban - High Density",TRUE
7124,1641,7,2,2023-02-11,TRUE,50,"Lettuce","Unknown",TRUE,8.68,17.36,50,"Urban - Medium Density",FALSE
7125,1081,25,2,2023-06-04,TRUE,3,"Broccoli","All Seasons",TRUE,3.11,6.22,29,"Urban - High Density",FALSE
7126,1827,15,5,2023-09-02,TRUE,4,"Cabbage","All Seasons",FALSE,3.34,16.7,29,"Rural",FALSE
7127,544,22,0,2023-12-29,TRUE,2,"Green Bean","All Seasons",FALSE,-4.21,0,23,"Rural",FALSE
7128,1110,12,1,2023-07-04,TRUE,5,"Banana","All Seasons",TRUE,10.29,10.29,64,"Urban - High Density",TRUE
7129,1830,36,0,2023-08-29,TRUE,2,"Raspberry","Summer",TRUE,5.87,0,76,"Urban - Medium Density",TRUE
7130,937,35,10,2023-09-27,TRUE,5,"Hazelnut","All Seasons",TRUE,6.96,69.6,45,"Urban - High Density",NA
7131,224,42,8,2023-03-01,FALSE,6,"Pomegranate","Winter",TRUE,10.95,87.6,41,"Urban - High Density",FALSE
7132,1951,20,7,2023-12-12,FALSE,5,"Corn","All Seasons",TRUE,12.25,85.75,33,"Urban - High Density",FALSE
7133,729,35,1,2023-11-03,TRUE,3,"Hazelnut","All Seasons",TRUE,6.96,6.96,54,"Urban - High Density",TRUE
7134,305,28,0,2023-01-02,TRUE,7,"Raspberry","Unknown",TRUE,14.97,0,24,"Urban - High Density",TRUE
7135,1367,43,5,2023-09-22,TRUE,1,"Pear","Unknown",TRUE,4.62,23.1,77,"Urban - High Density",FALSE
7136,227,15,8,2023-07-27,TRUE,-2,"Cabbage","All Seasons",FALSE,3.34,26.72,35,"Urban - Medium Density",FALSE
7137,525,7,3,2023-01-28,TRUE,5,"Lettuce","Unknown",TRUE,8.68,26.04,66,"Urban - High Density",TRUE
7138,540,27,4,2023-10-07,TRUE,3,"Peach","Winter",TRUE,13.88,55.52,61,"Urban - High Density",FALSE
7139,227,41,-3,2023-10-24,TRUE,50,"Strawberry","Summer",TRUE,4.94,-14.82,35,"Urban - Medium Density",FALSE
7140,624,38,2,2023-04-28,TRUE,1,"Apricot","Summer",TRUE,8.8,17.6,49,"Rural",FALSE
7141,1770,10,4,2023-04-11,FALSE,-2,"Blueberry","Summer",FALSE,4.44,17.76,19,"Urban - High Density",TRUE
7142,262,5,7,2023-11-09,TRUE,6,"Apricot","Summer",FALSE,10.18,71.26,33,"Urban - High Density",TRUE
7143,1051,46,4,2023-05-29,TRUE,4,"Chestnut","All Seasons",TRUE,-4.08,-16.32,42,"Urban - Medium Density",TRUE
7144,910,8,9,2023-01-19,TRUE,3,"Garlic","Winter",TRUE,3.66,32.94,29,"Urban - High Density",FALSE
7145,1420,6,5,2023-05-03,TRUE,7,"Walnut","Summer",TRUE,-3.25,-16.25,72,"Urban - Medium Density",TRUE
7146,1269,11,9,2023-04-18,TRUE,5,"Strawberry","Summer",TRUE,5.35,48.15,74,"Urban - High Density",FALSE
7147,1712,35,1,2023-02-10,TRUE,1,"Hazelnut","All Seasons",TRUE,6.96,6.96,78,"Rural",TRUE
7148,1856,50,8,2023-12-13,TRUE,3,"Sweet Potato","Unknown",FALSE,1.01,8.08,33,"Urban - High Density",TRUE
7149,1988,23,5,2023-06-11,TRUE,1,"Corn","Winter",FALSE,1.53,7.65,20,"Urban - Medium Density",TRUE
7150,590,23,0,2023-02-28,TRUE,50,"Corn","Winter",FALSE,1.53,0,50,"Unknown",FALSE
7151,237,29,4,2023-08-02,TRUE,50,"Orange","Summer",FALSE,9.07,36.28,45,"Urban - High Density",TRUE
7152,41,44,5,2023-11-16,TRUE,5,"Apple","Summer",TRUE,9.24,46.2,54,"Urban - High Density",TRUE
7153,1599,45,6,2023-05-27,TRUE,6,"Apricot","All Seasons",TRUE,7.43,44.58,53,"Rural",TRUE
7154,463,27,-3,2023-06-26,TRUE,50,"Peach","Winter",TRUE,13.88,-41.64,74,"Urban - High Density",FALSE
7155,1477,10,1,2023-02-12,TRUE,3,"Blueberry","Summer",FALSE,4.44,4.44,23,"Urban - High Density",TRUE
7156,1673,21,7,2023-02-12,TRUE,4,"Sweet Potato","All Seasons",TRUE,12.3,86.1,52,"",FALSE
7157,1818,15,9,2023-10-27,NA,7,"Cabbage","All Seasons",FALSE,3.34,30.06,69,"Urban - High Density",FALSE
7158,1444,14,8,2023-02-19,TRUE,3,"Fig","Summer",TRUE,3.67,29.36,29,"Urban - Medium Density",TRUE
7159,573,16,4,2023-11-12,TRUE,2,"Chestnut","Summer",TRUE,3.39,13.56,58,"Urban - High Density",TRUE
7160,497,21,1,2023-02-04,TRUE,5,"Sweet Potato","All Seasons",TRUE,12.3,12.3,21,"Urban - Medium Density",TRUE
7161,755,48,2,2023-05-27,TRUE,7,"Blueberry","Winter",TRUE,0.78,1.56,80,"",TRUE
7162,1330,31,5,2023-05-26,TRUE,5,"Chestnut","All Seasons",NA,0.13,0.65,80,"Urban - High Density",TRUE
7163,25,50,-3,2023-04-06,TRUE,2,"Sweet Potato","Unknown",FALSE,1.01,-3.03,68,"Urban - Medium Density",TRUE
7164,718,19,0,2023-06-05,TRUE,5,"Banana","Winter",TRUE,-0.17,0,55,"Urban - Medium Density",FALSE
7165,1982,25,8,2023-03-27,TRUE,4,"Broccoli","All Seasons",TRUE,3.11,24.88,51,"Urban - High Density",TRUE
7166,2000,17,9,2023-01-27,TRUE,3,"Pea","All Seasons",TRUE,-2.07,-18.63,38,"Urban - Medium Density",TRUE
7167,1248,33,10,2023-10-02,TRUE,1,"Banana","All Seasons",TRUE,13.25,132.5,39,"Urban - Medium Density",FALSE
7168,1822,40,1,2023-12-20,TRUE,4,"Orange","Winter",FALSE,3.87,3.87,40,"Urban - Medium Density",TRUE
7169,261,30,5,2023-10-23,TRUE,1,"Lychee","All Seasons",TRUE,1.21,6.05,39,"Urban - Medium Density",TRUE
7170,209,12,0,2023-05-20,TRUE,50,"Banana","All Seasons",TRUE,10.29,0,59,"Urban - High Density",TRUE
7171,1848,47,6,2023-08-31,TRUE,2,"Mango","Summer",FALSE,2.32,13.92,41,"Urban - Medium Density",TRUE
7172,959,8,9,2023-07-13,TRUE,4,"Garlic","Winter",TRUE,3.66,32.94,24,"Urban - Medium Density",FALSE
7173,1423,46,10,2023-06-28,TRUE,7,"Chestnut","All Seasons",TRUE,-4.08,-40.8,50,"Urban - High Density",TRUE
7174,1655,37,7,2023-07-14,TRUE,7,"Radish","Unknown",TRUE,7.32,51.24,63,"Urban - High Density",FALSE
7175,1546,40,10,2023-06-30,TRUE,2,"Orange","Winter",FALSE,3.87,38.7,54,"Rural",TRUE
7176,491,6,1,2023-08-28,TRUE,1,"Walnut","Summer",TRUE,-3.25,-3.25,75,"Urban - Medium Density",TRUE
7177,683,15,1,2023-10-05,TRUE,3,"Cabbage","All Seasons",FALSE,3.34,3.34,49,"Rural",FALSE
7178,18,46,7,2023-04-05,TRUE,50,"Chestnut","All Seasons",TRUE,-4.08,-28.56,47,"Urban - High Density",FALSE
7179,1239,17,6,2023-12-04,TRUE,3,"Pea","All Seasons",TRUE,-2.07,-12.42,48,"Urban - Medium Density",FALSE
7180,1790,25,-3,2023-09-09,TRUE,6,"Broccoli","All Seasons",TRUE,3.11,-9.33,34,"Urban - High Density",FALSE
7181,1760,50,-3,2023-10-13,TRUE,3,"Sweet Potato","Unknown",FALSE,1.01,-3.03,49,"Urban - Medium Density",TRUE
7182,1623,23,6,2023-03-24,TRUE,1,"Corn","Winter",FALSE,1.53,9.18,52,"Urban - Medium Density",FALSE
7183,1191,48,1,2023-05-25,TRUE,2,"Blueberry","Winter",TRUE,0.78,0.78,31,"Urban - Medium Density",FALSE
7184,651,19,2,2023-11-05,TRUE,5,"Banana","Winter",TRUE,-0.17,-0.34,25,"Urban - High Density",TRUE
7185,907,15,10,2023-03-21,TRUE,50,"Cabbage","All Seasons",FALSE,3.34,33.4,32,"Urban - High Density",FALSE
7186,1668,31,3,2023-10-22,TRUE,3,"Chestnut","All Seasons",NA,0.13,0.39,49,"Urban - Medium Density",FALSE
7187,78,27,8,2023-09-20,TRUE,50,"Peach","Winter",TRUE,13.88,111.04,57,"Urban - Medium Density",TRUE
7188,1624,42,9,2023-10-26,TRUE,6,"Pomegranate","Winter",TRUE,10.95,98.55,45,"Urban - High Density",TRUE
7189,1208,44,1,2023-06-11,TRUE,4,"Apple","Summer",TRUE,9.24,9.24,70,"Unknown",TRUE
7190,1950,8,2,2023-10-17,TRUE,4,"Garlic","Winter",TRUE,3.66,7.32,46,"Rural",TRUE
7191,305,4,3,2023-01-01,FALSE,4,"Watermelon","Unknown",TRUE,12.08,36.24,24,"Urban - High Density",TRUE
7192,1521,35,9,2023-08-25,TRUE,-2,"Hazelnut","All Seasons",TRUE,6.96,62.64,33,"Urban - High Density",FALSE
7193,1875,11,6,2023-12-26,TRUE,5,"Strawberry","Summer",TRUE,5.35,32.1,56,"Urban - High Density",FALSE
7194,1855,13,1,2023-07-22,TRUE,4,"Cucumber","All Seasons",NA,8.17,8.17,5,"Urban - Medium Density",TRUE
7195,1543,5,-3,2023-01-13,TRUE,7,"Apricot","Summer",FALSE,10.18,-30.54,67,"Urban - High Density",TRUE
7196,1643,35,6,2023-05-22,TRUE,1,"Hazelnut","All Seasons",TRUE,6.96,41.76,18,"Urban - High Density",TRUE
7197,397,5,8,2023-10-15,TRUE,3,"Apricot","Summer",FALSE,10.18,81.44,55,"Rural",TRUE
7198,43,41,7,2023-02-21,TRUE,50,"Strawberry","Summer",TRUE,4.94,34.58,65,"Urban - High Density",FALSE
7199,1071,42,4,2023-01-04,TRUE,3,"Pomegranate","Winter",TRUE,10.95,43.8,51,"Urban - High Density",TRUE
7200,1701,18,8,2023-04-27,TRUE,-2,"Apple","All Seasons",TRUE,14.07,112.56,77,"Urban - Medium Density",TRUE
7201,1587,5,6,2023-07-21,TRUE,7,"Apricot","Summer",FALSE,10.18,61.08,23,"Rural",TRUE
7202,1036,23,2,2023-10-18,TRUE,2,"Corn","Winter",FALSE,1.53,3.06,57,"Unknown",NA
7203,1622,30,7,2023-05-29,TRUE,2,"Lychee","All Seasons",TRUE,1.21,8.47,44,"Urban - High Density",TRUE
7204,1360,16,3,2023-06-17,TRUE,2,"Chestnut","Summer",TRUE,3.39,10.17,21,"Urban - High Density",FALSE
7205,1049,29,3,2023-01-13,TRUE,4,"Orange","Summer",FALSE,9.07,27.21,70,"Urban - High Density",TRUE
7206,1676,13,10,2023-09-06,TRUE,-2,"Cucumber","All Seasons",NA,8.17,81.7,64,"Urban - Medium Density",FALSE
7207,105,15,-3,2023-04-25,TRUE,7,"Cabbage","All Seasons",FALSE,3.34,-10.02,26,"Urban - Medium Density",FALSE
7208,1358,43,4,2023-02-13,TRUE,50,"Pear","Unknown",TRUE,4.62,18.48,20,"Urban - Medium Density",NA
7209,927,41,5,2023-06-11,TRUE,5,"Strawberry","Summer",TRUE,4.94,24.7,42,"Urban - High Density",FALSE
7210,563,39,2,2023-11-30,FALSE,2,"Mango","All Seasons",TRUE,10.84,21.68,40,"Urban - High Density",TRUE
7211,126,17,0,2023-05-17,TRUE,5,"Pea","All Seasons",TRUE,-2.07,0,78,"",TRUE
7212,1309,10,3,2023-12-02,TRUE,50,"Blueberry","Summer",FALSE,4.44,13.32,53,"Urban - High Density",FALSE
7213,77,35,1,2023-08-12,TRUE,3,"Hazelnut","All Seasons",TRUE,6.96,6.96,42,"Urban - High Density",TRUE
7214,1262,45,1,2023-09-01,TRUE,7,"Apricot","All Seasons",TRUE,7.43,7.43,30,"Urban - High Density",TRUE
7215,790,27,-3,2023-06-30,TRUE,1,"Peach","Winter",TRUE,13.88,-41.64,77,"Unknown",TRUE
7216,1663,38,8,2023-11-03,TRUE,6,"Apricot","Summer",TRUE,8.8,70.4,66,"Urban - High Density",FALSE
7217,770,8,-3,2023-01-16,TRUE,6,"Garlic","Winter",TRUE,3.66,-10.98,32,"Urban - High Density",TRUE
7218,1224,4,1,2023-09-30,FALSE,3,"Watermelon","Unknown",TRUE,12.08,12.08,63,"Urban - High Density",TRUE
7219,1357,14,8,2023-07-06,TRUE,6,"Fig","Summer",TRUE,3.67,29.36,25,"Rural",FALSE
7220,1846,48,4,2023-10-27,TRUE,3,"Blueberry","Winter",TRUE,0.78,3.12,58,"Rural",FALSE
7221,555,1,8,2023-04-14,TRUE,2,"Strawberry","Unknown",TRUE,4.42,35.36,29,"Urban - Medium Density",NA
7222,991,47,10,2023-10-14,TRUE,1,"Mango","Summer",FALSE,2.32,23.2,77,"Urban - High Density",TRUE
7223,1032,19,7,2023-05-29,TRUE,7,"Banana","Winter",TRUE,-0.17,-1.19,68,"Urban - High Density",FALSE
7224,1027,33,5,2023-09-19,TRUE,3,"Banana","All Seasons",TRUE,13.25,66.25,61,"Urban - High Density",TRUE
7225,1512,32,0,2023-05-16,TRUE,1,"Raspberry","All Seasons",TRUE,12.49,0,65,"Urban - Medium Density",TRUE
7226,917,2,1,2023-05-13,TRUE,2,"Grape","Unknown",TRUE,10.56,10.56,50,"Urban - High Density",FALSE
7227,961,15,3,2023-11-11,TRUE,-2,"Cabbage","All Seasons",FALSE,3.34,10.02,56,"Urban - High Density",TRUE
7228,986,33,1,2023-10-10,TRUE,1,"Banana","All Seasons",TRUE,13.25,13.25,53,"Urban - High Density",TRUE
7229,173,1,8,2023-07-27,TRUE,2,"Strawberry","Unknown",TRUE,4.42,35.36,57,"Urban - High Density",FALSE
7230,1237,36,5,2023-07-29,TRUE,50,"Raspberry","Summer",TRUE,5.87,29.35,46,"Urban - High Density",TRUE
7231,274,5,2,2023-11-27,TRUE,2,"Apricot","Summer",FALSE,10.18,20.36,71,"Urban - High Density",FALSE
7232,502,8,10,2023-07-09,TRUE,3,"Garlic","Winter",TRUE,3.66,36.6,34,"Urban - High Density",FALSE
7233,109,7,4,2023-04-10,TRUE,4,"Lettuce","Unknown",TRUE,8.68,34.72,61,"Urban - High Density",FALSE
7234,1466,5,3,2023-10-24,TRUE,4,"Apricot","Summer",FALSE,10.18,30.54,19,"Rural",FALSE
7235,1282,44,6,2023-09-09,FALSE,4,"Apple","Summer",TRUE,9.24,55.44,21,"Urban - Medium Density",FALSE
7236,1332,13,7,2023-06-20,TRUE,50,"Cucumber","All Seasons",NA,8.17,57.19,120,"Urban - Medium Density",TRUE
7237,74,33,1,2023-10-19,TRUE,7,"Banana","All Seasons",TRUE,13.25,13.25,41,"Urban - Medium Density",FALSE
7238,1888,37,3,2023-01-05,FALSE,1,"Radish","Unknown",TRUE,7.32,21.96,60,"Urban - Medium Density",TRUE
7239,873,20,5,2023-07-12,TRUE,5,"Corn","All Seasons",TRUE,12.25,61.25,41,"Urban - High Density",FALSE
7240,1299,14,6,2023-12-13,TRUE,6,"Fig","Summer",TRUE,3.67,22.02,54,"Urban - Medium Density",TRUE
7241,660,2,5,2023-10-19,TRUE,-2,"Grape","Unknown",TRUE,10.56,52.8,33,"Urban - High Density",FALSE
7242,1687,34,6,2023-06-24,TRUE,50,"Celery","Winter",TRUE,5.77,34.62,42,"Urban - High Density",TRUE
7243,1295,26,7,2023-04-09,TRUE,-2,"Mango","Summer",TRUE,-1.79,-12.53,46,"Rural",FALSE
7244,651,26,6,2023-07-21,TRUE,1,"Mango","Summer",TRUE,-1.79,-10.74,25,"Urban - High Density",TRUE
7245,1457,16,4,2023-03-22,TRUE,3,"Chestnut","Summer",TRUE,3.39,13.56,30,"Urban - Medium Density",FALSE
7246,949,28,8,2023-03-10,TRUE,3,"Raspberry","Unknown",TRUE,14.97,119.76,29,"Urban - High Density",FALSE
7247,1459,32,0,2023-07-06,TRUE,-2,"Raspberry","All Seasons",TRUE,12.49,0,65,"Rural",FALSE
7248,1649,6,7,2023-01-24,TRUE,4,"Walnut","Summer",TRUE,-3.25,-22.75,59,"Urban - Medium Density",TRUE
7249,1052,8,1,2023-09-20,TRUE,5,"Garlic","Winter",TRUE,3.66,3.66,77,"Urban - Medium Density",TRUE
7250,338,22,3,2023-04-05,TRUE,4,"Green Bean","All Seasons",FALSE,-4.21,-12.63,74,"Rural",FALSE
7251,1341,8,5,2023-02-14,TRUE,5,"Garlic","Winter",TRUE,3.66,18.3,23,"Urban - Medium Density",FALSE
7252,1957,34,0,2023-06-13,TRUE,5,"Celery","Winter",TRUE,5.77,0,56,"Rural",FALSE
7253,1687,31,0,2023-04-22,TRUE,3,"Chestnut","All Seasons",NA,0.13,0,42,"Urban - High Density",TRUE
7254,1061,1,0,2023-11-09,NA,50,"Strawberry","Unknown",TRUE,4.42,0,66,"Urban - Medium Density",TRUE
7255,1050,41,-3,2023-07-18,TRUE,5,"Strawberry","Summer",TRUE,4.94,-14.82,120,"Rural",FALSE
7256,1949,2,9,2023-10-17,TRUE,7,"Grape","Unknown",TRUE,10.56,95.04,36,"",FALSE
7257,1768,20,-3,2023-04-26,TRUE,7,"Corn","All Seasons",TRUE,12.25,-36.75,39,"Urban - High Density",TRUE
7258,29,32,1,2023-04-20,TRUE,1,"Raspberry","All Seasons",TRUE,12.49,12.49,53,"Rural",TRUE
7259,1574,48,9,2023-11-27,TRUE,4,"Blueberry","Winter",TRUE,0.78,7.02,38,"Urban - Medium Density",TRUE
7260,783,7,9,2023-02-21,FALSE,-2,"Lettuce","Unknown",TRUE,8.68,78.12,25,"Urban - High Density",FALSE
7261,848,7,3,2023-04-11,TRUE,1,"Lettuce","Unknown",TRUE,8.68,26.04,75,"Urban - Medium Density",TRUE
7262,1452,39,9,NA,TRUE,-2,"Mango","All Seasons",TRUE,10.84,97.56,72,"Urban - High Density",FALSE
7263,60,13,0,2023-07-02,TRUE,50,"Cucumber","All Seasons",NA,8.17,0,38,"Urban - Medium Density",TRUE
7264,344,41,-3,2023-10-26,TRUE,-2,"Strawberry","Summer",TRUE,4.94,-14.82,38,"Urban - High Density",FALSE
7265,1528,30,-3,2023-07-15,TRUE,-2,"Lychee","All Seasons",TRUE,1.21,-3.63,43,"Urban - Medium Density",FALSE
7266,1413,1,-3,2023-12-10,TRUE,50,"Strawberry","Unknown",TRUE,4.42,-13.26,28,"Urban - Medium Density",NA
7267,779,18,5,2023-09-15,TRUE,4,"Apple","All Seasons",TRUE,14.07,70.35,5,"Urban - Medium Density",FALSE
7268,248,29,1,2023-11-29,TRUE,5,"Orange","Summer",FALSE,9.07,9.07,65,"Urban - High Density",FALSE
7269,1757,11,4,2023-02-06,TRUE,5,"Strawberry","Summer",TRUE,5.35,21.4,26,"Urban - Medium Density",TRUE
7270,1750,14,8,2023-03-09,TRUE,5,"Fig","Summer",TRUE,3.67,29.36,47,"Urban - High Density",TRUE
7271,1672,16,0,2023-09-30,TRUE,2,"Chestnut","Summer",TRUE,3.39,0,68,"Urban - High Density",FALSE
7272,1152,18,5,2023-09-17,TRUE,3,"Apple","All Seasons",TRUE,14.07,70.35,27,"Rural",TRUE
7273,287,45,9,2023-07-03,TRUE,50,"Apricot","All Seasons",TRUE,7.43,66.87,67,"Urban - High Density",TRUE
7274,285,27,0,2023-05-03,TRUE,-2,"Peach","Winter",TRUE,13.88,0,40,"Urban - High Density",FALSE
7275,566,31,10,2023-11-13,TRUE,4,"Chestnut","All Seasons",NA,0.13,1.3,59,"Urban - High Density",FALSE
7276,730,24,6,2023-11-29,TRUE,2,"Asparagus","Winter",FALSE,2.01,12.06,60,"Urban - Medium Density",FALSE
7277,835,33,6,2023-01-18,TRUE,7,"Banana","All Seasons",TRUE,13.25,79.5,26,"Urban - High Density",TRUE
7278,107,7,9,2023-11-05,TRUE,7,"Lettuce","Unknown",TRUE,8.68,78.12,23,"Urban - High Density",FALSE
7279,554,13,7,2023-08-22,TRUE,50,"Cucumber","All Seasons",NA,8.17,57.19,69,"Urban - Medium Density",TRUE
7280,1670,23,0,2023-09-22,TRUE,5,"Corn","Winter",FALSE,1.53,0,32,"Urban - High Density",TRUE
7281,1857,45,0,2023-11-13,TRUE,3,"Apricot","All Seasons",TRUE,7.43,0,21,"Urban - High Density",TRUE
7282,1809,46,2,2023-02-23,TRUE,2,"Chestnut","All Seasons",TRUE,-4.08,-8.16,71,"Urban - High Density",FALSE
7283,1742,5,6,2023-05-05,TRUE,5,"Apricot","Summer",FALSE,10.18,61.08,58,"Urban - High Density",TRUE
7284,617,9,7,2023-08-22,FALSE,50,"Onion","Unknown",TRUE,5.01,35.07,57,"Urban - High Density",TRUE
7285,1135,11,2,2023-03-08,FALSE,7,"Strawberry","Summer",TRUE,5.35,10.7,41,"Unknown",TRUE
7286,1764,35,4,2023-04-18,FALSE,3,"Hazelnut","All Seasons",TRUE,6.96,27.84,56,"Urban - High Density",TRUE
7287,1740,31,1,2023-03-30,TRUE,-2,"Chestnut","All Seasons",NA,0.13,0.13,80,"Urban - Medium Density",TRUE
7288,32,16,4,2023-05-17,TRUE,5,"Chestnut","Summer",TRUE,3.39,13.56,28,"Unknown",TRUE
7289,1307,46,7,2023-01-02,TRUE,1,"Chestnut","All Seasons",TRUE,-4.08,-28.56,45,"Urban - High Density",TRUE
7290,77,47,1,2023-09-10,TRUE,-2,"Mango","Summer",FALSE,2.32,2.32,42,"Urban - High Density",TRUE
7291,1141,34,7,2023-10-23,TRUE,6,"Celery","Winter",TRUE,5.77,40.39,51,"Urban - Medium Density",FALSE
7292,936,1,6,2023-12-20,TRUE,1,"Strawberry","Unknown",TRUE,4.42,26.52,77,"Urban - High Density",TRUE
7293,1387,50,1,2023-03-17,TRUE,50,"Sweet Potato","Unknown",FALSE,1.01,1.01,26,"Urban - High Density",TRUE
7294,278,1,1,2023-08-18,TRUE,1,"Strawberry","Unknown",TRUE,4.42,4.42,21,"Rural",TRUE
7295,811,31,9,2023-10-23,TRUE,3,"Chestnut","All Seasons",NA,0.13,1.17,49,"Urban - High Density",TRUE
7296,1950,19,10,2023-03-05,TRUE,2,"Banana","Winter",TRUE,-0.17,-1.7,46,"Rural",TRUE
7297,238,8,5,2023-03-21,TRUE,7,"Garlic","Winter",TRUE,3.66,18.3,37,"Urban - Medium Density",NA
7298,1213,6,0,2023-12-15,TRUE,1,"Walnut","Summer",TRUE,-3.25,0,30,"Rural",FALSE
7299,1936,21,-3,2023-03-13,TRUE,-2,"Sweet Potato","All Seasons",TRUE,12.3,-36.9,77,"Urban - High Density",TRUE
7300,668,16,-3,2023-03-25,TRUE,4,"Chestnut","Summer",TRUE,3.39,-10.17,26,"Urban - High Density",TRUE
7301,958,24,3,2023-02-01,FALSE,5,"Asparagus","Winter",FALSE,2.01,6.03,74,"Urban - Medium Density",TRUE
7302,215,38,4,2023-10-16,TRUE,50,"Apricot","Summer",TRUE,8.8,35.2,27,"Urban - High Density",TRUE
7303,329,46,3,2023-10-14,TRUE,7,"Chestnut","All Seasons",TRUE,-4.08,-12.24,64,"Unknown",TRUE
7304,1285,10,5,2023-09-06,TRUE,2,"Blueberry","Summer",FALSE,4.44,22.2,51,"Urban - Medium Density",FALSE
7305,1603,44,5,2023-02-18,FALSE,2,"Apple","Summer",TRUE,9.24,46.2,48,"Urban - Medium Density",TRUE
7306,956,32,9,2023-12-02,TRUE,4,"Raspberry","All Seasons",TRUE,12.49,112.41,32,"Rural",TRUE
7307,1712,23,6,2023-08-12,TRUE,7,"Corn","Winter",FALSE,1.53,9.18,78,"Rural",TRUE
7308,113,42,1,2023-07-18,TRUE,6,"Pomegranate","Winter",TRUE,10.95,10.95,60,"Urban - High Density",TRUE
7309,68,39,2,2023-10-02,TRUE,6,"Mango","All Seasons",TRUE,10.84,21.68,61,"Urban - High Density",TRUE
7310,590,8,3,2023-04-17,TRUE,7,"Garlic","Winter",TRUE,3.66,10.98,50,"Unknown",FALSE
7311,1662,32,3,2023-07-25,TRUE,5,"Raspberry","All Seasons",TRUE,12.49,37.47,35,"Urban - High Density",TRUE
7312,1718,15,5,2023-08-31,TRUE,2,"Cabbage","All Seasons",FALSE,3.34,16.7,64,"Urban - High Density",FALSE
7313,476,43,-3,2023-11-20,TRUE,50,"Pear","Unknown",TRUE,4.62,-13.86,120,"Urban - Medium Density",NA
7314,1259,33,6,2023-08-21,TRUE,6,"Banana","All Seasons",TRUE,13.25,79.5,27,"Urban - Medium Density",FALSE
7315,1484,5,1,2023-07-28,TRUE,2,"Apricot","Summer",FALSE,10.18,10.18,63,"Urban - High Density",FALSE
7316,46,7,7,2023-01-11,TRUE,6,"Lettuce","Unknown",TRUE,8.68,60.76,28,"Urban - High Density",TRUE
7317,1273,26,9,2023-12-24,TRUE,6,"Mango","Summer",TRUE,-1.79,-16.11,72,"Urban - Medium Density",TRUE
7318,1596,44,6,2023-04-12,TRUE,3,"Apple","Summer",TRUE,9.24,55.44,39,"Urban - Medium Density",TRUE
7319,1386,50,9,2023-08-23,TRUE,5,"Sweet Potato","Unknown",FALSE,1.01,9.09,80,"Rural",TRUE
7320,288,25,9,2023-06-03,TRUE,4,"Broccoli","All Seasons",TRUE,3.11,27.99,37,"Rural",TRUE
7321,1188,22,5,2023-03-25,TRUE,-2,"Green Bean","All Seasons",FALSE,-4.21,-21.05,23,"Urban - High Density",TRUE
7322,257,30,2,2023-11-19,FALSE,50,"Lychee","All Seasons",TRUE,1.21,2.42,63,"Urban - Medium Density",TRUE
7323,486,30,2,2023-05-15,TRUE,3,"Lychee","All Seasons",TRUE,1.21,2.42,71,"Urban - High Density",FALSE
7324,544,12,5,2023-06-17,TRUE,4,"Banana","All Seasons",TRUE,10.29,51.45,23,"Rural",FALSE
7325,1554,24,4,2023-12-07,TRUE,50,"Asparagus","Winter",FALSE,2.01,8.04,68,"Urban - Medium Density",FALSE
7326,700,46,2,2023-10-13,TRUE,-2,"Chestnut","All Seasons",TRUE,-4.08,-8.16,32,"Urban - Medium Density",FALSE
7327,828,50,7,2023-08-05,TRUE,6,"Sweet Potato","Unknown",FALSE,1.01,7.07,21,"Urban - High Density",FALSE
7328,1776,5,7,2023-02-10,TRUE,-2,"Apricot","Summer",FALSE,10.18,71.26,65,"Urban - High Density",FALSE
7329,1927,28,1,2023-02-20,TRUE,6,"Raspberry","Unknown",TRUE,14.97,14.97,50,"Urban - High Density",FALSE
7330,1010,4,7,2023-12-31,TRUE,4,"Watermelon","Unknown",TRUE,12.08,84.56,65,"Urban - High Density",FALSE
7331,729,10,-3,2023-11-28,TRUE,6,"Blueberry","Summer",FALSE,4.44,-13.32,54,"Urban - High Density",TRUE
7332,871,41,6,2023-07-05,FALSE,7,"Strawberry","Summer",TRUE,4.94,29.64,43,"Rural",TRUE
7333,1941,18,9,2023-06-13,TRUE,1,"Apple","All Seasons",TRUE,14.07,126.63,24,"Rural",FALSE
7334,1573,45,-3,2023-06-10,TRUE,-2,"Apricot","All Seasons",TRUE,7.43,-22.29,66,"Rural",TRUE
7335,403,45,8,2023-05-14,TRUE,5,"Apricot","All Seasons",TRUE,7.43,59.44,22,"Urban - Medium Density",TRUE
7336,1986,12,9,2023-12-15,TRUE,2,"Banana","All Seasons",TRUE,10.29,92.61,26,"Urban - High Density",TRUE
7337,512,45,10,2023-02-28,FALSE,5,"Apricot","All Seasons",TRUE,7.43,74.3,68,"Urban - Medium Density",NA
7338,657,18,9,2023-02-18,TRUE,50,"Apple","All Seasons",TRUE,14.07,126.63,51,"Rural",TRUE
7339,1681,25,10,2023-02-24,TRUE,50,"Broccoli","All Seasons",TRUE,3.11,31.1,27,"",TRUE
7340,1921,50,7,2023-07-29,TRUE,4,"Sweet Potato","Unknown",FALSE,1.01,7.07,27,"Urban - High Density",FALSE
7341,329,9,2,2023-03-08,TRUE,4,"Onion","Unknown",TRUE,5.01,10.02,64,"Unknown",TRUE
7342,1953,31,7,2023-03-29,TRUE,6,"Chestnut","All Seasons",NA,0.13,0.91,33,"Urban - High Density",TRUE
7343,1706,25,4,2023-03-31,TRUE,5,"Broccoli","All Seasons",TRUE,3.11,12.44,73,"Urban - High Density",TRUE
7344,1325,17,3,2023-06-10,TRUE,-2,"Pea","All Seasons",TRUE,-2.07,-6.21,21,"Urban - High Density",FALSE
7345,1730,25,1,2023-08-31,TRUE,4,"Broccoli","All Seasons",TRUE,3.11,3.11,56,"Urban - High Density",TRUE
7346,1970,39,5,2023-12-05,TRUE,5,"Mango","All Seasons",TRUE,10.84,54.2,38,"Urban - High Density",TRUE
7347,1748,39,7,2023-10-18,TRUE,6,"Mango","All Seasons",TRUE,10.84,75.88,74,"Urban - Medium Density",TRUE
7348,1073,32,5,2023-05-29,TRUE,6,"Raspberry","All Seasons",TRUE,12.49,62.45,57,"Urban - High Density",TRUE
7349,1404,32,5,2023-09-14,TRUE,3,"Raspberry","All Seasons",TRUE,12.49,62.45,61,"Urban - Medium Density",FALSE
7350,159,50,4,2023-09-28,TRUE,5,"Sweet Potato","Unknown",FALSE,1.01,4.04,32,"Urban - High Density",FALSE
7351,1942,24,10,2023-01-24,TRUE,7,"Asparagus","Winter",FALSE,2.01,20.1,46,"Urban - High Density",TRUE
7352,1929,30,-3,2023-07-01,TRUE,1,"Lychee","All Seasons",TRUE,1.21,-3.63,56,"Rural",TRUE
7353,1639,25,2,2023-02-08,TRUE,6,"Broccoli","All Seasons",TRUE,3.11,6.22,49,"Urban - High Density",TRUE
7354,1818,24,7,2023-03-01,TRUE,50,"Asparagus","Winter",FALSE,2.01,14.07,69,"Urban - High Density",FALSE
7355,1700,5,1,2023-08-25,TRUE,3,"Apricot","Summer",FALSE,10.18,10.18,31,"Urban - Medium Density",TRUE
7356,1052,31,10,2023-11-03,TRUE,3,"Chestnut","All Seasons",NA,0.13,1.3,77,"Urban - Medium Density",TRUE
7357,685,25,4,2023-07-24,FALSE,2,"Broccoli","All Seasons",TRUE,3.11,12.44,38,"Urban - Medium Density",TRUE
7358,1303,3,7,2023-08-04,TRUE,-2,"Raspberry","Unknown",FALSE,10.26,71.82,25,"Urban - High Density",TRUE
7359,692,28,9,2023-05-03,TRUE,3,"Raspberry","Unknown",TRUE,14.97,134.73,63,"Urban - Medium Density",TRUE
7360,1122,31,4,2023-01-29,TRUE,50,"Chestnut","All Seasons",NA,0.13,0.52,55,"Urban - High Density",TRUE
7361,1293,35,4,2023-01-26,TRUE,4,"Hazelnut","All Seasons",TRUE,6.96,27.84,57,"Unknown",TRUE
7362,1621,35,4,2023-08-29,TRUE,-2,"Hazelnut","All Seasons",TRUE,6.96,27.84,120,"Urban - High Density",FALSE
7363,870,15,7,2023-08-28,TRUE,3,"Cabbage","All Seasons",FALSE,3.34,23.38,49,"Urban - Medium Density",TRUE
7364,1575,8,6,2023-06-15,TRUE,7,"Garlic","Winter",TRUE,3.66,21.96,31,"Rural",FALSE
7365,1834,27,3,2023-12-25,TRUE,-2,"Peach","Winter",TRUE,13.88,41.64,70,"Urban - High Density",NA
7366,585,30,0,2023-11-14,TRUE,3,"Lychee","All Seasons",TRUE,1.21,0,50,"Urban - High Density",TRUE
7367,902,40,10,2023-08-03,TRUE,1,"Orange","Winter",FALSE,3.87,38.7,68,"Urban - High Density",TRUE
7368,489,13,3,2023-06-22,TRUE,1,"Cucumber","All Seasons",NA,8.17,24.51,65,"Rural",TRUE
7369,1373,48,4,2023-05-31,TRUE,2,"Blueberry","Winter",TRUE,0.78,3.12,70,"Rural",FALSE
7370,1137,14,6,2023-02-23,TRUE,6,"Fig","Summer",TRUE,3.67,22.02,52,"Urban - High Density",TRUE
7371,716,38,2,2023-07-26,TRUE,2,"Apricot","Summer",TRUE,8.8,17.6,45,"Urban - High Density",FALSE
7372,574,41,5,2023-06-14,TRUE,-2,"Strawberry","Summer",TRUE,4.94,24.7,71,"Urban - Medium Density",FALSE
7373,207,12,3,2023-02-18,TRUE,4,"Banana","All Seasons",TRUE,10.29,30.87,51,"Urban - High Density",TRUE
7374,376,32,9,2023-11-15,TRUE,-2,"Raspberry","All Seasons",TRUE,12.49,112.41,74,"",NA
7375,281,37,3,2023-12-25,TRUE,3,"Radish","Unknown",TRUE,7.32,21.96,63,"Urban - Medium Density",TRUE
7376,132,35,1,2023-09-08,TRUE,2,"Hazelnut","All Seasons",TRUE,6.96,6.96,44,"Rural",FALSE
7377,192,34,2,2023-05-26,TRUE,4,"Celery","Winter",TRUE,5.77,11.54,52,"",TRUE
7378,348,37,5,2023-09-12,TRUE,6,"Radish","Unknown",TRUE,7.32,36.6,44,"Urban - High Density",FALSE
7379,669,39,10,2023-07-17,TRUE,1,"Mango","All Seasons",TRUE,10.84,108.4,66,"Urban - Medium Density",FALSE
7380,318,40,3,2023-09-15,TRUE,2,"Orange","Winter",FALSE,3.87,11.61,120,"Urban - High Density",TRUE
7381,1269,9,10,2023-10-14,TRUE,2,"Onion","Unknown",TRUE,5.01,50.1,74,"Urban - High Density",FALSE
7382,9,26,4,2023-10-30,TRUE,5,"Mango","Summer",TRUE,-1.79,-7.16,72,"Urban - High Density",FALSE
7383,1561,39,4,2023-06-22,TRUE,1,"Mango","All Seasons",TRUE,10.84,43.36,38,"Rural",TRUE
7384,165,37,6,2023-07-24,TRUE,1,"Radish","Unknown",TRUE,7.32,43.92,48,"Urban - High Density",FALSE
7385,511,12,-3,2023-08-19,FALSE,6,"Banana","All Seasons",TRUE,10.29,-30.87,57,"Urban - High Density",TRUE
7386,92,44,8,2023-07-08,FALSE,2,"Apple","Summer",TRUE,9.24,73.92,5,"Urban - High Density",TRUE
7387,1152,35,8,2023-07-10,TRUE,50,"Hazelnut","All Seasons",TRUE,6.96,55.68,27,"Rural",TRUE
7388,1976,48,3,2023-05-15,TRUE,2,"Blueberry","Winter",TRUE,0.78,2.34,20,"Urban - High Density",TRUE
7389,216,37,3,2023-02-21,FALSE,2,"Radish","Unknown",TRUE,7.32,21.96,36,"Urban - Medium Density",FALSE
7390,936,43,5,2023-07-25,TRUE,7,"Pear","Unknown",TRUE,4.62,23.1,77,"Urban - High Density",TRUE
7391,748,5,-3,2023-04-01,TRUE,-2,"Apricot","Summer",FALSE,10.18,-30.54,67,"Urban - Medium Density",FALSE
7392,1518,34,6,2023-10-31,TRUE,4,"Celery","Winter",TRUE,5.77,34.62,30,"Urban - High Density",TRUE
7393,832,22,2,2023-12-01,TRUE,-2,"Green Bean","All Seasons",FALSE,-4.21,-8.42,26,"Urban - High Density",FALSE
7394,680,16,-3,2023-11-27,TRUE,-2,"Chestnut","Summer",TRUE,3.39,-10.17,30,"Urban - High Density",FALSE
7395,1153,37,6,2023-02-25,TRUE,5,"Radish","Unknown",TRUE,7.32,43.92,26,"Rural",FALSE
7396,948,45,-3,2023-01-20,TRUE,2,"Apricot","All Seasons",TRUE,7.43,-22.29,49,"Rural",TRUE
7397,886,4,6,2023-12-06,TRUE,4,"Watermelon","Unknown",TRUE,12.08,72.48,46,"Urban - High Density",TRUE
7398,1280,37,3,2023-01-13,TRUE,1,"Radish","Unknown",TRUE,7.32,21.96,55,"Urban - Medium Density",TRUE
7399,1018,5,3,2023-08-22,TRUE,1,"Apricot","Summer",FALSE,10.18,30.54,64,"Urban - High Density",TRUE
7400,630,35,7,2023-06-29,TRUE,4,"Hazelnut","All Seasons",TRUE,6.96,48.72,49,"Urban - Medium Density",FALSE
7401,110,11,7,2023-10-19,TRUE,1,"Strawberry","Summer",TRUE,5.35,37.45,59,"Urban - Medium Density",TRUE
7402,1152,11,6,2023-08-14,TRUE,-2,"Strawberry","Summer",TRUE,5.35,32.1,27,"Rural",TRUE
7403,205,16,6,2023-07-22,TRUE,1,"Chestnut","Summer",TRUE,3.39,20.34,54,"Urban - Medium Density",TRUE
7404,712,43,10,2023-01-09,TRUE,5,"Pear","Unknown",TRUE,4.62,46.2,52,"Urban - High Density",TRUE
7405,1589,8,-3,2023-12-16,TRUE,50,"Garlic","Winter",TRUE,3.66,-10.98,73,"Urban - High Density",FALSE
7406,463,25,4,2023-05-23,TRUE,3,"Broccoli","All Seasons",TRUE,3.11,12.44,74,"Urban - High Density",FALSE
7407,638,41,1,2023-03-05,TRUE,1,"Strawberry","Summer",TRUE,4.94,4.94,47,"Urban - Medium Density",TRUE
7408,1778,11,9,2023-11-10,TRUE,1,"Strawberry","Summer",TRUE,5.35,48.15,55,"Urban - Medium Density",FALSE
7409,1281,46,5,2023-04-24,TRUE,-2,"Chestnut","All Seasons",TRUE,-4.08,-20.4,77,"Urban - High Density",TRUE
7410,1777,4,6,2023-01-16,TRUE,2,"Watermelon","Unknown",TRUE,12.08,72.48,53,"Urban - Medium Density",TRUE
7411,765,22,7,2023-09-02,TRUE,-2,"Green Bean","All Seasons",FALSE,-4.21,-29.47,23,"Urban - High Density",TRUE
7412,50,8,3,2023-08-05,TRUE,7,"Garlic","Winter",TRUE,3.66,10.98,47,"Urban - Medium Density",FALSE
7413,981,39,9,2023-01-31,TRUE,7,"Mango","All Seasons",TRUE,10.84,97.56,73,"Rural",NA
7414,79,39,10,2023-08-25,FALSE,4,"Mango","All Seasons",TRUE,10.84,108.4,20,"Unknown",TRUE
7415,953,41,5,2023-10-13,TRUE,6,"Strawberry","Summer",TRUE,4.94,24.7,19,"Urban - Medium Density",NA
7416,368,24,6,2023-06-20,TRUE,1,"Asparagus","Winter",FALSE,2.01,12.06,68,"Urban - Medium Density",TRUE
7417,890,28,4,2023-04-28,TRUE,4,"Raspberry","Unknown",TRUE,14.97,59.88,58,"Urban - High Density",NA
7418,93,39,0,2023-04-23,TRUE,50,"Mango","All Seasons",TRUE,10.84,0,55,"Urban - Medium Density",FALSE
7419,1379,35,8,2023-04-01,TRUE,1,"Hazelnut","All Seasons",TRUE,6.96,55.68,76,"Urban - Medium Density",FALSE
7420,1661,14,0,2023-04-07,TRUE,-2,"Fig","Summer",TRUE,3.67,0,76,"Rural",TRUE
7421,870,30,2,2023-09-27,TRUE,50,"Lychee","All Seasons",TRUE,1.21,2.42,49,"Urban - Medium Density",TRUE
7422,646,14,7,2023-02-04,TRUE,7,"Fig","Summer",TRUE,3.67,25.69,45,"Urban - Medium Density",TRUE
7423,1,8,5,2023-03-14,TRUE,7,"Garlic","Winter",TRUE,3.66,18.3,46,"Rural",FALSE
7424,187,48,0,2023-11-13,TRUE,6,"Blueberry","Winter",TRUE,0.78,0,120,"Urban - Medium Density",FALSE
7425,354,3,10,2023-11-02,TRUE,-2,"Raspberry","Unknown",FALSE,10.26,102.6,18,"Rural",FALSE
7426,1798,46,9,2023-07-24,TRUE,5,"Chestnut","All Seasons",TRUE,-4.08,-36.72,78,"Rural",TRUE
7427,811,49,10,2023-09-11,TRUE,50,"Cherry","Summer",NA,1.84,18.4,49,"Urban - High Density",TRUE
7428,151,37,0,2023-03-23,TRUE,4,"Radish","Unknown",TRUE,7.32,0,41,"Urban - Medium Density",NA
7429,1167,27,7,2023-08-09,TRUE,7,"Peach","Winter",TRUE,13.88,97.16,31,"Urban - High Density",FALSE
7430,1565,7,3,2023-09-01,TRUE,50,"Lettuce","Unknown",TRUE,8.68,26.04,42,"Urban - High Density",TRUE
7431,1133,33,7,2023-02-28,TRUE,1,"Banana","All Seasons",TRUE,13.25,92.75,79,"Urban - High Density",TRUE
7432,84,18,1,2023-03-07,TRUE,-2,"Apple","All Seasons",TRUE,14.07,14.07,70,"Urban - High Density",NA
7433,234,14,0,2023-02-14,TRUE,6,"Fig","Summer",TRUE,3.67,0,34,"Rural",FALSE
7434,297,26,-3,2023-11-16,TRUE,7,"Mango","Summer",TRUE,-1.79,5.37,62,"Urban - High Density",TRUE
7435,335,37,10,2023-07-18,TRUE,1,"Radish","Unknown",TRUE,7.32,73.2,78,"Urban - High Density",FALSE
7436,274,31,3,2023-09-06,TRUE,6,"Chestnut","All Seasons",NA,0.13,0.39,71,"Urban - High Density",FALSE
7437,806,11,8,2023-06-20,TRUE,6,"Strawberry","Summer",TRUE,5.35,42.8,54,"Urban - High Density",FALSE
7438,1140,1,9,2023-10-09,TRUE,5,"Strawberry","Unknown",TRUE,4.42,39.78,55,"Rural",TRUE
7439,1251,40,9,2023-05-08,TRUE,3,"Orange","Winter",FALSE,3.87,34.83,33,"Urban - Medium Density",TRUE
7440,1768,28,10,2023-05-05,TRUE,7,"Raspberry","Unknown",TRUE,14.97,149.7,39,"Urban - High Density",TRUE
7441,607,3,2,2023-03-07,TRUE,4,"Raspberry","Unknown",FALSE,10.26,20.52,20,"Rural",TRUE
7442,378,39,5,2023-07-20,TRUE,6,"Mango","All Seasons",TRUE,10.84,54.2,58,"Urban - High Density",TRUE
7443,1541,18,-3,2023-10-10,TRUE,4,"Apple","All Seasons",TRUE,14.07,-42.21,35,"Urban - High Density",TRUE
7444,1937,17,10,2023-12-16,TRUE,4,"Pea","All Seasons",TRUE,-2.07,-20.7,58,"Urban - High Density",FALSE
7445,1860,30,2,2023-09-15,TRUE,7,"Lychee","All Seasons",TRUE,1.21,2.42,57,"Urban - High Density",TRUE
7446,1859,3,10,2023-09-02,TRUE,7,"Raspberry","Unknown",FALSE,10.26,102.6,65,"Urban - High Density",TRUE
7447,1846,24,8,2023-09-11,TRUE,-2,"Asparagus","Winter",FALSE,2.01,16.08,58,"Rural",FALSE
7448,757,43,10,2023-04-14,TRUE,4,"Pear","Unknown",TRUE,4.62,46.2,50,"Urban - High Density",FALSE
7449,941,36,8,2023-05-21,TRUE,2,"Raspberry","Summer",TRUE,5.87,46.96,57,"Urban - High Density",FALSE
7450,570,19,2,2023-03-04,FALSE,7,"Banana","Winter",TRUE,-0.17,-0.34,80,"Urban - Medium Density",TRUE
7451,1042,26,4,2024-01-01,TRUE,5,"Mango","Summer",TRUE,-1.79,-7.16,44,"Urban - Medium Density",FALSE
7452,4,26,9,2023-05-17,TRUE,5,"Mango","Summer",TRUE,-1.79,-16.11,57,"Urban - Medium Density",TRUE
7453,1190,11,10,2023-03-07,FALSE,50,"Strawberry","Summer",TRUE,5.35,53.5,33,"Urban - Medium Density",TRUE
7454,1553,24,-3,2023-10-10,TRUE,50,"Asparagus","Winter",FALSE,2.01,-6.03,74,"Urban - Medium Density",TRUE
7455,918,27,10,2023-07-22,TRUE,3,"Peach","Winter",TRUE,13.88,138.8,74,"Urban - Medium Density",NA
7456,1870,40,1,2023-07-15,TRUE,4,"Orange","Winter",FALSE,3.87,3.87,52,"Rural",TRUE
7457,594,18,3,2023-10-22,TRUE,2,"Apple","All Seasons",TRUE,14.07,42.21,51,"Rural",FALSE
7458,119,28,7,2023-02-25,TRUE,5,"Raspberry","Unknown",TRUE,14.97,104.79,25,"Urban - High Density",TRUE
7459,824,3,2,2023-11-11,TRUE,6,"Raspberry","Unknown",FALSE,10.26,20.52,75,"Urban - High Density",TRUE
7460,509,35,9,2023-07-30,TRUE,7,"Hazelnut","All Seasons",TRUE,6.96,62.64,33,"Urban - High Density",TRUE
7461,1018,41,6,2023-11-15,TRUE,6,"Strawberry","Summer",TRUE,4.94,29.64,64,"Urban - High Density",TRUE
7462,367,31,10,2023-07-26,TRUE,2,"Chestnut","All Seasons",NA,0.13,1.3,79,"Urban - High Density",TRUE
7463,102,14,5,2023-11-26,TRUE,2,"Fig","Summer",TRUE,3.67,18.35,64,"Urban - Medium Density",TRUE
7464,192,15,6,2023-02-14,TRUE,50,"Cabbage","All Seasons",FALSE,3.34,20.04,52,"",TRUE
7465,1186,19,7,2023-06-16,TRUE,1,"Banana","Winter",TRUE,-0.17,-1.19,31,"Urban - High Density",FALSE
7466,471,28,3,2023-11-25,TRUE,6,"Raspberry","Unknown",TRUE,14.97,44.91,54,"Urban - High Density",TRUE
7467,1180,38,9,2023-08-26,TRUE,6,"Apricot","Summer",TRUE,8.8,79.2,27,"Urban - High Density",TRUE
7468,1253,33,7,2023-02-10,TRUE,1,"Banana","All Seasons",TRUE,13.25,92.75,75,"Rural",TRUE
7469,214,36,5,2023-12-20,TRUE,50,"Raspberry","Summer",TRUE,5.87,29.35,48,"Urban - Medium Density",TRUE
7470,1976,4,0,2023-11-15,TRUE,2,"Watermelon","Unknown",TRUE,12.08,0,20,"Urban - High Density",TRUE
7471,777,7,7,2023-10-04,TRUE,2,"Lettuce","Unknown",TRUE,8.68,60.76,27,"",FALSE
7472,1164,43,-3,2023-11-11,TRUE,6,"Pear","Unknown",TRUE,4.62,-13.86,39,"Urban - High Density",FALSE
7473,592,38,-3,2023-03-09,TRUE,-2,"Apricot","Summer",TRUE,8.8,-26.4,41,"Rural",FALSE
7474,258,21,4,2023-01-13,TRUE,-2,"Sweet Potato","All Seasons",TRUE,12.3,49.2,60,"Urban - High Density",FALSE
7475,1361,13,-3,2023-12-11,TRUE,2,"Cucumber","All Seasons",NA,8.17,-24.51,36,"Urban - High Density",TRUE
7476,30,46,5,2023-02-20,TRUE,6,"Chestnut","All Seasons",TRUE,-4.08,-20.4,49,"Urban - High Density",FALSE
7477,1371,46,9,2023-08-08,TRUE,6,"Chestnut","All Seasons",TRUE,-4.08,-36.72,30,"Urban - High Density",FALSE
7478,600,32,0,2023-09-28,TRUE,1,"Raspberry","All Seasons",TRUE,12.49,0,69,"Urban - Medium Density",FALSE
7479,747,3,-3,2023-04-23,TRUE,3,"Raspberry","Unknown",FALSE,10.26,-30.78,21,"Rural",FALSE
7480,1820,36,2,2023-11-02,TRUE,-2,"Raspberry","Summer",TRUE,5.87,11.74,27,"Urban - High Density",FALSE
7481,1166,37,0,2023-08-28,TRUE,6,"Radish","Unknown",TRUE,7.32,0,75,"Urban - High Density",TRUE
7482,257,27,4,2023-08-28,TRUE,5,"Peach","Winter",TRUE,13.88,55.52,63,"Urban - Medium Density",TRUE
7483,11,10,0,2023-05-02,TRUE,4,"Blueberry","Summer",FALSE,4.44,0,41,"Urban - High Density",TRUE
7484,1821,19,6,2023-05-15,TRUE,7,"Banana","Winter",TRUE,-0.17,-1.02,51,"Urban - High Density",FALSE
7485,1798,6,-3,2023-08-16,TRUE,7,"Walnut","Summer",TRUE,-3.25,9.75,78,"Rural",TRUE
7486,1599,8,0,2023-03-09,TRUE,5,"Garlic","Winter",TRUE,3.66,0,53,"Rural",TRUE
7487,335,26,3,2023-10-25,TRUE,5,"Mango","Summer",TRUE,-1.79,-5.37,78,"Urban - High Density",FALSE
7488,202,3,9,2023-04-10,TRUE,6,"Raspberry","Unknown",FALSE,10.26,92.34,38,"Urban - High Density",NA
7489,1260,44,10,2023-11-24,TRUE,4,"Apple","Summer",TRUE,9.24,92.4,29,"Urban - Medium Density",FALSE
7490,675,5,4,2023-01-22,TRUE,-2,"Apricot","Summer",FALSE,10.18,40.72,20,"Rural",FALSE
7491,803,34,6,2023-12-28,TRUE,3,"Celery","Winter",TRUE,5.77,34.62,33,"Urban - Medium Density",TRUE
7492,580,22,-3,2023-09-19,TRUE,50,"Green Bean","All Seasons",FALSE,-4.21,12.63,23,"Urban - Medium Density",TRUE
7493,1281,3,1,2023-10-20,TRUE,5,"Raspberry","Unknown",FALSE,10.26,10.26,77,"Urban - High Density",TRUE
7494,1216,29,4,2023-06-25,TRUE,6,"Orange","Summer",FALSE,9.07,36.28,56,"Urban - Medium Density",FALSE
7495,256,47,-3,2023-12-05,TRUE,3,"Mango","Summer",FALSE,2.32,-6.96,48,"Rural",FALSE
7496,1159,5,7,2023-07-03,TRUE,6,"Apricot","Summer",FALSE,10.18,71.26,19,"Urban - High Density",FALSE
7497,778,30,10,2023-11-20,TRUE,-2,"Lychee","All Seasons",TRUE,1.21,12.1,71,"Urban - Medium Density",TRUE
7498,431,23,7,2023-08-26,TRUE,1,"Corn","Winter",FALSE,1.53,10.71,20,"Rural",TRUE
7499,1139,45,5,2023-03-22,TRUE,2,"Apricot","All Seasons",TRUE,7.43,37.15,60,"Urban - Medium Density",TRUE
7500,1580,23,9,2023-12-28,TRUE,3,"Corn","Winter",FALSE,1.53,13.77,18,"Rural",FALSE
7501,835,42,7,2023-06-16,TRUE,50,"Pomegranate","Winter",TRUE,10.95,76.65,26,"Urban - High Density",TRUE
7502,1964,9,5,2023-08-03,TRUE,5,"Onion","Unknown",TRUE,5.01,25.05,27,"Urban - Medium Density",NA
7503,1101,14,7,2023-02-14,TRUE,50,"Fig","Summer",TRUE,3.67,25.69,75,"Rural",TRUE
7504,1752,23,7,2023-06-17,TRUE,50,"Corn","Winter",FALSE,1.53,10.71,36,"Rural",TRUE
7505,1627,3,2,2023-06-10,TRUE,5,"Raspberry","Unknown",FALSE,10.26,20.52,78,"Urban - High Density",FALSE
7506,41,22,8,2023-07-30,TRUE,4,"Green Bean","All Seasons",FALSE,-4.21,-33.68,54,"Urban - High Density",TRUE
7507,332,48,1,2023-06-19,FALSE,-2,"Blueberry","Winter",TRUE,0.78,0.78,35,"Urban - High Density",TRUE
7508,389,3,7,2023-04-23,FALSE,3,"Raspberry","Unknown",FALSE,10.26,71.82,56,"Rural",TRUE
7509,561,11,1,2023-01-18,TRUE,1,"Strawberry","Summer",TRUE,5.35,5.35,75,"Urban - Medium Density",TRUE
7510,327,28,-3,2023-03-26,TRUE,5,"Raspberry","Unknown",TRUE,14.97,-44.91,43,"Urban - Medium Density",TRUE
7511,1208,15,8,2023-12-27,TRUE,1,"Cabbage","All Seasons",FALSE,3.34,26.72,70,"Unknown",TRUE
7512,434,12,0,2023-01-15,TRUE,1,"Banana","All Seasons",TRUE,10.29,0,48,"Urban - High Density",TRUE
7513,320,34,2,2023-06-26,NA,1,"Celery","Winter",TRUE,5.77,11.54,72,"Urban - Medium Density",TRUE
7514,1871,36,5,2023-08-02,TRUE,7,"Raspberry","Summer",TRUE,5.87,29.35,75,"Rural",FALSE
7515,305,13,0,2023-06-05,TRUE,7,"Cucumber","All Seasons",NA,8.17,0,24,"Urban - High Density",TRUE
7516,328,21,0,2023-06-10,TRUE,7,"Sweet Potato","All Seasons",TRUE,12.3,0,47,"Urban - Medium Density",TRUE
7517,898,3,2,2023-06-11,FALSE,6,"Raspberry","Unknown",FALSE,10.26,20.52,50,"Urban - High Density",TRUE
7518,1251,36,7,2023-08-10,TRUE,7,"Raspberry","Summer",TRUE,5.87,41.09,33,"Urban - Medium Density",TRUE
7519,274,22,9,2023-07-14,TRUE,7,"Green Bean","All Seasons",FALSE,-4.21,-37.89,71,"Urban - High Density",FALSE
7520,284,46,1,2023-07-14,TRUE,6,"Chestnut","All Seasons",TRUE,-4.08,-4.08,53,"Urban - High Density",TRUE
7521,865,32,6,2023-02-23,TRUE,2,"Raspberry","All Seasons",TRUE,12.49,74.94,27,"Urban - High Density",TRUE
7522,57,45,3,2023-04-10,TRUE,5,"Apricot","All Seasons",TRUE,7.43,22.29,45,"Urban - High Density",FALSE
7523,95,20,4,2023-11-19,TRUE,4,"Corn","All Seasons",TRUE,12.25,49,31,"Urban - High Density",TRUE
7524,1336,47,3,2023-12-12,TRUE,3,"Mango","Summer",FALSE,2.32,6.96,30,"Urban - High Density",FALSE
7525,1961,22,6,2023-04-19,TRUE,3,"Green Bean","All Seasons",FALSE,-4.21,-25.26,5,"Urban - High Density",TRUE
7526,175,42,6,2023-11-14,TRUE,7,"Pomegranate","Winter",TRUE,10.95,65.7,21,"Rural",TRUE
7527,70,48,3,2023-07-06,TRUE,3,"Blueberry","Winter",TRUE,0.78,2.34,50,"Urban - High Density",TRUE
7528,1430,11,0,2023-06-29,TRUE,6,"Strawberry","Summer",TRUE,5.35,0,46,"Urban - High Density",TRUE
7529,945,25,2,2023-11-11,TRUE,7,"Broccoli","All Seasons",TRUE,3.11,6.22,73,"Urban - High Density",FALSE
7530,1236,46,6,2023-10-14,TRUE,2,"Chestnut","All Seasons",TRUE,-4.08,-24.48,68,"Urban - Medium Density",TRUE
7531,1580,37,10,2023-06-28,TRUE,4,"Radish","Unknown",TRUE,7.32,73.2,18,"Rural",FALSE
7532,826,19,-3,2023-04-27,TRUE,5,"Banana","Winter",TRUE,-0.17,0.51,66,"Urban - High Density",FALSE
7533,299,35,9,2023-09-02,TRUE,50,"Hazelnut","All Seasons",TRUE,6.96,62.64,34,"Urban - Medium Density",TRUE
7534,237,16,2,2023-12-30,TRUE,4,"Chestnut","Summer",TRUE,3.39,6.78,45,"Urban - High Density",TRUE
7535,1822,5,0,2023-03-05,TRUE,-2,"Apricot","Summer",FALSE,10.18,0,40,"Urban - Medium Density",TRUE
7536,1348,26,8,2023-06-18,TRUE,1,"Mango","Summer",TRUE,-1.79,-14.32,23,"Urban - High Density",TRUE
7537,1016,47,3,2023-07-04,TRUE,-2,"Mango","Summer",FALSE,2.32,6.96,52,"Urban - Medium Density",FALSE
7538,1724,30,7,2023-05-19,TRUE,3,"Lychee","All Seasons",TRUE,1.21,8.47,22,"Urban - Medium Density",TRUE
7539,1677,28,5,2023-08-18,TRUE,1,"Raspberry","Unknown",TRUE,14.97,74.85,36,"Urban - High Density",FALSE
7540,106,5,7,2023-04-22,TRUE,-2,"Apricot","Summer",FALSE,10.18,71.26,70,"Rural",FALSE
7541,1777,30,8,2023-04-29,TRUE,3,"Lychee","All Seasons",TRUE,1.21,9.68,53,"Urban - Medium Density",TRUE
7542,810,21,9,2023-05-18,TRUE,3,"Sweet Potato","All Seasons",TRUE,12.3,110.7,75,"Urban - Medium Density",FALSE
7543,619,27,4,2023-03-15,TRUE,7,"Peach","Winter",TRUE,13.88,55.52,40,"Urban - High Density",FALSE
7544,941,36,8,2023-07-04,TRUE,2,"Raspberry","Summer",TRUE,5.87,46.96,57,"Urban - High Density",FALSE
7545,1665,1,6,2023-03-23,TRUE,6,"Strawberry","Unknown",TRUE,4.42,26.52,59,"Urban - High Density",TRUE
7546,1639,15,1,2023-03-04,TRUE,50,"Cabbage","All Seasons",FALSE,3.34,3.34,49,"Urban - High Density",TRUE
7547,99,20,9,2023-07-02,TRUE,50,"Corn","All Seasons",TRUE,12.25,110.25,51,"Rural",FALSE
7548,1905,32,2,2023-11-04,TRUE,50,"Raspberry","All Seasons",TRUE,12.49,24.98,34,"Urban - High Density",FALSE
7549,1316,26,2,2023-11-08,TRUE,5,"Mango","Summer",TRUE,-1.79,-3.58,59,"Urban - High Density",TRUE
7550,1313,14,2,2023-06-12,TRUE,7,"Fig","Summer",TRUE,3.67,7.34,69,"Urban - High Density",TRUE
7551,477,12,10,2023-09-27,TRUE,6,"Banana","All Seasons",TRUE,10.29,102.9,74,"Urban - High Density",TRUE
7552,1869,41,2,2023-08-05,TRUE,7,"Strawberry","Summer",TRUE,4.94,9.88,37,"Urban - Medium Density",TRUE
7553,1087,47,0,2023-11-20,TRUE,50,"Mango","Summer",FALSE,2.32,0,77,"Urban - High Density",FALSE
7554,305,16,10,2023-02-02,TRUE,2,"Chestnut","Summer",TRUE,3.39,33.9,24,"Urban - High Density",TRUE
7555,546,9,0,2023-03-27,TRUE,3,"Onion","Unknown",TRUE,5.01,0,24,"Urban - Medium Density",TRUE
7556,1330,30,4,2023-01-07,TRUE,1,"Lychee","All Seasons",TRUE,1.21,4.84,80,"Urban - High Density",TRUE
7557,773,31,0,2024-01-01,TRUE,6,"Chestnut","All Seasons",NA,0.13,0,33,"Urban - Medium Density",TRUE
7558,903,10,0,2023-10-21,TRUE,1,"Blueberry","Summer",FALSE,4.44,0,55,"Urban - High Density",TRUE
7559,584,49,10,2023-09-27,TRUE,7,"Cherry","Summer",NA,1.84,18.4,24,"Urban - High Density",TRUE
7560,1278,37,1,2023-08-06,TRUE,2,"Radish","Unknown",TRUE,7.32,7.32,73,"Urban - Medium Density",FALSE
7561,840,36,1,2023-08-29,TRUE,7,"Raspberry","Summer",TRUE,5.87,5.87,63,"Rural",FALSE
7562,1362,9,6,2023-06-16,TRUE,-2,"Onion","Unknown",TRUE,5.01,30.06,41,"Urban - High Density",TRUE
7563,1681,46,2,2023-10-28,FALSE,7,"Chestnut","All Seasons",TRUE,-4.08,-8.16,27,"",TRUE
7564,1491,39,8,2023-07-16,TRUE,7,"Mango","All Seasons",TRUE,10.84,86.72,5,"Urban - Medium Density",FALSE
7565,1778,6,1,2023-08-24,FALSE,50,"Walnut","Summer",TRUE,-3.25,-3.25,55,"Urban - Medium Density",FALSE
7566,1249,16,5,2023-08-07,TRUE,3,"Chestnut","Summer",TRUE,3.39,16.95,55,"Urban - High Density",TRUE
7567,1241,14,2,2023-11-13,TRUE,50,"Fig","Summer",TRUE,3.67,7.34,40,"Urban - Medium Density",TRUE
7568,1248,9,6,2023-06-05,TRUE,1,"Onion","Unknown",TRUE,5.01,30.06,39,"Urban - Medium Density",FALSE
7569,794,22,8,2023-01-23,TRUE,4,"Green Bean","All Seasons",FALSE,-4.21,-33.68,78,"Urban - Medium Density",FALSE
7570,257,41,-3,2023-05-21,TRUE,5,"Strawberry","Summer",TRUE,4.94,-14.82,63,"Urban - Medium Density",TRUE
7571,180,28,0,2023-07-18,NA,7,"Raspberry","Unknown",TRUE,14.97,0,78,"Urban - Medium Density",TRUE
7572,676,42,2,2023-04-16,TRUE,50,"Pomegranate","Winter",TRUE,10.95,21.9,77,"Rural",FALSE
7573,818,1,7,2023-09-30,TRUE,4,"Strawberry","Unknown",TRUE,4.42,30.94,35,"Urban - High Density",FALSE
7574,429,4,6,2023-11-13,TRUE,7,"Watermelon","Unknown",TRUE,12.08,72.48,5,"Rural",FALSE
7575,247,45,4,2023-01-25,TRUE,6,"Apricot","All Seasons",TRUE,7.43,29.72,43,"Urban - High Density",TRUE
7576,1128,31,0,2023-09-05,TRUE,5,"Chestnut","All Seasons",NA,0.13,0,79,"Urban - High Density",TRUE
7577,1222,22,9,2023-10-25,TRUE,7,"Green Bean","All Seasons",FALSE,-4.21,-37.89,30,"Rural",TRUE
7578,653,14,-3,2023-06-02,TRUE,-2,"Fig","Summer",TRUE,3.67,-11.01,5,"Urban - Medium Density",FALSE
7579,147,22,5,2023-02-27,TRUE,50,"Green Bean","All Seasons",FALSE,-4.21,-21.05,21,"Rural",TRUE
7580,1648,3,6,2023-03-21,TRUE,7,"Raspberry","Unknown",FALSE,10.26,61.56,34,"Rural",FALSE
7581,498,29,9,2023-10-25,TRUE,7,"Orange","Summer",FALSE,9.07,81.63,32,"Urban - High Density",TRUE
7582,1120,1,3,2023-11-20,TRUE,-2,"Strawberry","Unknown",TRUE,4.42,13.26,53,"Urban - Medium Density",NA
7583,530,24,4,2023-08-30,TRUE,5,"Asparagus","Winter",FALSE,2.01,8.04,20,"Urban - High Density",FALSE
7584,1478,35,7,2023-10-11,TRUE,6,"Hazelnut","All Seasons",TRUE,6.96,48.72,78,"Urban - Medium Density",TRUE
7585,1161,29,5,2023-01-18,TRUE,3,"Orange","Summer",FALSE,9.07,45.35,63,"Urban - Medium Density",FALSE
7586,1324,14,5,2023-10-19,TRUE,3,"Fig","Summer",TRUE,3.67,18.35,55,"Rural",TRUE
7587,658,24,1,NA,TRUE,7,"Asparagus","Winter",FALSE,2.01,2.01,28,"Rural",FALSE
7588,239,40,7,2023-01-22,FALSE,7,"Orange","Winter",FALSE,3.87,27.09,31,"Urban - Medium Density",TRUE
7589,1376,44,6,2023-08-19,TRUE,2,"Apple","Summer",TRUE,9.24,55.44,43,"Urban - High Density",FALSE
7590,696,41,10,2023-07-03,TRUE,2,"Strawberry","Summer",TRUE,4.94,49.4,50,"Urban - High Density",TRUE
7591,1309,27,6,2023-04-17,TRUE,50,"Peach","Winter",TRUE,13.88,83.28,53,"Urban - High Density",FALSE
7592,925,16,0,2023-01-26,TRUE,5,"Chestnut","Summer",TRUE,3.39,0,29,"Unknown",FALSE
7593,792,14,1,2023-10-19,TRUE,7,"Fig","Summer",TRUE,3.67,3.67,62,"Urban - Medium Density",TRUE
7594,1707,37,5,2023-11-20,TRUE,7,"Radish","Unknown",TRUE,7.32,36.6,31,"Urban - Medium Density",TRUE
7595,1420,13,10,2023-01-16,TRUE,-2,"Cucumber","All Seasons",NA,8.17,81.7,72,"Urban - Medium Density",TRUE
7596,526,3,5,2023-05-23,TRUE,4,"Raspberry","Unknown",FALSE,10.26,51.3,33,"Urban - Medium Density",TRUE
7597,1503,19,-3,2023-08-23,TRUE,5,"Banana","Winter",TRUE,-0.17,0.51,43,"Urban - High Density",FALSE
7598,750,6,9,2023-11-05,TRUE,-2,"Walnut","Summer",TRUE,-3.25,-29.25,23,"Urban - High Density",NA
7599,1317,13,6,2023-06-05,TRUE,6,"Cucumber","All Seasons",NA,8.17,49.02,22,"Urban - High Density",TRUE
7600,273,40,6,2023-12-18,TRUE,50,"Orange","Winter",FALSE,3.87,23.22,21,"Rural",FALSE
7601,1836,3,2,2023-08-07,NA,4,"Raspberry","Unknown",FALSE,10.26,20.52,40,"Urban - High Density",FALSE
7602,783,31,6,2023-03-24,TRUE,7,"Chestnut","All Seasons",NA,0.13,0.78,25,"Urban - High Density",FALSE
7603,1883,46,6,2023-10-26,TRUE,3,"Chestnut","All Seasons",TRUE,-4.08,-24.48,57,"Urban - Medium Density",FALSE
7604,1469,43,7,2023-06-04,TRUE,1,"Pear","Unknown",TRUE,4.62,32.34,62,"Urban - Medium Density",TRUE
7605,226,14,1,2023-07-05,TRUE,-2,"Fig","Summer",TRUE,3.67,3.67,35,"Urban - Medium Density",TRUE
7606,342,3,-3,2023-12-13,TRUE,3,"Raspberry","Unknown",FALSE,10.26,-30.78,53,"Urban - High Density",TRUE
7607,516,37,5,2023-03-27,TRUE,2,"Radish","Unknown",TRUE,7.32,36.6,33,"Urban - High Density",TRUE
7608,991,20,8,2023-03-05,TRUE,1,"Corn","All Seasons",TRUE,12.25,98,77,"Urban - High Density",TRUE
7609,245,6,6,2023-11-03,TRUE,1,"Walnut","Summer",TRUE,-3.25,-19.5,27,"Urban - High Density",TRUE
7610,274,22,2,2023-07-02,NA,5,"Green Bean","All Seasons",FALSE,-4.21,-8.42,71,"Urban - High Density",FALSE
7611,837,19,10,2023-04-19,TRUE,5,"Banana","Winter",TRUE,-0.17,-1.7,120,"Urban - High Density",TRUE
7612,1911,35,2,2023-05-16,TRUE,1,"Hazelnut","All Seasons",TRUE,6.96,13.92,50,"Urban - Medium Density",TRUE
7613,51,11,4,2023-03-02,TRUE,4,"Strawberry","Summer",TRUE,5.35,21.4,40,"Urban - High Density",TRUE
7614,321,26,8,2023-03-13,TRUE,2,"Mango","Summer",TRUE,-1.79,-14.32,74,"Urban - High Density",FALSE
7615,1647,35,4,2023-02-22,FALSE,3,"Hazelnut","All Seasons",TRUE,6.96,27.84,59,"Urban - Medium Density",FALSE
7616,1946,2,7,2023-01-10,TRUE,6,"Grape","Unknown",TRUE,10.56,73.92,26,"Urban - Medium Density",TRUE
7617,895,22,3,2023-04-30,TRUE,5,"Green Bean","All Seasons",FALSE,-4.21,-12.63,34,"Urban - Medium Density",TRUE
7618,1698,50,7,2023-01-25,TRUE,3,"Sweet Potato","Unknown",FALSE,1.01,7.07,19,"Rural",TRUE
7619,1082,30,8,2023-10-16,TRUE,-2,"Lychee","All Seasons",TRUE,1.21,9.68,71,"Urban - Medium Density",TRUE
7620,513,5,7,2023-05-07,TRUE,7,"Apricot","Summer",FALSE,10.18,71.26,78,"Urban - High Density",NA
7621,219,27,8,2023-04-03,TRUE,2,"Peach","Winter",TRUE,13.88,111.04,65,"Urban - Medium Density",FALSE
7622,1783,34,6,2023-07-16,TRUE,2,"Celery","Winter",TRUE,5.77,34.62,75,"Urban - High Density",TRUE
7623,1793,45,8,2023-11-29,TRUE,5,"Apricot","All Seasons",TRUE,7.43,59.44,51,"Urban - High Density",TRUE
7624,857,41,6,2023-10-04,TRUE,6,"Strawberry","Summer",TRUE,4.94,29.64,26,"Urban - Medium Density",TRUE
7625,1075,31,1,2023-05-28,TRUE,-2,"Chestnut","All Seasons",NA,0.13,0.13,48,"Rural",FALSE
7626,1270,36,7,2023-08-17,TRUE,50,"Raspberry","Summer",TRUE,5.87,41.09,45,"Urban - Medium Density",TRUE
7627,1545,13,10,2023-11-12,TRUE,6,"Cucumber","All Seasons",NA,8.17,81.7,54,"Urban - High Density",FALSE
7628,1241,11,2,2023-08-19,TRUE,1,"Strawberry","Summer",TRUE,5.35,10.7,40,"Urban - Medium Density",TRUE
7629,670,35,6,2023-12-20,TRUE,4,"Hazelnut","All Seasons",TRUE,6.96,41.76,45,"Urban - Medium Density",FALSE
7630,551,31,8,2023-06-27,TRUE,1,"Chestnut","All Seasons",NA,0.13,1.04,35,"Urban - Medium Density",TRUE
7631,479,18,0,2023-01-10,FALSE,1,"Apple","All Seasons",TRUE,14.07,0,24,"Urban - Medium Density",TRUE
7632,1637,34,4,2023-08-31,TRUE,3,"Celery","Winter",TRUE,5.77,23.08,55,"Urban - Medium Density",FALSE
7633,1365,35,0,2023-10-29,TRUE,6,"Hazelnut","All Seasons",TRUE,6.96,0,80,"Urban - High Density",TRUE
7634,1116,23,2,2023-03-18,TRUE,1,"Corn","Winter",FALSE,1.53,3.06,31,"Urban - Medium Density",FALSE
7635,1302,28,6,2023-04-02,TRUE,4,"Raspberry","Unknown",TRUE,14.97,89.82,19,"Urban - High Density",TRUE
7636,859,16,0,2023-08-24,TRUE,7,"Chestnut","Summer",TRUE,3.39,0,38,"Urban - Medium Density",FALSE
7637,1856,49,0,2023-04-29,TRUE,2,"Cherry","Summer",NA,1.84,0,33,"Urban - High Density",TRUE
7638,1181,36,3,2023-11-05,TRUE,1,"Raspberry","Summer",TRUE,5.87,17.61,51,"Urban - High Density",NA
7639,1664,20,6,2023-10-28,TRUE,3,"Corn","All Seasons",TRUE,12.25,73.5,71,"Urban - High Density",TRUE
7640,209,17,9,2023-06-24,TRUE,2,"Pea","All Seasons",TRUE,-2.07,-18.63,59,"Urban - High Density",TRUE
7641,184,2,6,2023-03-14,TRUE,4,"Grape","Unknown",TRUE,10.56,63.36,32,"Urban - High Density",FALSE
7642,455,46,9,2023-08-10,TRUE,7,"Chestnut","All Seasons",TRUE,-4.08,-36.72,39,"Urban - Medium Density",NA
7643,1062,9,0,2023-07-15,TRUE,50,"Onion","Unknown",TRUE,5.01,0,32,"Rural",FALSE
7644,1203,6,0,2023-11-14,TRUE,6,"Walnut","Summer",TRUE,-3.25,0,120,"Urban - High Density",TRUE
7645,1321,50,2,2023-07-07,FALSE,1,"Sweet Potato","Unknown",FALSE,1.01,2.02,47,"Urban - Medium Density",TRUE
7646,1462,34,7,2023-08-26,TRUE,7,"Celery","Winter",TRUE,5.77,40.39,48,"Urban - High Density",TRUE
7647,198,3,6,2023-07-30,TRUE,1,"Raspberry","Unknown",FALSE,10.26,61.56,79,"Urban - Medium Density",FALSE
7648,464,38,0,2023-01-02,TRUE,2,"Apricot","Summer",TRUE,8.8,0,39,"Urban - High Density",TRUE
7649,1278,47,2,2023-01-04,TRUE,5,"Mango","Summer",FALSE,2.32,4.64,73,"Urban - Medium Density",FALSE
7650,1553,42,10,2023-12-01,TRUE,4,"Pomegranate","Winter",TRUE,10.95,109.5,74,"Urban - Medium Density",TRUE
7651,1276,30,-3,2023-07-12,TRUE,3,"Lychee","All Seasons",TRUE,1.21,-3.63,70,"Urban - High Density",FALSE
7652,402,4,3,2023-12-06,TRUE,6,"Watermelon","Unknown",TRUE,12.08,36.24,35,"Urban - Medium Density",TRUE
7653,1765,25,0,2023-02-27,TRUE,2,"Broccoli","All Seasons",TRUE,3.11,0,57,"Urban - High Density",TRUE
7654,1982,2,7,2023-06-11,TRUE,6,"Grape","Unknown",TRUE,10.56,73.92,51,"Urban - High Density",TRUE
7655,1337,24,10,2023-04-07,TRUE,1,"Asparagus","Winter",FALSE,2.01,20.1,64,"Urban - Medium Density",FALSE
7656,1151,33,9,2023-06-07,TRUE,5,"Banana","All Seasons",TRUE,13.25,119.25,43,"Urban - Medium Density",FALSE
7657,87,46,6,2023-12-03,TRUE,4,"Chestnut","All Seasons",TRUE,-4.08,-24.48,69,"Urban - Medium Density",TRUE
7658,1769,33,2,2023-06-02,TRUE,7,"Banana","All Seasons",TRUE,13.25,26.5,62,"Urban - High Density",FALSE
7659,1453,6,8,2023-07-14,TRUE,50,"Walnut","Summer",TRUE,-3.25,-26,60,"Urban - Medium Density",TRUE
7660,166,45,2,2023-10-21,TRUE,5,"Apricot","All Seasons",TRUE,7.43,14.86,19,"Urban - High Density",FALSE
7661,1806,28,7,2024-01-01,TRUE,-2,"Raspberry","Unknown",TRUE,14.97,104.79,75,"Rural",TRUE
7662,1964,23,2,2023-05-13,TRUE,50,"Corn","Winter",FALSE,1.53,3.06,27,"Urban - Medium Density",NA
7663,157,37,9,2023-02-25,TRUE,1,"Radish","Unknown",TRUE,7.32,65.88,21,"Urban - Medium Density",FALSE
7664,1655,34,10,2023-05-29,TRUE,6,"Celery","Winter",TRUE,5.77,57.7,63,"Urban - High Density",FALSE
7665,435,2,4,2023-10-28,TRUE,7,"Grape","Unknown",TRUE,10.56,42.24,76,"Urban - Medium Density",TRUE
7666,1836,9,5,2023-07-15,TRUE,5,"Onion","Unknown",TRUE,5.01,25.05,40,"Urban - High Density",FALSE
7667,1459,24,7,2023-05-05,TRUE,-2,"Asparagus","Winter",FALSE,2.01,14.07,65,"Rural",FALSE
7668,1027,50,0,2023-02-28,TRUE,1,"Sweet Potato","Unknown",FALSE,1.01,0,61,"Urban - High Density",TRUE
7669,526,35,10,2023-05-30,TRUE,4,"Hazelnut","All Seasons",TRUE,6.96,69.6,33,"Urban - Medium Density",TRUE
7670,1717,37,6,2023-08-02,TRUE,3,"Radish","Unknown",TRUE,7.32,43.92,49,"Urban - High Density",NA
7671,1806,31,1,2023-11-19,TRUE,2,"Chestnut","All Seasons",NA,0.13,0.13,75,"Rural",TRUE
7672,1381,1,-3,2023-03-29,TRUE,4,"Strawberry","Unknown",TRUE,4.42,-13.26,75,"Rural",TRUE
7673,804,24,4,2023-01-10,TRUE,1,"Asparagus","Winter",FALSE,2.01,8.04,56,"Urban - High Density",FALSE
7674,1187,45,-3,2023-08-01,TRUE,-2,"Apricot","All Seasons",TRUE,7.43,-22.29,36,"Urban - Medium Density",NA
7675,1958,4,3,2023-03-22,TRUE,2,"Watermelon","Unknown",TRUE,12.08,36.24,49,"Unknown",FALSE
7676,1835,25,7,2023-12-20,TRUE,2,"Broccoli","All Seasons",TRUE,3.11,21.77,49,"Rural",TRUE
7677,1106,23,2,2023-12-10,TRUE,6,"Corn","Winter",FALSE,1.53,3.06,27,"Urban - High Density",FALSE
7678,633,14,1,2023-12-27,TRUE,1,"Fig","Summer",TRUE,3.67,3.67,25,"Rural",TRUE
7679,1880,23,1,2023-10-20,TRUE,5,"Corn","Winter",FALSE,1.53,1.53,26,"Urban - High Density",TRUE
7680,107,16,10,2023-08-03,TRUE,1,"Chestnut","Summer",TRUE,3.39,33.9,23,"Urban - High Density",FALSE
7681,397,38,6,2023-09-28,TRUE,5,"Apricot","Summer",TRUE,8.8,52.8,55,"Rural",TRUE
7682,759,1,0,2023-03-19,TRUE,3,"Strawberry","Unknown",TRUE,4.42,0,27,"Rural",FALSE
7683,1557,32,9,2023-02-07,TRUE,1,"Raspberry","All Seasons",TRUE,12.49,112.41,48,"Urban - Medium Density",FALSE
7684,155,9,5,2023-10-24,TRUE,50,"Onion","Unknown",TRUE,5.01,25.05,41,"Urban - High Density",FALSE
7685,681,1,-3,2023-02-01,TRUE,7,"Strawberry","Unknown",TRUE,4.42,-13.26,50,"Urban - Medium Density",TRUE
7686,119,47,1,2023-04-01,TRUE,7,"Mango","Summer",FALSE,2.32,2.32,25,"Urban - High Density",TRUE
7687,886,13,3,2023-10-06,TRUE,7,"Cucumber","All Seasons",NA,8.17,24.51,46,"Urban - High Density",TRUE
7688,1031,42,8,2023-09-14,TRUE,5,"Pomegranate","Winter",TRUE,10.95,87.6,51,"Urban - Medium Density",FALSE
7689,667,2,8,2023-05-03,TRUE,7,"Grape","Unknown",TRUE,10.56,84.48,18,"Urban - Medium Density",TRUE
7690,189,6,8,2023-05-29,TRUE,50,"Walnut","Summer",TRUE,-3.25,-26,39,"Urban - High Density",FALSE
7691,122,49,1,2023-09-19,FALSE,1,"Cherry","Summer",NA,1.84,1.84,22,"Urban - Medium Density",TRUE
7692,429,35,0,2023-01-31,TRUE,4,"Hazelnut","All Seasons",TRUE,6.96,0,5,"Rural",FALSE
7693,1024,40,-3,2023-08-10,TRUE,2,"Orange","Winter",FALSE,3.87,-11.61,27,"",FALSE
7694,1252,45,8,2023-04-22,TRUE,4,"Apricot","All Seasons",TRUE,7.43,59.44,120,"Urban - High Density",TRUE
7695,1602,36,0,2023-02-18,TRUE,2,"Raspberry","Summer",TRUE,5.87,0,27,"Urban - Medium Density",TRUE
7696,255,17,8,2023-03-09,TRUE,3,"Pea","All Seasons",TRUE,-2.07,-16.56,18,"Urban - High Density",TRUE
7697,505,9,4,2023-12-26,TRUE,-2,"Onion","Unknown",TRUE,5.01,20.04,29,"Urban - Medium Density",TRUE
7698,1815,12,9,2023-03-01,TRUE,-2,"Banana","All Seasons",TRUE,10.29,92.61,43,"Rural",FALSE
7699,831,21,7,2023-08-27,TRUE,5,"Sweet Potato","All Seasons",TRUE,12.3,86.1,34,"Urban - Medium Density",FALSE
7700,569,33,5,2023-10-23,TRUE,-2,"Banana","All Seasons",TRUE,13.25,66.25,54,"Urban - High Density",TRUE
7701,391,4,-3,2023-05-02,TRUE,1,"Watermelon","Unknown",TRUE,12.08,-36.24,5,"Urban - Medium Density",TRUE
7702,563,24,6,2023-09-05,TRUE,50,"Asparagus","Winter",FALSE,2.01,12.06,40,"Urban - High Density",TRUE
7703,1596,31,3,2023-08-09,TRUE,1,"Chestnut","All Seasons",NA,0.13,0.39,39,"Urban - Medium Density",TRUE
7704,359,13,10,2023-08-23,TRUE,4,"Cucumber","All Seasons",NA,8.17,81.7,73,"Urban - Medium Density",FALSE
7705,904,14,9,2023-01-22,TRUE,2,"Fig","Summer",TRUE,3.67,33.03,20,"Urban - Medium Density",TRUE
7706,1783,3,8,2023-10-02,TRUE,2,"Raspberry","Unknown",FALSE,10.26,82.08,75,"Urban - High Density",TRUE
7707,1205,28,-3,2023-04-22,TRUE,3,"Raspberry","Unknown",TRUE,14.97,-44.91,32,"Urban - High Density",FALSE
7708,1282,23,-3,2023-06-01,TRUE,6,"Corn","Winter",FALSE,1.53,-4.59,21,"Urban - Medium Density",FALSE
7709,1503,22,5,2023-10-28,TRUE,5,"Green Bean","All Seasons",FALSE,-4.21,-21.05,43,"Urban - High Density",FALSE
7710,204,47,9,2023-01-30,TRUE,4,"Mango","Summer",FALSE,2.32,20.88,76,"Urban - Medium Density",TRUE
7711,74,2,10,2023-04-15,TRUE,-2,"Grape","Unknown",TRUE,10.56,105.6,41,"Urban - Medium Density",FALSE
7712,1853,21,10,2023-07-02,TRUE,4,"Sweet Potato","All Seasons",TRUE,12.3,123,67,"Urban - High Density",FALSE
7713,831,44,6,2023-02-18,TRUE,4,"Apple","Summer",TRUE,9.24,55.44,34,"Urban - Medium Density",FALSE
7714,1614,38,1,2023-09-04,TRUE,6,"Apricot","Summer",TRUE,8.8,8.8,55,"Urban - High Density",TRUE
7715,1944,20,4,2023-03-29,TRUE,6,"Corn","All Seasons",TRUE,12.25,49,74,"Urban - Medium Density",FALSE
7716,137,12,8,2023-09-03,TRUE,-2,"Banana","All Seasons",TRUE,10.29,82.32,40,"Urban - Medium Density",NA
7717,1208,21,7,2023-09-24,TRUE,6,"Sweet Potato","All Seasons",TRUE,12.3,86.1,70,"Unknown",TRUE
7718,1211,13,5,2023-06-23,TRUE,5,"Cucumber","All Seasons",NA,8.17,40.85,57,"Unknown",FALSE
7719,745,39,5,2023-01-22,TRUE,5,"Mango","All Seasons",TRUE,10.84,54.2,61,"Urban - Medium Density",TRUE
7720,654,36,8,2023-02-26,TRUE,2,"Raspberry","Summer",TRUE,5.87,46.96,59,"Urban - Medium Density",TRUE
7721,1435,37,-3,2023-09-07,TRUE,4,"Radish","Unknown",TRUE,7.32,-21.96,32,"Urban - Medium Density",FALSE
7722,1595,4,5,2023-06-24,TRUE,7,"Watermelon","Unknown",TRUE,12.08,60.4,20,"Urban - Medium Density",FALSE
7723,554,6,1,2023-08-16,TRUE,1,"Walnut","Summer",TRUE,-3.25,-3.25,69,"Urban - Medium Density",TRUE
7724,1688,21,3,2023-02-03,TRUE,2,"Sweet Potato","All Seasons",TRUE,12.3,36.9,55,"Urban - High Density",FALSE
7725,1680,46,8,2023-07-25,TRUE,6,"Chestnut","All Seasons",TRUE,-4.08,-32.64,69,"Urban - High Density",FALSE
7726,1808,49,10,2023-12-29,TRUE,7,"Cherry","Summer",NA,1.84,18.4,56,"Urban - Medium Density",TRUE
7727,1124,30,3,2023-08-06,TRUE,5,"Lychee","All Seasons",TRUE,1.21,3.63,53,"Urban - Medium Density",FALSE
7728,1017,39,-3,2023-09-24,TRUE,5,"Mango","All Seasons",TRUE,10.84,-32.52,25,"Urban - High Density",TRUE
7729,1220,11,4,2023-03-23,TRUE,4,"Strawberry","Summer",TRUE,5.35,21.4,48,"Rural",NA
7730,903,5,4,2023-01-07,FALSE,6,"Apricot","Summer",FALSE,10.18,40.72,55,"Urban - High Density",TRUE
7731,306,48,0,2023-11-24,TRUE,1,"Blueberry","Winter",TRUE,0.78,0,26,"Urban - Medium Density",TRUE
7732,563,47,-3,2023-12-14,TRUE,3,"Mango","Summer",FALSE,2.32,-6.96,40,"Urban - High Density",TRUE
7733,1822,40,3,2023-08-06,TRUE,50,"Orange","Winter",FALSE,3.87,11.61,40,"Urban - Medium Density",TRUE
7734,905,38,-3,2023-12-07,TRUE,50,"Apricot","Summer",TRUE,8.8,-26.4,20,"Rural",TRUE
7735,925,2,0,2023-04-04,TRUE,7,"Grape","Unknown",TRUE,10.56,0,29,"Unknown",FALSE
7736,591,41,10,2023-03-22,TRUE,5,"Strawberry","Summer",TRUE,4.94,49.4,69,"Urban - Medium Density",TRUE
7737,443,40,10,2023-12-20,TRUE,-2,"Orange","Winter",FALSE,3.87,38.7,19,"Urban - Medium Density",FALSE
7738,1755,33,3,2023-01-01,TRUE,7,"Banana","All Seasons",TRUE,13.25,39.75,26,"Urban - High Density",TRUE
7739,559,28,4,2023-10-29,FALSE,2,"Raspberry","Unknown",TRUE,14.97,59.88,48,"Urban - High Density",TRUE
7740,1389,18,10,2024-01-01,TRUE,1,"Apple","All Seasons",TRUE,14.07,140.7,44,"Urban - High Density",TRUE
7741,1614,27,5,2023-09-05,TRUE,6,"Peach","Winter",TRUE,13.88,69.4,55,"Urban - High Density",TRUE
7742,756,15,3,2023-09-13,TRUE,-2,"Cabbage","All Seasons",FALSE,3.34,10.02,19,"Urban - Medium Density",TRUE
7743,274,47,1,2023-06-01,TRUE,3,"Mango","Summer",FALSE,2.32,2.32,71,"Urban - High Density",FALSE
7744,1505,47,5,2023-07-31,FALSE,3,"Mango","Summer",FALSE,2.32,11.6,76,"Urban - High Density",TRUE
7745,560,30,4,2023-03-21,TRUE,3,"Lychee","All Seasons",TRUE,1.21,4.84,52,"Urban - High Density",FALSE
7746,66,25,8,2023-10-25,TRUE,7,"Broccoli","All Seasons",TRUE,3.11,24.88,32,"Urban - High Density",TRUE
7747,467,50,0,2023-06-26,TRUE,-2,"Sweet Potato","Unknown",FALSE,1.01,0,79,"Urban - High Density",TRUE
7748,23,5,6,2023-11-07,TRUE,-2,"Apricot","Summer",FALSE,10.18,61.08,42,"Urban - High Density",TRUE
7749,164,41,5,2023-02-14,TRUE,1,"Strawberry","Summer",TRUE,4.94,24.7,50,"Urban - Medium Density",FALSE
7750,1951,10,3,2023-08-04,TRUE,50,"Blueberry","Summer",FALSE,4.44,13.32,33,"Urban - High Density",FALSE
7751,354,33,10,2023-05-09,TRUE,4,"Banana","All Seasons",TRUE,13.25,132.5,18,"Rural",FALSE
7752,245,42,8,2023-12-25,TRUE,50,"Pomegranate","Winter",TRUE,10.95,87.6,27,"Urban - High Density",TRUE
7753,282,5,0,2023-12-10,TRUE,5,"Apricot","Summer",FALSE,10.18,0,25,"Urban - High Density",TRUE
7754,107,46,4,2023-10-26,TRUE,-2,"Chestnut","All Seasons",TRUE,-4.08,-16.32,23,"Urban - High Density",FALSE
7755,381,6,2,2023-06-08,TRUE,-2,"Walnut","Summer",TRUE,-3.25,-6.5,23,"Urban - Medium Density",NA
7756,1812,20,5,2023-05-27,TRUE,1,"Corn","All Seasons",TRUE,12.25,61.25,49,"Urban - High Density",TRUE
7757,442,47,9,2023-12-01,TRUE,1,"Mango","Summer",FALSE,2.32,20.88,33,"Urban - Medium Density",FALSE
7758,1952,5,4,2023-11-15,TRUE,5,"Apricot","Summer",FALSE,10.18,40.72,49,"Urban - Medium Density",FALSE
7759,675,10,1,2023-03-31,TRUE,6,"Blueberry","Summer",FALSE,4.44,4.44,20,"Rural",FALSE
7760,5,41,2,2023-12-15,TRUE,3,"Strawberry","Summer",TRUE,4.94,9.88,65,"Rural",TRUE
7761,257,48,0,2023-01-12,TRUE,50,"Blueberry","Winter",TRUE,0.78,0,63,"Urban - Medium Density",TRUE
7762,537,39,-3,2023-09-29,TRUE,4,"Mango","All Seasons",TRUE,10.84,-32.52,49,"Urban - High Density",FALSE
7763,147,31,-3,2023-01-14,TRUE,7,"Chestnut","All Seasons",NA,0.13,-0.39,21,"Rural",TRUE
7764,699,47,6,2023-04-22,TRUE,7,"Mango","Summer",FALSE,2.32,13.92,39,"Urban - High Density",FALSE
7765,1467,3,7,2023-12-14,TRUE,3,"Raspberry","Unknown",FALSE,10.26,71.82,25,"Urban - High Density",FALSE
7766,1895,25,7,2023-06-09,TRUE,4,"Broccoli","All Seasons",TRUE,3.11,21.77,31,"Urban - Medium Density",FALSE
7767,1706,14,8,2023-07-05,TRUE,-2,"Fig","Summer",TRUE,3.67,29.36,73,"Urban - High Density",TRUE
7768,318,46,2,2023-02-05,TRUE,4,"Chestnut","All Seasons",TRUE,-4.08,-8.16,120,"Urban - High Density",TRUE
7769,354,30,6,2023-07-20,NA,3,"Lychee","All Seasons",TRUE,1.21,7.26,18,"Rural",FALSE
7770,1281,1,5,2023-08-30,TRUE,3,"Strawberry","Unknown",TRUE,4.42,22.1,77,"Urban - High Density",TRUE
7771,1633,22,4,2023-05-26,TRUE,50,"Green Bean","All Seasons",FALSE,-4.21,-16.84,47,"Urban - High Density",FALSE
7772,1317,47,8,2023-05-04,TRUE,4,"Mango","Summer",FALSE,2.32,18.56,22,"Urban - High Density",TRUE
7773,576,2,9,2023-10-03,TRUE,7,"Grape","Unknown",TRUE,10.56,95.04,32,"Urban - High Density",FALSE
7774,1470,4,2,2023-01-19,TRUE,6,"Watermelon","Unknown",TRUE,12.08,24.16,120,"Urban - High Density",FALSE
7775,933,27,10,2023-11-17,TRUE,6,"Peach","Winter",TRUE,13.88,138.8,64,"Urban - High Density",TRUE
7776,667,34,5,2023-01-29,TRUE,6,"Celery","Winter",TRUE,5.77,28.85,18,"Urban - Medium Density",TRUE
7777,1737,48,9,2023-02-16,TRUE,1,"Blueberry","Winter",TRUE,0.78,7.02,41,"Urban - Medium Density",FALSE
7778,1874,49,2,2023-02-21,TRUE,1,"Cherry","Summer",NA,1.84,3.68,51,"Urban - High Density",FALSE
7779,1565,10,-3,2023-01-14,TRUE,4,"Blueberry","Summer",FALSE,4.44,-13.32,42,"Urban - High Density",TRUE
7780,1544,39,1,2023-11-22,TRUE,6,"Mango","All Seasons",TRUE,10.84,10.84,5,"Urban - High Density",NA
7781,225,35,2,2023-06-08,TRUE,7,"Hazelnut","All Seasons",TRUE,6.96,13.92,28,"Urban - Medium Density",TRUE
7782,59,2,9,2023-06-14,TRUE,3,"Grape","Unknown",TRUE,10.56,95.04,29,"Urban - High Density",FALSE
7783,1381,10,6,2023-11-08,TRUE,4,"Blueberry","Summer",FALSE,4.44,26.64,75,"Rural",TRUE
7784,485,17,-3,2023-08-25,TRUE,4,"Pea","All Seasons",TRUE,-2.07,6.21,58,"Urban - High Density",FALSE
7785,786,27,7,2023-12-17,TRUE,50,"Peach","Winter",TRUE,13.88,97.16,64,"Urban - Medium Density",TRUE
7786,1504,21,4,2023-12-29,TRUE,3,"Sweet Potato","All Seasons",TRUE,12.3,49.2,70,"Urban - Medium Density",FALSE
7787,1749,2,9,2023-09-07,TRUE,1,"Grape","Unknown",TRUE,10.56,95.04,41,"Rural",TRUE
7788,1406,21,3,2023-02-22,FALSE,7,"Sweet Potato","All Seasons",TRUE,12.3,36.9,48,"Urban - High Density",FALSE
7789,1793,46,4,2023-12-29,TRUE,1,"Chestnut","All Seasons",TRUE,-4.08,-16.32,51,"Urban - High Density",TRUE
7790,873,34,6,2023-12-06,TRUE,3,"Celery","Winter",TRUE,5.77,34.62,41,"Urban - High Density",FALSE
7791,433,42,7,2024-01-01,TRUE,5,"Pomegranate","Winter",TRUE,10.95,76.65,50,"Urban - High Density",FALSE
7792,348,7,7,2023-08-24,TRUE,-2,"Lettuce","Unknown",TRUE,8.68,60.76,44,"Urban - High Density",FALSE
7793,883,28,5,2023-04-24,TRUE,5,"Raspberry","Unknown",TRUE,14.97,74.85,39,"Urban - High Density",FALSE
7794,1193,41,5,2023-10-11,TRUE,3,"Strawberry","Summer",TRUE,4.94,24.7,54,"Urban - High Density",TRUE
7795,1914,31,2,2023-09-16,TRUE,1,"Chestnut","All Seasons",NA,0.13,0.26,53,"Unknown",TRUE
7796,937,2,8,2023-04-18,TRUE,5,"Grape","Unknown",TRUE,10.56,84.48,45,"Urban - High Density",NA
7797,1982,48,-3,2023-12-01,TRUE,6,"Blueberry","Winter",TRUE,0.78,-2.34,51,"Urban - High Density",TRUE
7798,1998,8,2,2023-05-21,TRUE,2,"Garlic","Winter",TRUE,3.66,7.32,35,"Urban - High Density",FALSE
7799,1782,32,5,2023-07-07,TRUE,1,"Raspberry","All Seasons",TRUE,12.49,62.45,25,"Urban - High Density",TRUE
7800,449,36,5,2023-09-22,NA,4,"Raspberry","Summer",TRUE,5.87,29.35,67,"Unknown",NA
7801,168,8,5,2023-02-07,TRUE,2,"Garlic","Winter",TRUE,3.66,18.3,40,"Urban - Medium Density",TRUE
7802,753,16,5,2023-04-02,TRUE,1,"Chestnut","Summer",TRUE,3.39,16.95,20,"Urban - Medium Density",FALSE
7803,1509,11,4,2023-08-02,TRUE,7,"Strawberry","Summer",TRUE,5.35,21.4,56,"Rural",TRUE
7804,1357,37,10,2023-02-27,TRUE,-2,"Radish","Unknown",TRUE,7.32,73.2,25,"Rural",FALSE
7805,19,7,-3,2023-09-01,TRUE,5,"Lettuce","Unknown",TRUE,8.68,-26.04,22,"Urban - Medium Density",FALSE
7806,130,22,0,2023-02-17,TRUE,50,"Green Bean","All Seasons",FALSE,-4.21,0,48,"Urban - Medium Density",FALSE
7807,1830,18,0,2024-01-01,TRUE,4,"Apple","All Seasons",TRUE,14.07,0,76,"Urban - Medium Density",TRUE
7808,888,43,10,2023-06-13,TRUE,-2,"Pear","Unknown",TRUE,4.62,46.2,38,"Urban - Medium Density",TRUE
7809,873,24,5,2023-08-10,TRUE,2,"Asparagus","Winter",FALSE,2.01,10.05,41,"Urban - High Density",FALSE
7810,1952,15,10,2023-04-13,TRUE,50,"Cabbage","All Seasons",FALSE,3.34,33.4,49,"Urban - Medium Density",FALSE
7811,923,16,10,2023-05-15,TRUE,-2,"Chestnut","Summer",TRUE,3.39,33.9,62,"Urban - Medium Density",FALSE
7812,1330,11,1,2023-12-24,TRUE,4,"Strawberry","Summer",TRUE,5.35,5.35,80,"Urban - High Density",TRUE
7813,1102,25,0,2023-07-20,TRUE,7,"Broccoli","All Seasons",TRUE,3.11,0,77,"Urban - High Density",TRUE
7814,1845,19,7,2023-09-10,TRUE,7,"Banana","Winter",TRUE,-0.17,-1.19,59,"Urban - Medium Density",FALSE
7815,983,19,10,2023-05-28,FALSE,7,"Banana","Winter",TRUE,-0.17,-1.7,40,"Rural",TRUE
7816,179,49,2,2023-09-08,TRUE,50,"Cherry","Summer",NA,1.84,3.68,60,"Urban - High Density",FALSE
7817,1985,44,5,2023-10-02,TRUE,6,"Apple","Summer",TRUE,9.24,46.2,29,"",TRUE
7818,1163,37,8,2023-11-06,TRUE,-2,"Radish","Unknown",TRUE,7.32,58.56,66,"Urban - Medium Density",TRUE
7819,135,35,0,2023-11-11,TRUE,2,"Hazelnut","All Seasons",TRUE,6.96,0,69,"Urban - High Density",FALSE
7820,233,31,7,2023-03-13,TRUE,2,"Chestnut","All Seasons",NA,0.13,0.91,120,"Urban - High Density",FALSE
7821,167,10,4,2023-08-17,TRUE,2,"Blueberry","Summer",FALSE,4.44,17.76,20,"Urban - High Density",TRUE
7822,1355,32,4,2023-05-29,TRUE,5,"Raspberry","All Seasons",TRUE,12.49,49.96,60,"Urban - Medium Density",FALSE
7823,1072,31,6,2023-01-02,TRUE,5,"Chestnut","All Seasons",NA,0.13,0.78,42,"Rural",FALSE
7824,1189,17,7,2023-03-03,TRUE,1,"Pea","All Seasons",TRUE,-2.07,-14.49,48,"Urban - Medium Density",NA
7825,1253,19,9,2023-06-04,TRUE,5,"Banana","Winter",TRUE,-0.17,-1.53,75,"Rural",TRUE
7826,192,2,0,2023-01-22,FALSE,7,"Grape","Unknown",TRUE,10.56,0,52,"",TRUE
7827,1773,9,1,2023-04-14,TRUE,50,"Onion","Unknown",TRUE,5.01,5.01,33,"Urban - Medium Density",FALSE
7828,658,40,2,2023-06-06,TRUE,3,"Orange","Winter",FALSE,3.87,7.74,28,"Rural",FALSE
7829,335,3,-3,2023-02-13,TRUE,3,"Raspberry","Unknown",FALSE,10.26,-30.78,78,"Urban - High Density",FALSE
7830,418,18,2,2023-03-31,TRUE,7,"Apple","All Seasons",TRUE,14.07,28.14,23,"Urban - High Density",TRUE
7831,1552,16,-3,2023-10-26,TRUE,-2,"Chestnut","Summer",TRUE,3.39,-10.17,46,"Rural",FALSE
7832,1946,18,-3,2023-04-07,TRUE,-2,"Apple","All Seasons",TRUE,14.07,-42.21,26,"Urban - Medium Density",TRUE
7833,1747,9,5,2023-07-20,FALSE,5,"Onion","Unknown",TRUE,5.01,25.05,79,"Urban - High Density",TRUE
7834,829,20,10,2023-01-28,TRUE,6,"Corn","All Seasons",TRUE,12.25,122.5,59,"Urban - High Density",TRUE
7835,1559,23,1,2023-07-28,TRUE,4,"Corn","Winter",FALSE,1.53,1.53,27,"Urban - Medium Density",FALSE
7836,266,2,9,2023-12-24,TRUE,50,"Grape","Unknown",TRUE,10.56,95.04,26,"Urban - High Density",TRUE
7837,260,47,8,2023-12-06,TRUE,7,"Mango","Summer",FALSE,2.32,18.56,57,"Urban - High Density",TRUE
7838,1437,42,8,2023-03-26,TRUE,5,"Pomegranate","Winter",TRUE,10.95,87.6,78,"Urban - High Density",TRUE
7839,1689,7,8,2023-03-16,FALSE,6,"Lettuce","Unknown",TRUE,8.68,69.44,64,"Urban - High Density",TRUE
7840,554,31,8,2023-05-23,TRUE,4,"Chestnut","All Seasons",NA,0.13,1.04,69,"Urban - Medium Density",TRUE
7841,1959,3,3,2023-07-10,TRUE,3,"Raspberry","Unknown",FALSE,10.26,30.78,78,"Urban - High Density",NA
7842,1584,9,9,2023-01-26,TRUE,4,"Onion","Unknown",TRUE,5.01,45.09,76,"Rural",TRUE
7843,1776,31,5,2023-07-05,TRUE,2,"Chestnut","All Seasons",NA,0.13,0.65,65,"Urban - High Density",FALSE
7844,204,43,1,2023-08-21,TRUE,5,"Pear","Unknown",TRUE,4.62,4.62,76,"Urban - Medium Density",TRUE
7845,17,35,7,2023-01-09,TRUE,5,"Hazelnut","All Seasons",TRUE,6.96,48.72,30,"Urban - Medium Density",TRUE
7846,1137,6,1,2023-11-13,TRUE,3,"Walnut","Summer",TRUE,-3.25,-3.25,52,"Urban - High Density",TRUE
7847,224,47,7,2023-02-04,TRUE,1,"Mango","Summer",FALSE,2.32,16.24,41,"Urban - High Density",FALSE
7848,580,25,6,2023-03-15,TRUE,4,"Broccoli","All Seasons",TRUE,3.11,18.66,23,"Urban - Medium Density",TRUE
7849,1005,45,9,2023-10-01,TRUE,6,"Apricot","All Seasons",TRUE,7.43,66.87,35,"Urban - Medium Density",TRUE
7850,1208,30,10,2023-08-25,NA,7,"Lychee","All Seasons",TRUE,1.21,12.1,70,"Unknown",TRUE
7851,1743,34,1,2023-07-22,TRUE,4,"Celery","Winter",TRUE,5.77,5.77,51,"Urban - High Density",TRUE
7852,1544,49,4,2023-04-25,TRUE,2,"Cherry","Summer",NA,1.84,7.36,5,"Urban - High Density",NA
7853,1299,8,10,2023-06-29,TRUE,-2,"Garlic","Winter",TRUE,3.66,36.6,54,"Urban - Medium Density",TRUE
7854,849,34,5,2023-06-07,TRUE,7,"Celery","Winter",TRUE,5.77,28.85,32,"Rural",TRUE
7855,520,18,9,2023-03-29,TRUE,2,"Apple","All Seasons",TRUE,14.07,126.63,51,"Urban - Medium Density",TRUE
7856,379,31,5,2023-03-26,NA,2,"Chestnut","All Seasons",NA,0.13,0.65,38,"Rural",FALSE
7857,110,14,2,2023-09-11,TRUE,2,"Fig","Summer",TRUE,3.67,7.34,59,"Urban - Medium Density",TRUE
7858,947,38,-3,2023-11-14,TRUE,2,"Apricot","Summer",TRUE,8.8,-26.4,5,"Urban - High Density",TRUE
7859,1588,12,10,2023-09-29,TRUE,1,"Banana","All Seasons",TRUE,10.29,102.9,64,"Urban - High Density",TRUE
7860,516,50,7,2023-10-04,TRUE,6,"Sweet Potato","Unknown",FALSE,1.01,7.07,33,"Urban - High Density",TRUE
7861,1357,46,8,2023-11-13,TRUE,7,"Chestnut","All Seasons",TRUE,-4.08,-32.64,25,"Rural",FALSE
7862,1955,36,1,2023-10-24,TRUE,50,"Raspberry","Summer",TRUE,5.87,5.87,52,"Urban - High Density",TRUE
7863,1244,31,5,2023-11-03,TRUE,-2,"Chestnut","All Seasons",NA,0.13,0.65,78,"Urban - High Density",TRUE
7864,498,17,-3,2023-08-22,TRUE,7,"Pea","All Seasons",TRUE,-2.07,6.21,32,"Urban - High Density",TRUE
7865,1242,6,10,2023-12-29,TRUE,7,"Walnut","Summer",TRUE,-3.25,-32.5,71,"Rural",FALSE
7866,1177,22,4,2023-09-21,TRUE,4,"Green Bean","All Seasons",FALSE,-4.21,-16.84,77,"Unknown",TRUE
7867,452,48,2,2023-11-16,TRUE,4,"Blueberry","Winter",TRUE,0.78,1.56,18,"Urban - High Density",TRUE
7868,409,17,-3,2023-11-22,TRUE,2,"Pea","All Seasons",TRUE,-2.07,6.21,27,"Urban - Medium Density",FALSE
7869,1318,44,7,2023-08-03,TRUE,5,"Apple","Summer",TRUE,9.24,64.68,26,"Unknown",TRUE
7870,570,46,10,2023-04-17,TRUE,6,"Chestnut","All Seasons",TRUE,-4.08,-40.8,80,"Urban - Medium Density",TRUE
7871,447,3,3,2023-10-31,TRUE,-2,"Raspberry","Unknown",FALSE,10.26,30.78,71,"Urban - High Density",FALSE
7872,1027,37,9,2023-12-26,TRUE,7,"Radish","Unknown",TRUE,7.32,65.88,61,"Urban - High Density",TRUE
7873,1410,50,8,2023-03-27,TRUE,4,"Sweet Potato","Unknown",FALSE,1.01,8.08,76,"Urban - Medium Density",FALSE
7874,1922,36,0,2023-09-10,TRUE,2,"Raspberry","Summer",TRUE,5.87,0,68,"Urban - High Density",FALSE
7875,1230,1,0,2023-09-16,TRUE,4,"Strawberry","Unknown",TRUE,4.42,0,34,"Rural",FALSE
7876,744,37,9,2023-05-17,TRUE,4,"Radish","Unknown",TRUE,7.32,65.88,52,"Urban - High Density",TRUE
7877,1824,36,8,2023-05-14,TRUE,50,"Raspberry","Summer",TRUE,5.87,46.96,41,"",TRUE
7878,556,10,5,2023-01-27,TRUE,4,"Blueberry","Summer",FALSE,4.44,22.2,54,"Rural",FALSE
7879,1111,48,6,2023-05-31,TRUE,50,"Blueberry","Winter",TRUE,0.78,4.68,59,"Urban - High Density",TRUE
7880,204,27,3,2023-05-27,TRUE,7,"Peach","Winter",TRUE,13.88,41.64,76,"Urban - Medium Density",TRUE
7881,1466,27,8,2023-10-08,TRUE,3,"Peach","Winter",TRUE,13.88,111.04,19,"Rural",FALSE
7882,1834,25,8,2023-02-12,TRUE,4,"Broccoli","All Seasons",TRUE,3.11,24.88,70,"Urban - High Density",NA
7883,146,50,6,2023-08-16,TRUE,7,"Sweet Potato","Unknown",FALSE,1.01,6.06,29,"Urban - High Density",TRUE
7884,239,12,-3,2023-11-27,TRUE,3,"Banana","All Seasons",TRUE,10.29,-30.87,31,"Urban - Medium Density",TRUE
7885,1072,33,4,2023-10-04,TRUE,6,"Banana","All Seasons",TRUE,13.25,53,42,"Rural",FALSE
7886,1642,36,5,2023-10-17,TRUE,5,"Raspberry","Summer",TRUE,5.87,29.35,45,"Rural",FALSE
7887,960,32,10,2023-09-04,TRUE,6,"Raspberry","All Seasons",TRUE,12.49,124.9,46,"Urban - High Density",TRUE
7888,988,28,10,2023-08-21,TRUE,4,"Raspberry","Unknown",TRUE,14.97,149.7,41,"Urban - Medium Density",TRUE
7889,1653,23,2,2023-12-21,TRUE,6,"Corn","Winter",FALSE,1.53,3.06,62,"Urban - High Density",TRUE
7890,753,26,9,2023-03-04,TRUE,3,"Mango","Summer",TRUE,-1.79,-16.11,20,"Urban - Medium Density",FALSE
7891,1543,28,9,2023-03-01,TRUE,3,"Raspberry","Unknown",TRUE,14.97,134.73,67,"Urban - High Density",TRUE
7892,95,30,8,2023-09-21,TRUE,3,"Lychee","All Seasons",TRUE,1.21,9.68,31,"Urban - High Density",TRUE
7893,1900,47,9,2023-11-16,TRUE,1,"Mango","Summer",FALSE,2.32,20.88,120,"Urban - Medium Density",FALSE
7894,530,41,1,2023-08-28,TRUE,50,"Strawberry","Summer",TRUE,4.94,4.94,20,"Urban - High Density",FALSE
7895,1235,35,-3,2023-10-02,TRUE,4,"Hazelnut","All Seasons",TRUE,6.96,-20.88,120,"Urban - Medium Density",TRUE
7896,291,46,0,2023-04-08,TRUE,5,"Chestnut","All Seasons",TRUE,-4.08,0,62,"Urban - High Density",TRUE
7897,839,32,7,2023-09-10,TRUE,1,"Raspberry","All Seasons",TRUE,12.49,87.43,70,"Urban - High Density",TRUE
7898,1199,8,0,2023-09-29,TRUE,7,"Garlic","Winter",TRUE,3.66,0,72,"Urban - High Density",NA
7899,370,15,5,2023-12-16,TRUE,5,"Cabbage","All Seasons",FALSE,3.34,16.7,61,"Urban - Medium Density",FALSE
7900,337,14,3,2023-02-04,FALSE,7,"Fig","Summer",TRUE,3.67,11.01,25,"Urban - High Density",TRUE
7901,23,43,2,2023-08-03,TRUE,-2,"Pear","Unknown",TRUE,4.62,9.24,42,"Urban - High Density",TRUE
7902,1427,41,10,2023-04-21,TRUE,50,"Strawberry","Summer",TRUE,4.94,49.4,41,"Urban - High Density",FALSE
7903,1755,10,1,2023-07-27,TRUE,6,"Blueberry","Summer",FALSE,4.44,4.44,26,"Urban - High Density",TRUE
7904,428,17,4,2023-03-17,TRUE,7,"Pea","All Seasons",TRUE,-2.07,-8.28,34,"Urban - Medium Density",TRUE
7905,450,34,9,2023-10-18,TRUE,3,"Celery","Winter",TRUE,5.77,51.93,76,"Urban - High Density",NA
7906,1756,30,0,2023-09-25,TRUE,5,"Lychee","All Seasons",TRUE,1.21,0,73,"Urban - Medium Density",TRUE
7907,1609,13,3,2023-07-02,TRUE,2,"Cucumber","All Seasons",NA,8.17,24.51,61,"Urban - Medium Density",TRUE
7908,1919,21,7,2023-04-09,TRUE,2,"Sweet Potato","All Seasons",TRUE,12.3,86.1,61,"Rural",FALSE
7909,574,12,3,2023-05-07,TRUE,2,"Banana","All Seasons",TRUE,10.29,30.87,71,"Urban - Medium Density",FALSE
7910,1737,32,2,2023-09-13,TRUE,7,"Raspberry","All Seasons",TRUE,12.49,24.98,41,"Urban - Medium Density",FALSE
7911,1910,47,10,2023-12-08,TRUE,50,"Mango","Summer",FALSE,2.32,23.2,76,"Urban - Medium Density",NA
7912,279,1,-3,2023-10-29,TRUE,-2,"Strawberry","Unknown",TRUE,4.42,-13.26,51,"Urban - Medium Density",TRUE
7913,1614,24,9,2023-01-17,TRUE,7,"Asparagus","Winter",FALSE,2.01,18.09,55,"Urban - High Density",TRUE
7914,1384,50,6,2023-10-20,TRUE,2,"Sweet Potato","Unknown",FALSE,1.01,6.06,20,"Urban - Medium Density",TRUE
7915,1864,31,2,2023-03-24,TRUE,6,"Chestnut","All Seasons",NA,0.13,0.26,21,"Rural",FALSE
7916,1258,41,2,2023-10-09,TRUE,4,"Strawberry","Summer",TRUE,4.94,9.88,42,"Urban - High Density",FALSE
7917,1080,37,8,2023-12-16,TRUE,5,"Radish","Unknown",TRUE,7.32,58.56,55,"Rural",TRUE
7918,224,43,8,2023-08-23,TRUE,2,"Pear","Unknown",TRUE,4.62,36.96,41,"Urban - High Density",FALSE
7919,163,30,-3,2023-01-15,TRUE,50,"Lychee","All Seasons",TRUE,1.21,-3.63,35,"Urban - Medium Density",TRUE
7920,1040,25,2,2023-04-05,TRUE,-2,"Broccoli","All Seasons",TRUE,3.11,6.22,77,"Urban - High Density",NA
7921,1620,40,6,2023-04-08,TRUE,7,"Orange","Winter",FALSE,3.87,23.22,64,"Urban - High Density",FALSE
7922,1095,26,4,2023-07-10,TRUE,-2,"Mango","Summer",TRUE,-1.79,-7.16,66,"Urban - Medium Density",TRUE
7923,513,43,0,2023-12-31,TRUE,3,"Pear","Unknown",TRUE,4.62,0,78,"Urban - High Density",NA
7924,365,31,6,2023-06-05,TRUE,-2,"Chestnut","All Seasons",NA,0.13,0.78,71,"Urban - High Density",TRUE
7925,442,1,5,2023-05-15,TRUE,50,"Strawberry","Unknown",TRUE,4.42,22.1,33,"Urban - Medium Density",FALSE
7926,1910,22,-3,2023-06-22,TRUE,1,"Green Bean","All Seasons",FALSE,-4.21,12.63,76,"Urban - Medium Density",NA
7927,1459,15,10,2023-05-06,TRUE,1,"Cabbage","All Seasons",FALSE,3.34,33.4,65,"Rural",FALSE
7928,1367,9,-3,2023-09-07,TRUE,6,"Onion","Unknown",TRUE,5.01,-15.03,77,"Urban - High Density",FALSE
7929,206,6,2,2023-07-27,TRUE,5,"Walnut","Summer",TRUE,-3.25,-6.5,46,"Rural",TRUE
7930,194,3,-3,2023-12-18,TRUE,3,"Raspberry","Unknown",FALSE,10.26,-30.78,28,"Rural",FALSE
7931,1445,40,4,2023-11-26,TRUE,50,"Orange","Winter",FALSE,3.87,15.48,24,"Urban - High Density",FALSE
7932,477,6,7,2023-09-23,NA,7,"Walnut","Summer",TRUE,-3.25,-22.75,74,"Urban - High Density",TRUE
7933,770,28,10,2023-03-26,TRUE,1,"Raspberry","Unknown",TRUE,14.97,149.7,32,"Urban - High Density",TRUE
7934,1713,17,2,2023-02-07,TRUE,6,"Pea","All Seasons",TRUE,-2.07,-4.14,35,"Urban - Medium Density",TRUE
7935,1517,41,2,2023-10-17,TRUE,5,"Strawberry","Summer",TRUE,4.94,9.88,34,"Urban - High Density",TRUE
7936,642,50,7,2023-12-31,TRUE,3,"Sweet Potato","Unknown",FALSE,1.01,7.07,49,"Rural",NA
7937,249,41,3,2023-06-29,TRUE,6,"Strawberry","Summer",TRUE,4.94,14.82,62,"Urban - Medium Density",FALSE
7938,1611,13,9,2023-08-23,TRUE,-2,"Cucumber","All Seasons",NA,8.17,73.53,57,"Urban - Medium Density",TRUE
7939,1837,45,0,2023-01-14,TRUE,-2,"Apricot","All Seasons",TRUE,7.43,0,73,"Rural",FALSE
7940,793,29,8,2023-03-14,TRUE,6,"Orange","Summer",FALSE,9.07,72.56,29,"Urban - Medium Density",FALSE
7941,1833,33,7,2023-04-12,TRUE,7,"Banana","All Seasons",TRUE,13.25,92.75,30,"Urban - High Density",FALSE
7942,1384,20,10,2023-08-27,TRUE,5,"Corn","All Seasons",TRUE,12.25,122.5,20,"Urban - Medium Density",TRUE
7943,1340,16,8,2023-09-15,TRUE,5,"Chestnut","Summer",TRUE,3.39,27.12,65,"Urban - Medium Density",FALSE
7944,31,35,4,2023-11-10,TRUE,5,"Hazelnut","All Seasons",TRUE,6.96,27.84,78,"Urban - Medium Density",NA
7945,1275,1,2,2023-06-16,TRUE,7,"Strawberry","Unknown",TRUE,4.42,8.84,62,"Rural",FALSE
7946,691,8,9,2023-11-30,TRUE,6,"Garlic","Winter",TRUE,3.66,32.94,47,"Urban - High Density",NA
7947,816,27,2,2023-11-09,TRUE,5,"Peach","Winter",TRUE,13.88,27.76,58,"Urban - Medium Density",FALSE
7948,1876,7,10,2023-11-14,FALSE,50,"Lettuce","Unknown",TRUE,8.68,86.8,71,"Urban - Medium Density",TRUE
7949,372,3,3,2023-07-02,TRUE,6,"Raspberry","Unknown",FALSE,10.26,30.78,75,"Urban - High Density",TRUE
7950,1357,48,10,2023-10-29,TRUE,3,"Blueberry","Winter",TRUE,0.78,7.8,25,"Rural",FALSE
7951,946,42,10,2023-07-05,TRUE,1,"Pomegranate","Winter",TRUE,10.95,109.5,58,"Urban - High Density",TRUE
7952,1499,33,5,2023-11-24,TRUE,3,"Banana","All Seasons",TRUE,13.25,66.25,31,"Urban - High Density",TRUE
7953,482,45,3,2023-01-28,TRUE,50,"Apricot","All Seasons",TRUE,7.43,22.29,30,"Urban - High Density",TRUE
7954,676,27,0,2023-07-29,TRUE,2,"Peach","Winter",TRUE,13.88,0,77,"Rural",FALSE
7955,368,5,5,2023-12-22,TRUE,3,"Apricot","Summer",FALSE,10.18,50.9,68,"Urban - Medium Density",TRUE
7956,1028,2,4,2023-11-24,TRUE,2,"Grape","Unknown",TRUE,10.56,42.24,78,"Urban - High Density",FALSE
7957,1210,21,8,2023-10-10,TRUE,50,"Sweet Potato","All Seasons",TRUE,12.3,98.4,50,"Urban - High Density",TRUE
7958,1970,28,0,2023-04-04,TRUE,5,"Raspberry","Unknown",TRUE,14.97,0,38,"Urban - High Density",TRUE
7959,1660,50,3,2023-07-09,TRUE,7,"Sweet Potato","Unknown",FALSE,1.01,3.03,67,"Urban - Medium Density",FALSE
7960,1971,20,6,2023-09-05,TRUE,7,"Corn","All Seasons",TRUE,12.25,73.5,42,"Rural",TRUE
7961,670,16,2,2023-11-05,TRUE,50,"Chestnut","Summer",TRUE,3.39,6.78,45,"Urban - Medium Density",FALSE
7962,1936,47,10,2023-07-29,TRUE,1,"Mango","Summer",FALSE,2.32,23.2,77,"Urban - High Density",TRUE
7963,58,29,0,2023-12-11,TRUE,5,"Orange","Summer",FALSE,9.07,0,79,"Rural",TRUE
7964,1426,37,1,2023-06-08,TRUE,1,"Radish","Unknown",TRUE,7.32,7.32,70,"Unknown",TRUE
7965,1948,22,6,2023-01-28,TRUE,4,"Green Bean","All Seasons",FALSE,-4.21,-25.26,31,"Urban - Medium Density",TRUE
7966,933,48,3,2023-06-14,TRUE,4,"Blueberry","Winter",TRUE,0.78,2.34,64,"Urban - High Density",TRUE
7967,1448,23,-3,2023-11-24,TRUE,50,"Corn","Winter",FALSE,1.53,-4.59,79,"Rural",FALSE
7968,1691,23,3,2023-12-01,TRUE,4,"Corn","Winter",FALSE,1.53,4.59,37,"Urban - High Density",NA
7969,1676,37,9,2023-08-06,TRUE,-2,"Radish","Unknown",TRUE,7.32,65.88,64,"Urban - Medium Density",FALSE
7970,470,3,6,2023-05-22,TRUE,2,"Raspberry","Unknown",FALSE,10.26,61.56,47,"Urban - High Density",FALSE
7971,910,22,-3,2023-03-08,TRUE,4,"Green Bean","All Seasons",FALSE,-4.21,12.63,29,"Urban - High Density",FALSE
7972,1466,32,4,2023-05-09,TRUE,7,"Raspberry","All Seasons",TRUE,12.49,49.96,19,"Rural",FALSE
7973,1835,32,2,2023-08-10,TRUE,-2,"Raspberry","All Seasons",TRUE,12.49,24.98,49,"Rural",TRUE
7974,1213,15,0,2023-11-11,TRUE,6,"Cabbage","All Seasons",FALSE,3.34,0,30,"Rural",FALSE
7975,62,6,4,2023-03-03,TRUE,50,"Walnut","Summer",TRUE,-3.25,-13,23,"Urban - Medium Density",FALSE
7976,1193,21,10,2023-12-23,TRUE,5,"Sweet Potato","All Seasons",TRUE,12.3,123,54,"Urban - High Density",TRUE
7977,422,22,0,2023-08-19,TRUE,2,"Green Bean","All Seasons",FALSE,-4.21,0,43,"Urban - Medium Density",TRUE
7978,1786,23,7,2023-04-07,TRUE,-2,"Corn","Winter",FALSE,1.53,10.71,76,"Rural",TRUE
7979,1934,8,-3,2023-03-27,TRUE,6,"Garlic","Winter",TRUE,3.66,-10.98,5,"Urban - Medium Density",FALSE
7980,1420,50,0,2023-05-04,TRUE,7,"Sweet Potato","Unknown",FALSE,1.01,0,72,"Urban - Medium Density",TRUE
7981,880,14,0,2023-08-16,TRUE,6,"Fig","Summer",TRUE,3.67,0,65,"Urban - Medium Density",TRUE
7982,1787,25,10,2023-06-14,TRUE,2,"Broccoli","All Seasons",TRUE,3.11,31.1,69,"Urban - Medium Density",FALSE
7983,1344,40,1,2023-09-05,TRUE,3,"Orange","Winter",FALSE,3.87,3.87,30,"Rural",TRUE
7984,154,47,5,2023-06-18,TRUE,5,"Mango","Summer",FALSE,2.32,11.6,75,"Urban - High Density",TRUE
7985,1813,33,5,2023-06-25,TRUE,50,"Banana","All Seasons",TRUE,13.25,66.25,65,"Urban - Medium Density",FALSE
7986,948,39,8,2023-09-24,TRUE,6,"Mango","All Seasons",TRUE,10.84,86.72,49,"Rural",TRUE
7987,78,44,1,2023-02-06,TRUE,-2,"Apple","Summer",TRUE,9.24,9.24,57,"Urban - Medium Density",TRUE
7988,1413,49,6,2023-03-19,TRUE,7,"Cherry","Summer",NA,1.84,11.04,28,"Urban - Medium Density",NA
7989,492,41,9,2023-05-09,TRUE,2,"Strawberry","Summer",TRUE,4.94,44.46,73,"Urban - Medium Density",TRUE
7990,1601,31,7,2023-03-14,TRUE,5,"Chestnut","All Seasons",NA,0.13,0.91,34,"Urban - Medium Density",FALSE
7991,1145,5,10,2023-10-24,TRUE,6,"Apricot","Summer",FALSE,10.18,101.8,43,"Rural",TRUE
7992,1889,15,3,2023-10-15,TRUE,5,"Cabbage","All Seasons",FALSE,3.34,10.02,30,"Urban - High Density",TRUE
7993,1386,44,6,2023-09-14,TRUE,2,"Apple","Summer",TRUE,9.24,55.44,80,"Rural",TRUE
7994,730,17,7,2023-01-14,TRUE,4,"Pea","All Seasons",TRUE,-2.07,-14.49,60,"Urban - Medium Density",FALSE
7995,114,28,1,2023-03-10,TRUE,6,"Raspberry","Unknown",TRUE,14.97,14.97,29,"Urban - High Density",TRUE
7996,481,12,4,2023-10-27,TRUE,2,"Banana","All Seasons",TRUE,10.29,41.16,40,"Urban - High Density",FALSE
7997,1441,13,5,2024-01-01,TRUE,3,"Cucumber","All Seasons",NA,8.17,40.85,29,"Urban - High Density",FALSE
7998,1191,44,3,2023-09-05,TRUE,4,"Apple","Summer",TRUE,9.24,27.72,31,"Urban - Medium Density",FALSE
7999,519,8,10,2023-11-08,TRUE,3,"Garlic","Winter",TRUE,3.66,36.6,44,"Urban - Medium Density",TRUE
8000,561,40,5,2023-02-13,TRUE,1,"Orange","Winter",FALSE,3.87,19.35,75,"Urban - Medium Density",TRUE
8001,1554,27,4,2023-11-07,TRUE,3,"Peach","Winter",TRUE,13.88,55.52,68,"Urban - Medium Density",FALSE
8002,65,47,8,2023-09-11,TRUE,4,"Mango","Summer",FALSE,2.32,18.56,61,"Rural",TRUE
8003,1349,13,10,2023-05-12,TRUE,1,"Cucumber","All Seasons",NA,8.17,81.7,40,"Urban - High Density",FALSE
8004,1899,26,3,2023-08-20,TRUE,-2,"Mango","Summer",TRUE,-1.79,-5.37,26,"Urban - High Density",TRUE
8005,1551,7,5,2023-12-27,TRUE,7,"Lettuce","Unknown",TRUE,8.68,43.4,63,"Urban - High Density",TRUE
8006,1709,33,5,2023-04-27,TRUE,3,"Banana","All Seasons",TRUE,13.25,66.25,25,"Urban - High Density",FALSE
8007,1155,50,3,2023-01-29,TRUE,3,"Sweet Potato","Unknown",FALSE,1.01,3.03,26,"Urban - Medium Density",TRUE
8008,1648,35,0,2023-04-12,TRUE,7,"Hazelnut","All Seasons",TRUE,6.96,0,34,"Rural",FALSE
8009,517,24,2,2023-02-12,TRUE,-2,"Asparagus","Winter",FALSE,2.01,4.02,59,"Urban - High Density",FALSE
8010,582,1,0,2023-07-25,TRUE,5,"Strawberry","Unknown",TRUE,4.42,0,65,"Urban - High Density",TRUE
8011,389,18,8,2023-10-05,TRUE,4,"Apple","All Seasons",TRUE,14.07,112.56,56,"Rural",TRUE
8012,1677,32,0,2023-06-16,TRUE,6,"Raspberry","All Seasons",TRUE,12.49,0,36,"Urban - High Density",FALSE
8013,197,21,9,2023-09-06,TRUE,4,"Sweet Potato","All Seasons",TRUE,12.3,110.7,53,"Urban - High Density",FALSE
8014,1531,30,4,2023-01-13,TRUE,2,"Lychee","All Seasons",TRUE,1.21,4.84,58,"Urban - High Density",TRUE
8015,1919,5,-3,2023-08-21,TRUE,50,"Apricot","Summer",FALSE,10.18,-30.54,61,"Rural",FALSE
8016,1730,6,7,2023-10-27,TRUE,7,"Walnut","Summer",TRUE,-3.25,-22.75,56,"Urban - High Density",TRUE
8017,13,26,8,2023-05-23,TRUE,2,"Mango","Summer",TRUE,-1.79,-14.32,57,"Urban - Medium Density",FALSE
8018,1651,12,2,2023-05-30,TRUE,2,"Banana","All Seasons",TRUE,10.29,20.58,66,"Rural",FALSE
8019,1309,2,3,2023-09-09,TRUE,2,"Grape","Unknown",TRUE,10.56,31.68,53,"Urban - High Density",FALSE
8020,1558,15,3,2023-03-29,TRUE,5,"Cabbage","All Seasons",FALSE,3.34,10.02,52,"Rural",FALSE
8021,813,46,3,2023-12-25,TRUE,4,"Chestnut","All Seasons",TRUE,-4.08,-12.24,75,"Urban - High Density",TRUE
8022,842,45,7,2023-06-16,TRUE,4,"Apricot","All Seasons",TRUE,7.43,52.01,44,"Urban - High Density",TRUE
8023,1804,14,4,2023-02-10,TRUE,2,"Fig","Summer",TRUE,3.67,14.68,59,"Urban - High Density",FALSE
8024,717,14,2,2023-06-22,TRUE,7,"Fig","Summer",TRUE,3.67,7.34,77,"Urban - High Density",TRUE
8025,1731,5,-3,2023-10-30,TRUE,2,"Apricot","Summer",FALSE,10.18,-30.54,57,"",FALSE
8026,353,19,2,2023-04-29,TRUE,5,"Banana","Winter",TRUE,-0.17,-0.34,63,"Urban - High Density",TRUE
8027,1010,2,0,2023-11-18,TRUE,1,"Grape","Unknown",TRUE,10.56,0,65,"Urban - High Density",FALSE
8028,886,26,9,2023-08-05,TRUE,50,"Mango","Summer",TRUE,-1.79,-16.11,46,"Urban - High Density",TRUE
8029,1908,18,8,2023-02-06,TRUE,-2,"Apple","All Seasons",TRUE,14.07,112.56,71,"Rural",TRUE
8030,16,45,-3,2023-05-28,TRUE,6,"Apricot","All Seasons",TRUE,7.43,-22.29,58,"",TRUE
8031,786,18,3,2023-03-25,TRUE,1,"Apple","All Seasons",TRUE,14.07,42.21,64,"Urban - Medium Density",TRUE
8032,1041,17,4,2023-08-08,TRUE,5,"Pea","All Seasons",TRUE,-2.07,-8.28,61,"Rural",FALSE
8033,1809,2,-3,2023-03-13,TRUE,5,"Grape","Unknown",TRUE,10.56,-31.68,71,"Urban - High Density",FALSE
8034,1914,4,3,2023-08-07,TRUE,50,"Watermelon","Unknown",TRUE,12.08,36.24,53,"Unknown",TRUE
8035,596,6,8,2023-10-20,TRUE,2,"Walnut","Summer",TRUE,-3.25,-26,40,"Urban - High Density",FALSE
8036,1822,29,6,2023-11-29,TRUE,6,"Orange","Summer",FALSE,9.07,54.42,40,"Urban - Medium Density",TRUE
8037,1133,40,6,2023-10-24,TRUE,5,"Orange","Winter",FALSE,3.87,23.22,79,"Urban - High Density",TRUE
8038,1848,10,9,2023-10-07,TRUE,2,"Blueberry","Summer",FALSE,4.44,39.96,41,"Urban - Medium Density",TRUE
8039,940,7,6,2023-12-06,TRUE,6,"Lettuce","Unknown",TRUE,8.68,52.08,67,"Urban - Medium Density",FALSE
8040,353,50,2,2023-04-18,TRUE,6,"Sweet Potato","Unknown",FALSE,1.01,2.02,63,"Urban - High Density",TRUE
8041,1558,20,5,2023-11-21,TRUE,3,"Corn","All Seasons",TRUE,12.25,61.25,52,"Rural",FALSE
8042,862,40,4,2023-01-18,FALSE,7,"Orange","Winter",FALSE,3.87,15.48,33,"Urban - Medium Density",TRUE
8043,422,13,10,2023-11-03,TRUE,2,"Cucumber","All Seasons",NA,8.17,81.7,43,"Urban - Medium Density",TRUE
8044,357,44,7,2023-02-20,TRUE,1,"Apple","Summer",TRUE,9.24,64.68,79,"Urban - High Density",TRUE
8045,1442,43,8,2023-07-13,TRUE,6,"Pear","Unknown",TRUE,4.62,36.96,28,"Rural",TRUE
8046,1680,50,-3,2023-03-25,TRUE,3,"Sweet Potato","Unknown",FALSE,1.01,-3.03,69,"Urban - High Density",FALSE
8047,709,28,4,2023-12-04,TRUE,3,"Raspberry","Unknown",TRUE,14.97,59.88,31,"Rural",FALSE
8048,348,9,0,2023-09-09,TRUE,-2,"Onion","Unknown",TRUE,5.01,0,44,"Urban - High Density",FALSE
8049,298,41,1,2023-12-26,TRUE,7,"Strawberry","Summer",TRUE,4.94,4.94,31,"Urban - High Density",TRUE
8050,1772,15,2,2023-03-29,TRUE,-2,"Cabbage","All Seasons",FALSE,3.34,6.68,52,"Urban - High Density",FALSE
8051,589,47,3,2023-09-20,TRUE,1,"Mango","Summer",FALSE,2.32,6.96,67,"Urban - High Density",TRUE
8052,537,39,1,2023-07-28,TRUE,3,"Mango","All Seasons",TRUE,10.84,10.84,49,"Urban - High Density",FALSE
8053,687,1,8,2023-01-09,FALSE,50,"Strawberry","Unknown",TRUE,4.42,35.36,34,"Urban - High Density",FALSE
8054,1505,12,8,2023-05-27,TRUE,-2,"Banana","All Seasons",TRUE,10.29,82.32,76,"Urban - High Density",TRUE
8055,1501,39,5,2023-10-18,FALSE,1,"Mango","All Seasons",TRUE,10.84,54.2,53,"Urban - High Density",TRUE
8056,1407,9,6,2023-01-14,TRUE,3,"Onion","Unknown",TRUE,5.01,30.06,18,"Urban - High Density",FALSE
8057,837,47,5,2023-05-12,TRUE,50,"Mango","Summer",FALSE,2.32,11.6,120,"Urban - High Density",TRUE
8058,1017,49,4,2023-09-27,FALSE,-2,"Cherry","Summer",NA,1.84,7.36,25,"Urban - High Density",TRUE
8059,1879,44,-3,2023-11-02,TRUE,1,"Apple","Summer",TRUE,9.24,-27.72,48,"Urban - High Density",FALSE
8060,32,26,8,2023-11-16,TRUE,7,"Mango","Summer",TRUE,-1.79,-14.32,28,"Unknown",TRUE
8061,1202,18,7,2023-08-14,TRUE,2,"Apple","All Seasons",TRUE,14.07,98.49,26,"Urban - High Density",TRUE
8062,515,26,-3,2023-01-19,TRUE,7,"Mango","Summer",TRUE,-1.79,5.37,70,"Urban - Medium Density",FALSE
8063,1356,40,5,2023-06-16,TRUE,1,"Orange","Winter",FALSE,3.87,19.35,31,"Urban - Medium Density",NA
8064,181,19,5,2023-07-10,TRUE,1,"Banana","Winter",TRUE,-0.17,-0.85,68,"Urban - High Density",FALSE
8065,422,50,4,2023-12-14,TRUE,6,"Sweet Potato","Unknown",FALSE,1.01,4.04,43,"Urban - Medium Density",TRUE
8066,223,9,0,2023-07-09,TRUE,4,"Onion","Unknown",TRUE,5.01,0,57,"Urban - High Density",FALSE
8067,286,27,8,2023-12-19,TRUE,5,"Peach","Winter",TRUE,13.88,111.04,19,"Urban - Medium Density",TRUE
8068,1677,17,10,2023-05-04,TRUE,7,"Pea","All Seasons",TRUE,-2.07,-20.7,36,"Urban - High Density",FALSE
8069,1,49,0,2023-06-23,TRUE,6,"Cherry","Summer",NA,1.84,0,46,"Rural",FALSE
8070,310,15,9,2023-08-01,TRUE,6,"Cabbage","All Seasons",FALSE,3.34,30.06,70,"Urban - Medium Density",TRUE
8071,33,34,3,2023-06-26,TRUE,50,"Celery","Winter",TRUE,5.77,17.31,40,"Urban - High Density",TRUE
8072,631,4,10,2023-10-13,TRUE,2,"Watermelon","Unknown",TRUE,12.08,120.8,62,"Urban - High Density",TRUE
8073,1250,48,10,2023-10-24,TRUE,1,"Blueberry","Winter",TRUE,0.78,7.8,120,"Rural",TRUE
8074,487,34,0,2023-04-24,TRUE,2,"Celery","Winter",TRUE,5.77,0,19,"Rural",TRUE
8075,689,33,1,2023-09-08,TRUE,3,"Banana","All Seasons",TRUE,13.25,13.25,77,"Urban - High Density",FALSE
8076,1969,40,6,2023-09-01,TRUE,3,"Orange","Winter",FALSE,3.87,23.22,74,"Urban - High Density",TRUE
8077,1733,42,4,2023-01-27,TRUE,50,"Pomegranate","Winter",TRUE,10.95,43.8,38,"Unknown",FALSE
8078,941,35,3,2023-02-07,TRUE,6,"Hazelnut","All Seasons",TRUE,6.96,20.88,57,"Urban - High Density",FALSE
8079,189,24,2,2023-12-08,TRUE,3,"Asparagus","Winter",FALSE,2.01,4.02,39,"Urban - High Density",FALSE
8080,1410,34,9,2023-03-01,NA,2,"Celery","Winter",TRUE,5.77,51.93,76,"Urban - Medium Density",FALSE
8081,1769,47,1,2023-06-28,NA,2,"Mango","Summer",FALSE,2.32,2.32,62,"Urban - High Density",FALSE
8082,519,40,8,2023-10-06,TRUE,2,"Orange","Winter",FALSE,3.87,30.96,44,"Urban - Medium Density",TRUE
8083,1172,12,5,2023-04-11,TRUE,3,"Banana","All Seasons",TRUE,10.29,51.45,40,"Urban - High Density",TRUE
8084,1489,1,-3,2023-10-08,TRUE,3,"Strawberry","Unknown",TRUE,4.42,-13.26,18,"Urban - Medium Density",TRUE
8085,1743,36,5,2023-07-11,TRUE,2,"Raspberry","Summer",TRUE,5.87,29.35,51,"Urban - High Density",TRUE
8086,776,44,5,2023-12-07,TRUE,1,"Apple","Summer",TRUE,9.24,46.2,61,"Rural",TRUE
8087,1726,40,-3,2023-07-14,TRUE,-2,"Orange","Winter",FALSE,3.87,-11.61,47,"Urban - Medium Density",TRUE
8088,882,29,10,2023-09-06,TRUE,5,"Orange","Summer",FALSE,9.07,90.7,48,"Urban - High Density",FALSE
8089,824,16,10,2023-08-13,TRUE,3,"Chestnut","Summer",TRUE,3.39,33.9,75,"Urban - High Density",TRUE
8090,1823,7,7,2023-02-02,TRUE,-2,"Lettuce","Unknown",TRUE,8.68,60.76,5,"Urban - High Density",TRUE
8091,719,12,5,2023-12-04,TRUE,50,"Banana","All Seasons",TRUE,10.29,51.45,54,"Urban - High Density",FALSE
8092,1024,29,6,2023-07-16,TRUE,2,"Orange","Summer",FALSE,9.07,54.42,27,"",FALSE
8093,1483,33,2,2023-04-04,TRUE,1,"Banana","All Seasons",TRUE,13.25,26.5,76,"Unknown",TRUE
8094,64,44,10,2023-06-07,TRUE,50,"Apple","Summer",TRUE,9.24,92.4,65,"Urban - Medium Density",FALSE
8095,894,45,5,2023-07-25,TRUE,-2,"Apricot","All Seasons",TRUE,7.43,37.15,65,"Urban - Medium Density",FALSE
8096,1832,28,2,2023-10-17,TRUE,2,"Raspberry","Unknown",TRUE,14.97,29.94,33,"Rural",TRUE
8097,1001,38,2,2023-09-05,TRUE,2,"Apricot","Summer",TRUE,8.8,17.6,64,"Urban - High Density",FALSE
8098,1918,22,4,2023-07-06,TRUE,50,"Green Bean","All Seasons",FALSE,-4.21,-16.84,58,"Urban - High Density",TRUE
8099,1418,37,0,2023-02-22,TRUE,3,"Radish","Unknown",TRUE,7.32,0,27,"Urban - High Density",FALSE
8100,1876,21,1,2023-01-16,TRUE,2,"Sweet Potato","All Seasons",TRUE,12.3,12.3,71,"Urban - Medium Density",TRUE
8101,247,5,7,2023-08-14,TRUE,7,"Apricot","Summer",FALSE,10.18,71.26,43,"Urban - High Density",TRUE
8102,752,50,2,2023-10-02,TRUE,7,"Sweet Potato","Unknown",FALSE,1.01,2.02,39,"Rural",TRUE
8103,518,15,2,2023-08-12,TRUE,50,"Cabbage","All Seasons",FALSE,3.34,6.68,36,"Urban - High Density",FALSE
8104,1246,27,3,2023-10-29,FALSE,6,"Peach","Winter",TRUE,13.88,41.64,30,"Urban - Medium Density",FALSE
8105,1681,30,-3,2023-08-08,FALSE,4,"Lychee","All Seasons",TRUE,1.21,-3.63,27,"",TRUE
8106,1760,38,-3,2023-11-20,TRUE,2,"Apricot","Summer",TRUE,8.8,-26.4,49,"Urban - Medium Density",TRUE
8107,193,18,9,2023-12-29,TRUE,5,"Apple","All Seasons",TRUE,14.07,126.63,78,"Urban - High Density",FALSE
8108,579,9,8,2023-01-26,TRUE,-2,"Onion","Unknown",TRUE,5.01,40.08,39,"Urban - Medium Density",TRUE
8109,305,32,5,2023-01-08,TRUE,7,"Raspberry","All Seasons",TRUE,12.49,62.45,24,"Urban - High Density",TRUE
8110,886,17,10,2023-01-31,TRUE,7,"Pea","All Seasons",TRUE,-2.07,-20.7,46,"Urban - High Density",TRUE
8111,870,1,2,2023-12-18,TRUE,7,"Strawberry","Unknown",TRUE,4.42,8.84,49,"Urban - Medium Density",TRUE
8112,1048,43,-3,2023-04-30,TRUE,3,"Pear","Unknown",TRUE,4.62,-13.86,20,"Urban - High Density",NA
8113,142,8,9,2023-04-30,NA,-2,"Garlic","Winter",TRUE,3.66,32.94,47,"Rural",TRUE
8114,1634,5,1,2023-12-04,TRUE,7,"Apricot","Summer",FALSE,10.18,10.18,75,"Urban - Medium Density",TRUE
8115,1385,20,3,2023-09-28,TRUE,6,"Corn","All Seasons",TRUE,12.25,36.75,77,"Urban - High Density",TRUE
8116,237,12,-3,2023-01-26,TRUE,5,"Banana","All Seasons",TRUE,10.29,-30.87,45,"Urban - High Density",TRUE
8117,239,45,1,2023-10-26,TRUE,50,"Apricot","All Seasons",TRUE,7.43,7.43,31,"Urban - Medium Density",TRUE
8118,1609,41,10,2023-01-19,TRUE,4,"Strawberry","Summer",TRUE,4.94,49.4,61,"Urban - Medium Density",TRUE
8119,1870,10,0,2023-02-17,TRUE,4,"Blueberry","Summer",FALSE,4.44,0,52,"Rural",TRUE
8120,448,43,-3,2023-03-27,TRUE,-2,"Pear","Unknown",TRUE,4.62,-13.86,30,"",TRUE
8121,73,25,-3,2023-09-24,TRUE,3,"Broccoli","All Seasons",TRUE,3.11,-9.33,38,"Urban - High Density",TRUE
8122,512,45,1,2023-08-20,TRUE,4,"Apricot","All Seasons",TRUE,7.43,7.43,68,"Urban - Medium Density",NA
8123,1572,28,4,2023-08-10,TRUE,2,"Raspberry","Unknown",TRUE,14.97,59.88,32,"Urban - High Density",FALSE
8124,445,36,2,2023-02-10,TRUE,4,"Raspberry","Summer",TRUE,5.87,11.74,26,"Urban - Medium Density",FALSE
8125,724,21,5,2023-02-27,TRUE,2,"Sweet Potato","All Seasons",TRUE,12.3,61.5,41,"Rural",NA
8126,1988,37,8,2023-12-29,TRUE,4,"Radish","Unknown",TRUE,7.32,58.56,20,"Urban - Medium Density",TRUE
8127,395,41,-3,2023-10-24,TRUE,7,"Strawberry","Summer",TRUE,4.94,-14.82,72,"Urban - High Density",TRUE
8128,184,47,2,2023-09-14,TRUE,3,"Mango","Summer",FALSE,2.32,4.64,32,"Urban - High Density",FALSE
8129,745,10,7,2023-12-27,TRUE,2,"Blueberry","Summer",FALSE,4.44,31.08,61,"Urban - Medium Density",TRUE
8130,65,29,-3,2023-11-29,TRUE,1,"Orange","Summer",FALSE,9.07,-27.21,61,"Rural",TRUE
8131,1337,16,3,2023-02-16,TRUE,6,"Chestnut","Summer",TRUE,3.39,10.17,64,"Urban - Medium Density",FALSE
8132,897,25,9,2023-04-10,TRUE,5,"Broccoli","All Seasons",TRUE,3.11,27.99,66,"Urban - High Density",FALSE
8133,496,36,8,2023-08-30,TRUE,5,"Raspberry","Summer",TRUE,5.87,46.96,120,"Urban - High Density",FALSE
8134,509,16,0,2023-05-19,TRUE,50,"Chestnut","Summer",TRUE,3.39,0,33,"Urban - High Density",TRUE
8135,1046,5,5,2023-08-03,TRUE,50,"Apricot","Summer",FALSE,10.18,50.9,49,"Urban - High Density",TRUE
8136,1089,26,1,2023-05-20,TRUE,7,"Mango","Summer",TRUE,-1.79,-1.79,75,"Urban - High Density",TRUE
8137,996,26,5,2023-12-05,TRUE,5,"Mango","Summer",TRUE,-1.79,-8.95,48,"Rural",TRUE
8138,926,11,8,2023-08-16,TRUE,4,"Strawberry","Summer",TRUE,5.35,42.8,66,"Rural",FALSE
8139,1214,11,-3,2023-03-27,TRUE,5,"Strawberry","Summer",TRUE,5.35,-16.05,51,"Urban - High Density",TRUE
8140,962,15,0,2023-03-16,TRUE,5,"Cabbage","All Seasons",FALSE,3.34,0,46,"Urban - High Density",TRUE
8141,1588,23,1,2023-10-07,NA,4,"Corn","Winter",FALSE,1.53,1.53,64,"Urban - High Density",TRUE
8142,199,39,2,2023-07-23,TRUE,6,"Mango","All Seasons",TRUE,10.84,21.68,51,"Urban - High Density",TRUE
8143,435,14,6,2023-04-10,TRUE,1,"Fig","Summer",TRUE,3.67,22.02,76,"Urban - Medium Density",TRUE
8144,1493,45,-3,2023-10-08,TRUE,5,"Apricot","All Seasons",TRUE,7.43,-22.29,73,"Urban - Medium Density",FALSE
8145,871,19,8,2023-08-02,TRUE,1,"Banana","Winter",TRUE,-0.17,-1.36,43,"Rural",TRUE
8146,362,43,0,2023-06-29,TRUE,4,"Pear","Unknown",TRUE,4.62,0,55,"Urban - High Density",TRUE
8147,1159,14,3,2023-03-24,TRUE,-2,"Fig","Summer",TRUE,3.67,11.01,19,"Urban - High Density",FALSE
8148,863,41,2,2023-09-17,TRUE,7,"Strawberry","Summer",TRUE,4.94,9.88,39,"Urban - High Density",FALSE
8149,643,41,8,2023-02-04,TRUE,2,"Strawberry","Summer",TRUE,4.94,39.52,45,"Urban - Medium Density",TRUE
8150,1792,36,2,2023-07-20,TRUE,5,"Raspberry","Summer",TRUE,5.87,11.74,21,"Urban - Medium Density",FALSE
8151,421,24,3,2023-07-26,TRUE,6,"Asparagus","Winter",FALSE,2.01,6.03,29,"Urban - Medium Density",TRUE
8152,433,21,0,2023-10-01,TRUE,7,"Sweet Potato","All Seasons",TRUE,12.3,0,50,"Urban - High Density",FALSE
8153,1203,49,10,2023-01-21,TRUE,3,"Cherry","Summer",NA,1.84,18.4,120,"Urban - High Density",TRUE
8154,1991,7,6,2023-12-07,TRUE,6,"Lettuce","Unknown",TRUE,8.68,52.08,50,"Urban - High Density",TRUE
8155,1555,4,5,2023-09-24,TRUE,-2,"Watermelon","Unknown",TRUE,12.08,60.4,62,"Urban - Medium Density",TRUE
8156,229,31,7,2023-12-01,FALSE,50,"Chestnut","All Seasons",NA,0.13,0.91,23,"Urban - High Density",TRUE
8157,1389,19,0,2023-08-17,TRUE,2,"Banana","Winter",TRUE,-0.17,0,44,"Urban - High Density",TRUE
8158,1153,35,9,2023-10-15,TRUE,2,"Hazelnut","All Seasons",TRUE,6.96,62.64,26,"Rural",FALSE
8159,1410,3,6,2023-02-21,TRUE,4,"Raspberry","Unknown",FALSE,10.26,61.56,76,"Urban - Medium Density",FALSE
8160,1377,48,10,2023-04-14,TRUE,4,"Blueberry","Winter",TRUE,0.78,7.8,18,"Urban - High Density",TRUE
8161,1762,43,2,2023-12-13,TRUE,1,"Pear","Unknown",TRUE,4.62,9.24,19,"Urban - High Density",TRUE
8162,853,4,3,2023-09-16,TRUE,1,"Watermelon","Unknown",TRUE,12.08,36.24,34,"Urban - High Density",TRUE
8163,623,32,9,2023-12-07,TRUE,1,"Raspberry","All Seasons",TRUE,12.49,112.41,50,"Urban - Medium Density",TRUE
8164,824,50,4,2023-12-23,FALSE,1,"Sweet Potato","Unknown",FALSE,1.01,4.04,75,"Urban - High Density",TRUE
8165,1689,14,10,2023-08-03,TRUE,1,"Fig","Summer",TRUE,3.67,36.7,64,"Urban - High Density",TRUE
8166,1780,50,5,2023-05-21,TRUE,-2,"Sweet Potato","Unknown",FALSE,1.01,5.05,51,"Urban - High Density",FALSE
8167,1486,7,9,2023-12-15,TRUE,1,"Lettuce","Unknown",TRUE,8.68,78.12,52,"Urban - High Density",TRUE
8168,1830,1,0,2023-05-07,TRUE,2,"Strawberry","Unknown",TRUE,4.42,0,76,"Urban - Medium Density",TRUE
8169,55,25,0,2023-12-05,TRUE,4,"Broccoli","All Seasons",TRUE,3.11,0,27,"Urban - High Density",TRUE
8170,1203,29,4,2023-06-24,TRUE,7,"Orange","Summer",FALSE,9.07,36.28,120,"Urban - High Density",TRUE
8171,1888,12,6,2023-10-20,TRUE,2,"Banana","All Seasons",TRUE,10.29,61.74,60,"Urban - Medium Density",TRUE
8172,918,47,0,2023-05-20,TRUE,5,"Mango","Summer",FALSE,2.32,0,74,"Urban - Medium Density",NA
8173,737,46,3,2023-01-15,TRUE,2,"Chestnut","All Seasons",TRUE,-4.08,-12.24,46,"Urban - High Density",TRUE
8174,1302,6,2,2023-08-29,TRUE,6,"Walnut","Summer",TRUE,-3.25,-6.5,19,"Urban - High Density",TRUE
8175,837,50,10,2023-06-16,TRUE,2,"Sweet Potato","Unknown",FALSE,1.01,10.1,120,"Urban - High Density",TRUE
8176,1282,25,9,2023-10-17,TRUE,5,"Broccoli","All Seasons",TRUE,3.11,27.99,21,"Urban - Medium Density",FALSE
8177,675,12,5,2023-08-17,TRUE,50,"Banana","All Seasons",TRUE,10.29,51.45,20,"Rural",FALSE
8178,3,2,8,2023-02-10,TRUE,6,"Grape","Unknown",TRUE,10.56,84.48,29,"Urban - High Density",FALSE
8179,1828,41,0,2023-07-21,TRUE,6,"Strawberry","Summer",TRUE,4.94,0,63,"Urban - High Density",TRUE
8180,1659,32,4,2023-08-19,TRUE,3,"Raspberry","All Seasons",TRUE,12.49,49.96,62,"Urban - High Density",TRUE
8181,1827,46,4,2023-08-17,TRUE,5,"Chestnut","All Seasons",TRUE,-4.08,-16.32,29,"Rural",FALSE
8182,246,13,8,2023-03-01,TRUE,-2,"Cucumber","All Seasons",NA,8.17,65.36,68,"Urban - High Density",FALSE
8183,676,44,6,2023-07-03,TRUE,1,"Apple","Summer",TRUE,9.24,55.44,77,"Rural",FALSE
8184,731,23,0,2023-11-20,TRUE,50,"Corn","Winter",FALSE,1.53,0,62,"Rural",TRUE
8185,1434,11,7,2023-05-23,TRUE,50,"Strawberry","Summer",TRUE,5.35,37.45,68,"Rural",TRUE
8186,927,49,7,2023-08-06,TRUE,-2,"Cherry","Summer",NA,1.84,12.88,42,"Urban - High Density",FALSE
8187,654,35,1,2023-07-18,TRUE,3,"Hazelnut","All Seasons",TRUE,6.96,6.96,59,"Urban - Medium Density",TRUE
8188,1671,18,6,2023-11-06,TRUE,4,"Apple","All Seasons",TRUE,14.07,84.42,55,"Rural",TRUE
8189,1386,40,6,2023-04-14,TRUE,1,"Orange","Winter",FALSE,3.87,23.22,80,"Rural",TRUE
8190,1942,27,10,2023-09-13,TRUE,2,"Peach","Winter",TRUE,13.88,138.8,46,"Urban - High Density",TRUE
8191,1102,42,8,2023-12-26,TRUE,3,"Pomegranate","Winter",TRUE,10.95,87.6,77,"Urban - High Density",TRUE
8192,1938,50,7,2023-11-12,TRUE,4,"Sweet Potato","Unknown",FALSE,1.01,7.07,60,"Urban - Medium Density",TRUE
8193,1964,13,7,2023-11-25,TRUE,5,"Cucumber","All Seasons",NA,8.17,57.19,27,"Urban - Medium Density",NA
8194,1451,20,8,2023-02-04,TRUE,50,"Corn","All Seasons",TRUE,12.25,98,61,"Urban - High Density",TRUE
8195,1590,16,2,2023-06-11,TRUE,6,"Chestnut","Summer",TRUE,3.39,6.78,30,"Urban - High Density",TRUE
8196,649,20,8,2023-04-20,TRUE,2,"Corn","All Seasons",TRUE,12.25,98,74,"Urban - High Density",FALSE
8197,55,27,8,2023-07-23,TRUE,2,"Peach","Winter",TRUE,13.88,111.04,27,"Urban - High Density",TRUE
8198,883,38,8,2023-07-23,TRUE,-2,"Apricot","Summer",TRUE,8.8,70.4,39,"Urban - High Density",FALSE
8199,954,44,-3,2023-11-04,TRUE,5,"Apple","Summer",TRUE,9.24,-27.72,80,"Urban - Medium Density",FALSE
8200,1984,1,0,2023-10-02,TRUE,2,"Strawberry","Unknown",TRUE,4.42,0,32,"Urban - High Density",TRUE
8201,850,18,9,2023-12-13,TRUE,7,"Apple","All Seasons",TRUE,14.07,126.63,76,"Urban - High Density",FALSE
8202,1246,21,4,2023-08-08,TRUE,50,"Sweet Potato","All Seasons",TRUE,12.3,49.2,30,"Urban - Medium Density",FALSE
8203,1838,18,2,2023-10-05,TRUE,1,"Apple","All Seasons",TRUE,14.07,28.14,5,"Urban - High Density",TRUE
8204,356,36,0,2023-07-28,TRUE,-2,"Raspberry","Summer",TRUE,5.87,0,49,"Urban - Medium Density",TRUE
8205,1731,12,5,2023-10-27,TRUE,5,"Banana","All Seasons",TRUE,10.29,51.45,57,"",FALSE
8206,1086,25,8,2023-09-22,TRUE,-2,"Broccoli","All Seasons",TRUE,3.11,24.88,76,"Urban - High Density",TRUE
8207,568,28,8,2023-12-01,TRUE,50,"Raspberry","Unknown",TRUE,14.97,119.76,31,"Urban - Medium Density",TRUE
8208,1052,39,6,2023-08-24,TRUE,7,"Mango","All Seasons",TRUE,10.84,65.04,77,"Urban - Medium Density",TRUE
8209,820,22,8,2023-05-06,TRUE,1,"Green Bean","All Seasons",FALSE,-4.21,-33.68,56,"Urban - Medium Density",TRUE
8210,1126,22,0,2023-12-16,TRUE,2,"Green Bean","All Seasons",FALSE,-4.21,0,44,"Urban - High Density",FALSE
8211,245,21,6,2023-07-05,TRUE,50,"Sweet Potato","All Seasons",TRUE,12.3,73.8,27,"Urban - High Density",TRUE
8212,943,44,3,2023-02-14,TRUE,3,"Apple","Summer",TRUE,9.24,27.72,55,"Urban - Medium Density",FALSE
8213,289,20,5,2023-09-23,TRUE,7,"Corn","All Seasons",TRUE,12.25,61.25,39,"Rural",TRUE
8214,1292,11,4,2023-06-03,TRUE,4,"Strawberry","Summer",TRUE,5.35,21.4,79,"Urban - High Density",TRUE
8215,949,6,4,2023-12-18,TRUE,4,"Walnut","Summer",TRUE,-3.25,-13,29,"Urban - High Density",FALSE
8216,1759,32,6,2023-07-23,TRUE,1,"Raspberry","All Seasons",TRUE,12.49,74.94,32,"Rural",FALSE
8217,232,29,10,2023-06-18,TRUE,7,"Orange","Summer",FALSE,9.07,90.7,26,"Urban - High Density",NA
8218,616,42,0,2023-05-14,TRUE,1,"Pomegranate","Winter",TRUE,10.95,0,25,"Rural",TRUE
8219,157,26,1,2023-09-10,TRUE,2,"Mango","Summer",TRUE,-1.79,-1.79,21,"Urban - Medium Density",FALSE
8220,1813,14,2,2023-02-08,TRUE,2,"Fig","Summer",TRUE,3.67,7.34,65,"Urban - Medium Density",FALSE
8221,378,34,2,2023-12-30,TRUE,50,"Celery","Winter",TRUE,5.77,11.54,58,"Urban - High Density",TRUE
8222,1323,50,5,2023-04-10,TRUE,7,"Sweet Potato","Unknown",FALSE,1.01,5.05,55,"Urban - Medium Density",FALSE
8223,806,46,10,2023-04-04,TRUE,3,"Chestnut","All Seasons",TRUE,-4.08,-40.8,54,"Urban - High Density",FALSE
8224,619,30,7,2023-01-18,TRUE,7,"Lychee","All Seasons",TRUE,1.21,8.47,40,"Urban - High Density",FALSE
8225,393,31,9,2023-06-18,TRUE,5,"Chestnut","All Seasons",NA,0.13,1.17,56,"Urban - High Density",FALSE
8226,1752,8,0,2023-12-08,TRUE,4,"Garlic","Winter",TRUE,3.66,0,36,"Rural",TRUE
8227,259,40,2,2023-08-05,FALSE,5,"Orange","Winter",FALSE,3.87,7.74,25,"Urban - High Density",TRUE
8228,1776,36,4,2023-08-08,TRUE,3,"Raspberry","Summer",TRUE,5.87,23.48,65,"Urban - High Density",FALSE
8229,1424,45,10,2023-08-07,TRUE,6,"Apricot","All Seasons",TRUE,7.43,74.3,20,"Urban - Medium Density",TRUE
8230,660,47,8,2023-06-27,TRUE,5,"Mango","Summer",FALSE,2.32,18.56,33,"Urban - High Density",FALSE
8231,1732,40,4,2023-02-18,TRUE,6,"Orange","Winter",FALSE,3.87,15.48,54,"Urban - High Density",TRUE
8232,1292,47,0,2023-12-10,TRUE,5,"Mango","Summer",FALSE,2.32,0,79,"Urban - High Density",TRUE
8233,1160,24,9,2023-01-15,TRUE,3,"Asparagus","Winter",FALSE,2.01,18.09,56,"",TRUE
8234,1257,14,10,2023-11-16,TRUE,3,"Fig","Summer",TRUE,3.67,36.7,21,"Urban - High Density",FALSE
8235,1241,30,2,2023-04-07,TRUE,7,"Lychee","All Seasons",TRUE,1.21,2.42,40,"Urban - Medium Density",TRUE
8236,1794,5,0,2023-01-22,TRUE,4,"Apricot","Summer",FALSE,10.18,0,19,"Urban - Medium Density",FALSE
8237,1872,21,3,2023-01-01,TRUE,3,"Sweet Potato","All Seasons",TRUE,12.3,36.9,65,"Rural",FALSE
8238,375,2,7,2023-06-16,TRUE,4,"Grape","Unknown",TRUE,10.56,73.92,32,"Urban - High Density",TRUE
8239,60,3,8,2023-08-02,TRUE,3,"Raspberry","Unknown",FALSE,10.26,82.08,38,"Urban - Medium Density",TRUE
8240,990,20,0,2023-01-05,TRUE,5,"Corn","All Seasons",TRUE,12.25,0,42,"Urban - High Density",TRUE
8241,1332,11,2,2023-03-04,TRUE,-2,"Strawberry","Summer",TRUE,5.35,10.7,120,"Urban - Medium Density",TRUE
8242,958,26,10,2023-06-11,TRUE,6,"Mango","Summer",TRUE,-1.79,-17.9,74,"Urban - Medium Density",TRUE
8243,1171,43,9,2023-05-21,TRUE,6,"Pear","Unknown",TRUE,4.62,41.58,77,"Urban - High Density",NA
8244,1555,5,2,2023-04-29,TRUE,6,"Apricot","Summer",FALSE,10.18,20.36,62,"Urban - Medium Density",TRUE
8245,1686,30,10,2023-06-05,TRUE,7,"Lychee","All Seasons",TRUE,1.21,12.1,51,"Urban - High Density",TRUE
8246,657,21,2,2023-02-14,TRUE,-2,"Sweet Potato","All Seasons",TRUE,12.3,24.6,51,"Rural",TRUE
8247,1254,10,10,2023-05-27,TRUE,5,"Blueberry","Summer",FALSE,4.44,44.4,34,"Urban - Medium Density",FALSE
8248,952,8,2,2023-09-21,FALSE,4,"Garlic","Winter",TRUE,3.66,7.32,19,"Urban - Medium Density",FALSE
8249,1575,39,8,2023-05-10,TRUE,5,"Mango","All Seasons",TRUE,10.84,86.72,31,"Rural",FALSE
8250,329,8,6,2023-05-01,NA,5,"Garlic","Winter",TRUE,3.66,21.96,64,"Unknown",TRUE
8251,817,38,3,2023-01-25,TRUE,1,"Apricot","Summer",TRUE,8.8,26.4,37,"Rural",FALSE
8252,366,23,5,2023-09-26,TRUE,6,"Corn","Winter",FALSE,1.53,7.65,48,"Urban - High Density",TRUE
8253,1309,23,9,2023-02-17,FALSE,5,"Corn","Winter",FALSE,1.53,13.77,53,"Urban - High Density",FALSE
8254,1356,29,8,2023-01-16,TRUE,50,"Orange","Summer",FALSE,9.07,72.56,31,"Urban - Medium Density",NA
8255,133,46,7,2023-03-31,TRUE,6,"Chestnut","All Seasons",TRUE,-4.08,-28.56,25,"Urban - Medium Density",TRUE
8256,1273,23,3,2023-08-23,TRUE,7,"Corn","Winter",FALSE,1.53,4.59,72,"Urban - Medium Density",TRUE
8257,1792,10,3,2023-07-06,TRUE,50,"Blueberry","Summer",FALSE,4.44,13.32,21,"Urban - Medium Density",FALSE
8258,1708,28,10,2023-02-02,TRUE,1,"Raspberry","Unknown",TRUE,14.97,149.7,59,"Urban - High Density",TRUE
8259,373,17,5,2023-04-14,TRUE,6,"Pea","All Seasons",TRUE,-2.07,-10.35,45,"Urban - High Density",TRUE
8260,734,27,0,2023-03-19,TRUE,3,"Peach","Winter",TRUE,13.88,0,32,"Urban - High Density",FALSE
8261,763,43,0,2023-10-25,TRUE,50,"Pear","Unknown",TRUE,4.62,0,75,"Urban - High Density",FALSE
8262,836,12,10,2023-07-18,TRUE,3,"Banana","All Seasons",TRUE,10.29,102.9,42,"Urban - High Density",TRUE
8263,186,22,0,2023-06-24,TRUE,5,"Green Bean","All Seasons",FALSE,-4.21,0,64,"Urban - High Density",NA
8264,1891,1,-3,2023-11-22,TRUE,7,"Strawberry","Unknown",TRUE,4.42,-13.26,65,"Urban - High Density",TRUE
8265,1505,38,6,2023-11-29,TRUE,50,"Apricot","Summer",TRUE,8.8,52.8,76,"Urban - High Density",TRUE
8266,1948,38,5,2023-03-27,TRUE,7,"Apricot","Summer",TRUE,8.8,44,31,"Urban - Medium Density",TRUE
8267,171,7,4,2023-11-05,TRUE,4,"Lettuce","Unknown",TRUE,8.68,34.72,60,"Urban - Medium Density",FALSE
8268,925,13,-3,2023-01-20,TRUE,-2,"Cucumber","All Seasons",NA,8.17,-24.51,29,"Unknown",FALSE
8269,1481,17,4,2023-11-09,TRUE,5,"Pea","All Seasons",TRUE,-2.07,-8.28,23,"Urban - High Density",TRUE
8270,60,24,-3,2023-10-18,TRUE,7,"Asparagus","Winter",FALSE,2.01,-6.03,38,"Urban - Medium Density",TRUE
8271,713,3,9,2023-07-18,TRUE,4,"Raspberry","Unknown",FALSE,10.26,92.34,69,"Urban - High Density",FALSE
8272,1378,38,7,2023-12-07,TRUE,7,"Apricot","Summer",TRUE,8.8,61.6,60,"Urban - Medium Density",FALSE
8273,1002,19,2,2023-07-02,TRUE,6,"Banana","Winter",TRUE,-0.17,-0.34,23,"Urban - High Density",FALSE
8274,254,11,0,2023-09-08,TRUE,1,"Strawberry","Summer",TRUE,5.35,0,74,"Urban - Medium Density",FALSE
8275,468,36,7,2023-11-24,TRUE,-2,"Raspberry","Summer",TRUE,5.87,41.09,59,"Urban - High Density",FALSE
8276,1512,14,5,2023-12-20,TRUE,5,"Fig","Summer",TRUE,3.67,18.35,65,"Urban - Medium Density",TRUE
8277,1523,11,10,2023-09-14,FALSE,-2,"Strawberry","Summer",TRUE,5.35,53.5,80,"Urban - High Density",TRUE
8278,1156,31,-3,2023-11-22,TRUE,3,"Chestnut","All Seasons",NA,0.13,-0.39,32,"Urban - High Density",FALSE
8279,1606,1,4,2023-12-29,TRUE,-2,"Strawberry","Unknown",TRUE,4.42,17.68,30,"Urban - Medium Density",TRUE
8280,1295,24,7,2023-03-29,TRUE,-2,"Asparagus","Winter",FALSE,2.01,14.07,46,"Rural",FALSE
8281,1256,37,2,2023-02-06,TRUE,7,"Radish","Unknown",TRUE,7.32,14.64,20,"Urban - High Density",TRUE
8282,1271,34,7,2023-11-02,TRUE,3,"Celery","Winter",TRUE,5.77,40.39,31,"Urban - Medium Density",FALSE
8283,626,18,2,2023-09-15,TRUE,7,"Apple","All Seasons",TRUE,14.07,28.14,64,"Urban - High Density",TRUE
8284,1248,2,10,2023-09-09,TRUE,4,"Grape","Unknown",TRUE,10.56,105.6,39,"Urban - Medium Density",FALSE
8285,1960,25,-3,2023-03-15,TRUE,-2,"Broccoli","All Seasons",TRUE,3.11,-9.33,19,"Urban - High Density",FALSE
8286,1163,19,-3,2023-01-14,TRUE,5,"Banana","Winter",TRUE,-0.17,0.51,66,"Urban - Medium Density",TRUE
8287,419,26,10,2023-10-29,TRUE,4,"Mango","Summer",TRUE,-1.79,-17.9,68,"Urban - Medium Density",TRUE
8288,1745,21,4,2023-10-11,TRUE,5,"Sweet Potato","All Seasons",TRUE,12.3,49.2,75,"Urban - Medium Density",TRUE
8289,1990,31,5,2023-01-30,TRUE,5,"Chestnut","All Seasons",NA,0.13,0.65,27,"Rural",NA
8290,1513,23,8,2023-08-11,TRUE,6,"Corn","Winter",FALSE,1.53,12.24,43,"Urban - High Density",TRUE
8291,224,1,8,2023-08-19,TRUE,1,"Strawberry","Unknown",TRUE,4.42,35.36,41,"Urban - High Density",FALSE
8292,88,1,4,2023-05-18,TRUE,1,"Strawberry","Unknown",TRUE,4.42,17.68,24,"Urban - Medium Density",TRUE
8293,1796,49,3,2023-06-24,TRUE,6,"Cherry","Summer",NA,1.84,5.52,54,"Urban - Medium Density",TRUE
8294,20,41,2,2023-12-30,TRUE,50,"Strawberry","Summer",TRUE,4.94,9.88,24,"Urban - Medium Density",FALSE
8295,538,45,6,2023-11-22,TRUE,6,"Apricot","All Seasons",TRUE,7.43,44.58,46,"Urban - High Density",TRUE
8296,770,18,0,2023-10-08,TRUE,5,"Apple","All Seasons",TRUE,14.07,0,32,"Urban - High Density",TRUE
8297,1923,45,10,2023-04-10,TRUE,6,"Apricot","All Seasons",TRUE,7.43,74.3,44,"Urban - Medium Density",FALSE
8298,326,21,9,2023-08-17,TRUE,6,"Sweet Potato","All Seasons",TRUE,12.3,110.7,21,"Unknown",TRUE
8299,870,50,8,2023-07-15,TRUE,1,"Sweet Potato","Unknown",FALSE,1.01,8.08,49,"Urban - Medium Density",TRUE
8300,1589,15,2,2023-05-05,TRUE,-2,"Cabbage","All Seasons",FALSE,3.34,6.68,73,"Urban - High Density",FALSE
8301,1135,2,10,2023-06-13,TRUE,50,"Grape","Unknown",TRUE,10.56,105.6,41,"Unknown",TRUE
8302,1074,12,4,2023-06-02,TRUE,1,"Banana","All Seasons",TRUE,10.29,41.16,43,"Urban - High Density",FALSE
8303,620,40,1,2023-03-02,TRUE,5,"Orange","Winter",FALSE,3.87,3.87,67,"Urban - High Density",TRUE
8304,1259,31,2,2023-03-20,TRUE,2,"Chestnut","All Seasons",NA,0.13,0.26,27,"Urban - Medium Density",FALSE
8305,1424,40,0,2023-12-05,TRUE,2,"Orange","Winter",FALSE,3.87,0,20,"Urban - Medium Density",TRUE
8306,701,27,6,2023-01-05,TRUE,2,"Peach","Winter",TRUE,13.88,83.28,72,"Urban - Medium Density",TRUE
8307,327,46,9,2023-01-31,FALSE,2,"Chestnut","All Seasons",TRUE,-4.08,-36.72,43,"Urban - Medium Density",TRUE
8308,364,7,10,2023-08-25,TRUE,2,"Lettuce","Unknown",TRUE,8.68,86.8,37,"Rural",FALSE
8309,1411,47,-3,2023-04-26,TRUE,7,"Mango","Summer",FALSE,2.32,-6.96,74,"Urban - High Density",TRUE
8310,384,29,6,2023-11-09,TRUE,3,"Orange","Summer",FALSE,9.07,54.42,48,"Urban - High Density",NA
8311,251,40,5,2023-06-27,TRUE,50,"Orange","Winter",FALSE,3.87,19.35,21,"Rural",FALSE
8312,1542,40,3,2023-05-11,TRUE,6,"Orange","Winter",FALSE,3.87,11.61,50,"Urban - Medium Density",TRUE
8313,227,5,6,2023-10-20,TRUE,50,"Apricot","Summer",FALSE,10.18,61.08,35,"Urban - Medium Density",FALSE
8314,91,23,5,2023-05-14,TRUE,50,"Corn","Winter",FALSE,1.53,7.65,54,"Urban - High Density",FALSE
8315,87,25,2,2023-06-29,TRUE,-2,"Broccoli","All Seasons",TRUE,3.11,6.22,69,"Urban - Medium Density",TRUE
8316,1000,45,3,2023-08-22,TRUE,1,"Apricot","All Seasons",TRUE,7.43,22.29,27,"Urban - Medium Density",FALSE
8317,1516,34,2,2023-04-07,TRUE,7,"Celery","Winter",TRUE,5.77,11.54,70,"Urban - Medium Density",TRUE
8318,268,23,1,2023-12-22,TRUE,7,"Corn","Winter",FALSE,1.53,1.53,20,"Urban - High Density",FALSE
8319,297,24,0,2023-05-08,TRUE,2,"Asparagus","Winter",FALSE,2.01,0,62,"Urban - High Density",TRUE
8320,264,46,4,2023-03-28,TRUE,7,"Chestnut","All Seasons",TRUE,-4.08,-16.32,24,"Rural",TRUE
8321,240,20,2,2023-05-08,TRUE,4,"Corn","All Seasons",TRUE,12.25,24.5,51,"Urban - High Density",FALSE
8322,493,35,0,2023-09-14,TRUE,2,"Hazelnut","All Seasons",TRUE,6.96,0,55,"Rural",TRUE
8323,161,11,8,2023-09-11,TRUE,3,"Strawberry","Summer",TRUE,5.35,42.8,52,"Urban - High Density",FALSE
8324,743,46,5,2023-05-26,TRUE,50,"Chestnut","All Seasons",TRUE,-4.08,-20.4,56,"Urban - Medium Density",TRUE
8325,1378,21,10,2023-09-19,TRUE,1,"Sweet Potato","All Seasons",TRUE,12.3,123,60,"Urban - Medium Density",FALSE
8326,6,2,0,2023-09-09,TRUE,5,"Grape","Unknown",TRUE,10.56,0,58,"Urban - High Density",TRUE
8327,501,15,7,2023-01-21,TRUE,4,"Cabbage","All Seasons",FALSE,3.34,23.38,70,"Urban - High Density",TRUE
8328,104,20,0,2023-04-01,TRUE,50,"Corn","All Seasons",TRUE,12.25,0,74,"Urban - High Density",NA
8329,1256,49,6,2023-06-13,TRUE,4,"Cherry","Summer",NA,1.84,11.04,20,"Urban - High Density",TRUE
8330,922,15,10,2023-11-10,TRUE,4,"Cabbage","All Seasons",FALSE,3.34,33.4,19,"Urban - High Density",TRUE
8331,1492,38,9,2023-04-21,TRUE,-2,"Apricot","Summer",TRUE,8.8,79.2,55,"Rural",TRUE
8332,1638,39,7,2023-06-08,TRUE,5,"Mango","All Seasons",TRUE,10.84,75.88,53,"Rural",TRUE
8333,1960,38,5,2023-03-13,TRUE,50,"Apricot","Summer",TRUE,8.8,44,19,"Urban - High Density",FALSE
8334,1283,4,-3,2023-10-18,TRUE,50,"Watermelon","Unknown",TRUE,12.08,-36.24,37,"Urban - High Density",FALSE
8335,1650,9,5,2023-09-23,TRUE,5,"Onion","Unknown",TRUE,5.01,25.05,33,"Urban - High Density",FALSE
8336,177,44,10,2023-01-17,TRUE,6,"Apple","Summer",TRUE,9.24,92.4,63,"Urban - High Density",TRUE
8337,1392,17,4,2023-12-21,TRUE,-2,"Pea","All Seasons",TRUE,-2.07,-8.28,41,"Rural",TRUE
8338,1313,7,0,2023-09-14,TRUE,3,"Lettuce","Unknown",TRUE,8.68,0,69,"Urban - High Density",TRUE
8339,458,28,3,2023-07-02,TRUE,5,"Raspberry","Unknown",TRUE,14.97,44.91,47,"Urban - Medium Density",FALSE
8340,1671,19,10,2023-08-30,TRUE,2,"Banana","Winter",TRUE,-0.17,-1.7,55,"Rural",TRUE
8341,1616,11,9,2023-10-25,TRUE,7,"Strawberry","Summer",TRUE,5.35,48.15,35,"Urban - High Density",FALSE
8342,1939,32,9,2023-03-27,FALSE,4,"Raspberry","All Seasons",TRUE,12.49,112.41,60,"Rural",FALSE
8343,277,21,-3,2023-01-16,TRUE,50,"Sweet Potato","All Seasons",TRUE,12.3,-36.9,55,"Urban - High Density",TRUE
8344,1252,27,6,2023-06-22,TRUE,-2,"Peach","Winter",TRUE,13.88,83.28,120,"Urban - High Density",TRUE
8345,875,25,1,2023-11-19,TRUE,1,"Broccoli","All Seasons",TRUE,3.11,3.11,36,"Urban - Medium Density",TRUE
8346,222,48,0,2023-08-11,TRUE,50,"Blueberry","Winter",TRUE,0.78,0,55,"Urban - Medium Density",FALSE
8347,1161,29,0,2023-09-25,TRUE,7,"Orange","Summer",FALSE,9.07,0,63,"Urban - Medium Density",FALSE
8348,1770,26,5,2023-11-06,FALSE,-2,"Mango","Summer",TRUE,-1.79,-8.95,19,"Urban - High Density",TRUE
8349,286,37,0,2023-06-29,TRUE,2,"Radish","Unknown",TRUE,7.32,0,19,"Urban - Medium Density",TRUE
8350,236,2,10,2023-04-12,TRUE,-2,"Grape","Unknown",TRUE,10.56,105.6,46,"Urban - Medium Density",NA
8351,1471,20,9,2023-01-12,TRUE,-2,"Corn","All Seasons",TRUE,12.25,110.25,22,"Urban - High Density",FALSE
8352,259,30,4,2023-08-20,TRUE,1,"Lychee","All Seasons",TRUE,1.21,4.84,25,"Urban - High Density",TRUE
8353,71,28,1,2023-03-05,TRUE,4,"Raspberry","Unknown",TRUE,14.97,14.97,39,"Urban - High Density",TRUE
8354,1780,13,1,2023-11-09,TRUE,4,"Cucumber","All Seasons",NA,8.17,8.17,51,"Urban - High Density",FALSE
8355,1688,6,6,2023-02-11,TRUE,1,"Walnut","Summer",TRUE,-3.25,-19.5,55,"Urban - High Density",FALSE
8356,1604,5,9,2023-02-26,TRUE,-2,"Apricot","Summer",FALSE,10.18,91.62,46,"Urban - Medium Density",FALSE
8357,781,47,6,2023-07-30,TRUE,5,"Mango","Summer",FALSE,2.32,13.92,67,"Urban - High Density",FALSE
8358,449,31,0,2023-03-10,TRUE,4,"Chestnut","All Seasons",NA,0.13,0,67,"Unknown",NA
8359,467,15,-3,2023-02-01,TRUE,50,"Cabbage","All Seasons",FALSE,3.34,-10.02,79,"Urban - High Density",TRUE
8360,1725,25,7,2023-03-12,TRUE,6,"Broccoli","All Seasons",TRUE,3.11,21.77,61,"Rural",FALSE
8361,912,12,1,2023-10-11,FALSE,50,"Banana","All Seasons",TRUE,10.29,10.29,49,"Unknown",TRUE
8362,907,28,4,2023-05-05,TRUE,7,"Raspberry","Unknown",TRUE,14.97,59.88,32,"Urban - High Density",FALSE
8363,1182,18,-3,2023-03-28,TRUE,7,"Apple","All Seasons",TRUE,14.07,-42.21,49,"Urban - Medium Density",TRUE
8364,586,13,1,2023-06-25,TRUE,7,"Cucumber","All Seasons",NA,8.17,8.17,78,"Urban - High Density",TRUE
8365,100,16,5,2023-08-14,FALSE,50,"Chestnut","Summer",TRUE,3.39,16.95,67,"Rural",TRUE
8366,759,42,4,2023-07-17,TRUE,4,"Pomegranate","Winter",TRUE,10.95,43.8,27,"Rural",FALSE
8367,1974,47,0,2023-06-04,TRUE,5,"Mango","Summer",FALSE,2.32,0,50,"Urban - High Density",NA
8368,1883,28,2,2023-08-05,TRUE,50,"Raspberry","Unknown",TRUE,14.97,29.94,57,"Urban - Medium Density",FALSE
8369,1451,16,7,2023-04-19,TRUE,50,"Chestnut","Summer",TRUE,3.39,23.73,61,"Urban - High Density",TRUE
8370,851,20,1,2023-05-05,TRUE,7,"Corn","All Seasons",TRUE,12.25,12.25,56,"Urban - High Density",TRUE
8371,1295,34,0,2023-01-13,TRUE,7,"Celery","Winter",TRUE,5.77,0,46,"Rural",FALSE
8372,59,47,10,2023-02-20,TRUE,1,"Mango","Summer",FALSE,2.32,23.2,29,"Urban - High Density",FALSE
8373,343,18,2,2023-01-10,TRUE,50,"Apple","All Seasons",TRUE,14.07,28.14,51,"Urban - High Density",FALSE
8374,1849,24,-3,2023-06-30,TRUE,3,"Asparagus","Winter",FALSE,2.01,-6.03,72,"Urban - Medium Density",TRUE
8375,1786,27,0,2023-08-24,TRUE,6,"Peach","Winter",TRUE,13.88,0,76,"Rural",TRUE
8376,1673,23,5,2023-07-07,TRUE,-2,"Corn","Winter",FALSE,1.53,7.65,52,"",FALSE
8377,1011,45,10,2023-08-22,TRUE,7,"Apricot","All Seasons",TRUE,7.43,74.3,57,"Urban - High Density",TRUE
8378,590,18,5,2023-01-19,TRUE,5,"Apple","All Seasons",TRUE,14.07,70.35,50,"Unknown",FALSE
8379,1318,36,10,NA,TRUE,7,"Raspberry","Summer",TRUE,5.87,58.7,26,"Unknown",TRUE
8380,183,48,7,2023-12-16,TRUE,5,"Blueberry","Winter",TRUE,0.78,5.46,78,"Urban - High Density",FALSE
8381,1545,11,0,2023-04-07,TRUE,4,"Strawberry","Summer",TRUE,5.35,0,54,"Urban - High Density",FALSE
8382,809,46,5,2023-09-20,TRUE,7,"Chestnut","All Seasons",TRUE,-4.08,-20.4,55,"Urban - Medium Density",FALSE
8383,653,38,8,2023-11-19,TRUE,1,"Apricot","Summer",TRUE,8.8,70.4,5,"Urban - Medium Density",FALSE
8384,528,42,9,2023-09-04,TRUE,6,"Pomegranate","Winter",TRUE,10.95,98.55,120,"Urban - High Density",TRUE
8385,991,16,4,2023-03-31,TRUE,4,"Chestnut","Summer",TRUE,3.39,13.56,77,"Urban - High Density",TRUE
8386,360,40,7,2023-12-16,TRUE,5,"Orange","Winter",FALSE,3.87,27.09,35,"Urban - High Density",NA
8387,340,2,8,2023-10-24,TRUE,2,"Grape","Unknown",TRUE,10.56,84.48,22,"Urban - Medium Density",TRUE
8388,1146,41,8,2023-05-09,TRUE,2,"Strawberry","Summer",TRUE,4.94,39.52,71,"Urban - High Density",TRUE
8389,804,42,-3,2023-01-20,TRUE,7,"Pomegranate","Winter",TRUE,10.95,-32.85,56,"Urban - High Density",FALSE
8390,1798,5,2,2023-05-16,TRUE,4,"Apricot","Summer",FALSE,10.18,20.36,78,"Rural",TRUE
8391,1599,17,3,2023-09-06,TRUE,1,"Pea","All Seasons",TRUE,-2.07,-6.21,53,"Rural",TRUE
8392,246,8,5,2023-12-20,TRUE,50,"Garlic","Winter",TRUE,3.66,18.3,68,"Urban - High Density",FALSE
8393,1439,10,3,2023-09-04,TRUE,1,"Blueberry","Summer",FALSE,4.44,13.32,42,"Urban - High Density",TRUE
8394,534,2,0,2023-01-30,TRUE,3,"Grape","Unknown",TRUE,10.56,0,30,"Urban - High Density",FALSE
8395,1630,27,0,2023-04-05,TRUE,50,"Peach","Winter",TRUE,13.88,0,42,"Urban - Medium Density",FALSE
8396,894,31,2,2023-09-17,TRUE,1,"Chestnut","All Seasons",NA,0.13,0.26,65,"Urban - Medium Density",FALSE
8397,819,9,4,2023-07-16,TRUE,2,"Onion","Unknown",TRUE,5.01,20.04,62,"Rural",FALSE
8398,1776,4,2,2023-10-23,TRUE,2,"Watermelon","Unknown",TRUE,12.08,24.16,65,"Urban - High Density",FALSE
8399,673,3,5,2023-02-14,TRUE,2,"Raspberry","Unknown",FALSE,10.26,51.3,37,"Urban - High Density",FALSE
8400,1547,2,-3,2023-11-14,TRUE,6,"Grape","Unknown",TRUE,10.56,-31.68,78,"Urban - High Density",TRUE
8401,936,17,4,2023-06-20,TRUE,1,"Pea","All Seasons",TRUE,-2.07,-8.28,77,"Urban - High Density",TRUE
8402,1314,48,1,2023-03-30,TRUE,3,"Blueberry","Winter",TRUE,0.78,0.78,25,"Urban - Medium Density",FALSE
8403,309,38,4,2023-09-13,TRUE,50,"Apricot","Summer",TRUE,8.8,35.2,76,"Urban - High Density",TRUE
8404,101,34,8,2023-10-11,TRUE,4,"Celery","Winter",TRUE,5.77,46.16,37,"Urban - High Density",TRUE
8405,872,28,7,2023-02-24,TRUE,50,"Raspberry","Unknown",TRUE,14.97,104.79,51,"Urban - Medium Density",FALSE
8406,1364,34,10,2023-08-21,TRUE,7,"Celery","Winter",TRUE,5.77,57.7,39,"Urban - Medium Density",FALSE
8407,1501,6,6,2023-02-05,TRUE,5,"Walnut","Summer",TRUE,-3.25,-19.5,53,"Urban - High Density",TRUE
8408,1180,36,5,2023-11-13,FALSE,4,"Raspberry","Summer",TRUE,5.87,29.35,27,"Urban - High Density",TRUE
8409,1151,30,1,2023-08-01,TRUE,7,"Lychee","All Seasons",TRUE,1.21,1.21,43,"Urban - Medium Density",FALSE
8410,1760,39,-3,2023-11-12,TRUE,5,"Mango","All Seasons",TRUE,10.84,-32.52,49,"Urban - Medium Density",TRUE
8411,1517,15,7,2023-07-26,TRUE,2,"Cabbage","All Seasons",FALSE,3.34,23.38,34,"Urban - High Density",TRUE
8412,155,46,7,2023-02-07,TRUE,1,"Chestnut","All Seasons",TRUE,-4.08,-28.56,41,"Urban - High Density",FALSE
8413,1489,33,-3,2023-11-23,TRUE,50,"Banana","All Seasons",TRUE,13.25,-39.75,18,"Urban - Medium Density",TRUE
8414,1742,14,6,2023-01-30,TRUE,7,"Fig","Summer",TRUE,3.67,22.02,58,"Urban - High Density",TRUE
8415,842,17,1,2023-11-12,TRUE,3,"Pea","All Seasons",TRUE,-2.07,-2.07,44,"Urban - High Density",TRUE
8416,1795,37,2,2023-05-27,NA,50,"Radish","Unknown",TRUE,7.32,14.64,53,"Urban - High Density",FALSE
8417,820,19,5,2023-11-02,TRUE,5,"Banana","Winter",TRUE,-0.17,-0.85,56,"Urban - Medium Density",TRUE
8418,1944,28,-3,2023-03-27,TRUE,-2,"Raspberry","Unknown",TRUE,14.97,-44.91,74,"Urban - Medium Density",FALSE
8419,647,29,0,2023-03-31,TRUE,50,"Orange","Summer",FALSE,9.07,0,54,"Urban - Medium Density",TRUE
8420,133,32,5,2023-10-06,TRUE,50,"Raspberry","All Seasons",TRUE,12.49,62.45,25,"Urban - Medium Density",TRUE
8421,1746,4,4,2023-01-31,TRUE,50,"Watermelon","Unknown",TRUE,12.08,48.32,32,"Urban - High Density",TRUE
8422,867,45,1,2023-11-17,TRUE,5,"Apricot","All Seasons",TRUE,7.43,7.43,46,"Urban - High Density",FALSE
8423,175,23,1,2023-10-08,FALSE,3,"Corn","Winter",FALSE,1.53,1.53,21,"Rural",TRUE
8424,674,27,6,2023-05-16,TRUE,1,"Peach","Winter",TRUE,13.88,83.28,32,"Urban - High Density",FALSE
8425,113,48,6,2023-09-06,TRUE,6,"Blueberry","Winter",TRUE,0.78,4.68,60,"Urban - High Density",TRUE
8426,930,11,1,2023-04-30,TRUE,1,"Strawberry","Summer",TRUE,5.35,5.35,53,"Rural",TRUE
8427,1822,5,9,2023-08-14,TRUE,5,"Apricot","Summer",FALSE,10.18,91.62,40,"Urban - Medium Density",TRUE
8428,1218,10,2,2023-06-03,TRUE,50,"Blueberry","Summer",FALSE,4.44,8.88,120,"Urban - Medium Density",TRUE
8429,1386,44,1,2023-11-14,TRUE,6,"Apple","Summer",TRUE,9.24,9.24,80,"Rural",TRUE
8430,940,39,5,2023-10-14,TRUE,7,"Mango","All Seasons",TRUE,10.84,54.2,67,"Urban - Medium Density",FALSE
8431,1831,43,2,2023-09-14,FALSE,3,"Pear","Unknown",TRUE,4.62,9.24,23,"Urban - High Density",TRUE
8432,1506,34,0,2023-07-11,TRUE,2,"Celery","Winter",TRUE,5.77,0,36,"Rural",TRUE
8433,636,2,8,2023-11-15,TRUE,5,"Grape","Unknown",TRUE,10.56,84.48,54,"Urban - Medium Density",FALSE
8434,1561,45,9,2023-02-06,TRUE,1,"Apricot","All Seasons",TRUE,7.43,66.87,38,"Rural",TRUE
8435,1143,2,3,2023-11-05,TRUE,50,"Grape","Unknown",TRUE,10.56,31.68,65,"Urban - High Density",TRUE
8436,1698,15,6,2023-04-25,TRUE,6,"Cabbage","All Seasons",FALSE,3.34,20.04,19,"Rural",TRUE
8437,573,18,5,2023-04-21,TRUE,50,"Apple","All Seasons",TRUE,14.07,70.35,58,"Urban - High Density",TRUE
8438,1069,12,10,2023-05-03,TRUE,5,"Banana","All Seasons",TRUE,10.29,102.9,5,"Rural",FALSE
8439,1515,41,10,2023-08-21,TRUE,4,"Strawberry","Summer",TRUE,4.94,49.4,73,"Urban - High Density",FALSE
8440,1914,24,6,2023-11-21,TRUE,50,"Asparagus","Winter",FALSE,2.01,12.06,53,"Unknown",TRUE
8441,1146,21,6,2023-06-29,TRUE,7,"Sweet Potato","All Seasons",TRUE,12.3,73.8,71,"Urban - High Density",TRUE
8442,1551,11,7,2023-04-10,TRUE,50,"Strawberry","Summer",TRUE,5.35,37.45,63,"Urban - High Density",TRUE
8443,515,13,2,2023-12-31,TRUE,4,"Cucumber","All Seasons",NA,8.17,16.34,70,"Urban - Medium Density",FALSE
8444,1847,23,10,2023-10-13,TRUE,5,"Corn","Winter",FALSE,1.53,15.3,19,"Urban - High Density",FALSE
8445,1743,7,0,2023-02-15,TRUE,6,"Lettuce","Unknown",TRUE,8.68,0,51,"Urban - High Density",TRUE
8446,836,36,6,2023-06-04,FALSE,2,"Raspberry","Summer",TRUE,5.87,35.22,42,"Urban - High Density",TRUE
8447,1501,2,9,2023-02-28,TRUE,6,"Grape","Unknown",TRUE,10.56,95.04,53,"Urban - High Density",TRUE
8448,144,12,1,2023-09-03,TRUE,5,"Banana","All Seasons",TRUE,10.29,10.29,72,"Rural",FALSE
8449,712,37,3,2023-09-10,TRUE,5,"Radish","Unknown",TRUE,7.32,21.96,52,"Urban - High Density",TRUE
8450,1917,4,8,2023-06-15,NA,3,"Watermelon","Unknown",TRUE,12.08,96.64,19,"Urban - Medium Density",NA
8451,1457,22,-3,2023-03-21,TRUE,6,"Green Bean","All Seasons",FALSE,-4.21,12.63,30,"Urban - Medium Density",FALSE
8452,1510,1,5,2023-12-13,TRUE,6,"Strawberry","Unknown",TRUE,4.42,22.1,62,"Urban - Medium Density",NA
8453,1929,6,1,2023-07-22,TRUE,1,"Walnut","Summer",TRUE,-3.25,-3.25,56,"Rural",TRUE
8454,83,6,9,2023-01-24,TRUE,50,"Walnut","Summer",TRUE,-3.25,-29.25,36,"Urban - High Density",TRUE
8455,215,44,8,2023-02-03,TRUE,7,"Apple","Summer",TRUE,9.24,73.92,27,"Urban - High Density",TRUE
8456,1125,49,5,2023-01-01,TRUE,2,"Cherry","Summer",NA,1.84,9.2,66,"Urban - Medium Density",FALSE
8457,852,43,0,2023-07-05,TRUE,3,"Pear","Unknown",TRUE,4.62,0,40,"Urban - Medium Density",FALSE
8458,1241,27,0,2023-08-26,TRUE,4,"Peach","Winter",TRUE,13.88,0,40,"Urban - Medium Density",TRUE
8459,1000,37,5,2023-02-17,TRUE,7,"Radish","Unknown",TRUE,7.32,36.6,27,"Urban - Medium Density",FALSE
8460,1135,19,7,2023-01-10,FALSE,4,"Banana","Winter",TRUE,-0.17,-1.19,41,"Unknown",TRUE
8461,628,33,-3,2023-08-26,TRUE,1,"Banana","All Seasons",TRUE,13.25,-39.75,44,"Urban - High Density",NA
8462,418,13,3,2023-05-28,TRUE,-2,"Cucumber","All Seasons",NA,8.17,24.51,23,"Urban - High Density",TRUE
8463,1094,48,9,2023-03-18,TRUE,4,"Blueberry","Winter",TRUE,0.78,7.02,66,"Urban - Medium Density",TRUE
8464,295,5,9,2023-02-16,TRUE,50,"Apricot","Summer",FALSE,10.18,91.62,61,"Urban - Medium Density",TRUE
8465,107,5,7,2023-02-06,TRUE,6,"Apricot","Summer",FALSE,10.18,71.26,23,"Urban - High Density",FALSE
8466,470,34,8,2023-11-12,TRUE,-2,"Celery","Winter",TRUE,5.77,46.16,47,"Urban - High Density",FALSE
8467,698,7,4,2023-12-18,TRUE,7,"Lettuce","Unknown",TRUE,8.68,34.72,46,"Urban - High Density",FALSE
8468,1121,47,1,2023-08-23,TRUE,2,"Mango","Summer",FALSE,2.32,2.32,25,"Urban - High Density",TRUE
8469,602,10,2,2023-12-22,TRUE,2,"Blueberry","Summer",FALSE,4.44,8.88,44,"Urban - High Density",FALSE
8470,370,32,8,2023-02-03,TRUE,6,"Raspberry","All Seasons",TRUE,12.49,99.92,61,"Urban - Medium Density",FALSE
8471,966,39,4,2023-08-12,TRUE,3,"Mango","All Seasons",TRUE,10.84,43.36,32,"Urban - High Density",TRUE
8472,419,21,7,2023-12-18,TRUE,-2,"Sweet Potato","All Seasons",TRUE,12.3,86.1,68,"Urban - Medium Density",TRUE
8473,1456,20,3,2023-07-11,TRUE,3,"Corn","All Seasons",TRUE,12.25,36.75,23,"Urban - Medium Density",FALSE
8474,249,6,6,2023-01-23,TRUE,4,"Walnut","Summer",TRUE,-3.25,-19.5,62,"Urban - Medium Density",FALSE
8475,684,35,3,2023-12-22,TRUE,1,"Hazelnut","All Seasons",TRUE,6.96,20.88,120,"Urban - Medium Density",TRUE
8476,764,25,3,2023-04-08,TRUE,50,"Broccoli","All Seasons",TRUE,3.11,9.33,60,"Urban - High Density",TRUE
8477,653,2,10,2023-05-19,TRUE,2,"Grape","Unknown",TRUE,10.56,105.6,5,"Urban - Medium Density",FALSE
8478,1414,3,2,2023-10-30,TRUE,-2,"Raspberry","Unknown",FALSE,10.26,20.52,32,"Urban - High Density",FALSE
8479,839,9,5,2023-11-13,TRUE,1,"Onion","Unknown",TRUE,5.01,25.05,70,"Urban - High Density",TRUE
8480,1742,38,1,2023-04-23,TRUE,3,"Apricot","Summer",TRUE,8.8,8.8,58,"Urban - High Density",TRUE
8481,1508,37,6,2023-08-07,TRUE,3,"Radish","Unknown",TRUE,7.32,43.92,35,"Urban - High Density",FALSE
8482,1915,37,3,2023-11-21,TRUE,6,"Radish","Unknown",TRUE,7.32,21.96,80,"Urban - Medium Density",NA
8483,769,40,5,2023-02-07,TRUE,7,"Orange","Winter",FALSE,3.87,19.35,120,"Rural",FALSE
8484,134,47,2,2023-12-30,TRUE,50,"Mango","Summer",FALSE,2.32,4.64,68,"Urban - High Density",FALSE
8485,1938,41,6,2023-03-31,TRUE,1,"Strawberry","Summer",TRUE,4.94,29.64,60,"Urban - Medium Density",TRUE
8486,1552,5,5,2023-07-21,TRUE,5,"Apricot","Summer",FALSE,10.18,50.9,46,"Rural",FALSE
8487,981,44,4,2023-07-04,TRUE,4,"Apple","Summer",TRUE,9.24,36.96,73,"Rural",NA
8488,1494,7,5,2023-08-02,TRUE,3,"Lettuce","Unknown",TRUE,8.68,43.4,18,"Urban - High Density",FALSE
8489,841,40,7,2023-07-18,TRUE,1,"Orange","Winter",FALSE,3.87,27.09,43,"Urban - Medium Density",FALSE
8490,494,17,2,2023-08-06,TRUE,7,"Pea","All Seasons",TRUE,-2.07,-4.14,28,"Urban - Medium Density",TRUE
8491,45,30,6,2023-01-09,TRUE,5,"Lychee","All Seasons",TRUE,1.21,7.26,19,"Urban - Medium Density",TRUE
8492,841,14,4,2023-07-05,TRUE,6,"Fig","Summer",TRUE,3.67,14.68,43,"Urban - Medium Density",FALSE
8493,1255,34,8,2023-08-30,TRUE,50,"Celery","Winter",TRUE,5.77,46.16,56,"Unknown",FALSE
8494,545,30,10,2023-02-23,TRUE,4,"Lychee","All Seasons",TRUE,1.21,12.1,80,"Urban - High Density",FALSE
8495,1464,18,6,2023-12-05,TRUE,6,"Apple","All Seasons",TRUE,14.07,84.42,38,"Urban - High Density",FALSE
8496,555,39,5,2023-03-26,TRUE,3,"Mango","All Seasons",TRUE,10.84,54.2,29,"Urban - Medium Density",NA
8497,721,48,4,2023-02-23,TRUE,3,"Blueberry","Winter",TRUE,0.78,3.12,63,"Urban - High Density",FALSE
8498,153,28,6,2023-03-10,TRUE,5,"Raspberry","Unknown",TRUE,14.97,89.82,22,"Urban - High Density",TRUE
8499,860,49,4,2023-06-23,TRUE,5,"Cherry","Summer",NA,1.84,7.36,32,"Urban - Medium Density",TRUE
8500,631,36,0,2023-01-18,TRUE,5,"Raspberry","Summer",TRUE,5.87,0,62,"Urban - High Density",TRUE
8501,510,2,6,2023-12-09,TRUE,7,"Grape","Unknown",TRUE,10.56,63.36,35,"Urban - Medium Density",FALSE
8502,1588,32,1,2023-08-12,TRUE,6,"Raspberry","All Seasons",TRUE,12.49,12.49,64,"Urban - High Density",TRUE
8503,1337,38,10,2023-09-05,TRUE,2,"Apricot","Summer",TRUE,8.8,88,64,"Urban - Medium Density",FALSE
8504,1612,50,5,2023-12-30,TRUE,2,"Sweet Potato","Unknown",FALSE,1.01,5.05,58,"Unknown",FALSE
8505,1795,36,5,2023-06-07,FALSE,-2,"Raspberry","Summer",TRUE,5.87,29.35,53,"Urban - High Density",FALSE
8506,1490,1,2,2023-12-07,TRUE,50,"Strawberry","Unknown",TRUE,4.42,8.84,49,"Urban - High Density",FALSE
8507,1759,42,0,2023-01-07,TRUE,4,"Pomegranate","Winter",TRUE,10.95,0,32,"Rural",FALSE
8508,1411,4,6,2023-04-07,TRUE,1,"Watermelon","Unknown",TRUE,12.08,72.48,74,"Urban - High Density",TRUE
8509,1986,8,6,2023-09-28,TRUE,3,"Garlic","Winter",TRUE,3.66,21.96,26,"Urban - High Density",TRUE
8510,416,12,7,2023-04-25,TRUE,1,"Banana","All Seasons",TRUE,10.29,72.03,19,"Urban - Medium Density",TRUE
8511,265,14,1,2023-07-22,TRUE,6,"Fig","Summer",TRUE,3.67,3.67,68,"Urban - High Density",FALSE
8512,1247,44,10,2023-01-11,TRUE,-2,"Apple","Summer",TRUE,9.24,92.4,57,"Urban - High Density",TRUE
8513,798,43,10,2023-01-21,TRUE,50,"Pear","Unknown",TRUE,4.62,46.2,33,"Urban - High Density",FALSE
8514,1632,48,4,2023-09-11,TRUE,50,"Blueberry","Winter",TRUE,0.78,3.12,75,"Urban - Medium Density",FALSE
8515,1232,4,5,2023-05-01,TRUE,5,"Watermelon","Unknown",TRUE,12.08,60.4,23,"Urban - Medium Density",TRUE
8516,1538,5,8,2023-06-17,TRUE,7,"Apricot","Summer",FALSE,10.18,81.44,74,"Urban - High Density",TRUE
8517,1770,50,10,2023-10-12,TRUE,7,"Sweet Potato","Unknown",FALSE,1.01,10.1,19,"Urban - High Density",TRUE
8518,966,26,7,2023-12-26,TRUE,7,"Mango","Summer",TRUE,-1.79,-12.53,32,"Urban - High Density",TRUE
8519,1401,34,7,2023-01-22,TRUE,3,"Celery","Winter",TRUE,5.77,40.39,50,"Urban - Medium Density",TRUE
8520,1154,13,5,2023-08-12,TRUE,50,"Cucumber","All Seasons",NA,8.17,40.85,45,"Urban - High Density",TRUE
8521,1056,38,5,2023-06-27,TRUE,3,"Apricot","Summer",TRUE,8.8,44,57,"Urban - High Density",FALSE
8522,349,20,5,2023-11-08,TRUE,3,"Corn","All Seasons",TRUE,12.25,61.25,73,"Urban - High Density",TRUE
8523,1440,47,-3,2023-01-03,TRUE,7,"Mango","Summer",FALSE,2.32,-6.96,43,"Urban - High Density",TRUE
8524,651,27,6,2023-07-22,TRUE,2,"Peach","Winter",TRUE,13.88,83.28,25,"Urban - High Density",TRUE
8525,169,5,0,2023-12-30,TRUE,-2,"Apricot","Summer",FALSE,10.18,0,23,"Urban - High Density",FALSE
8526,1135,2,10,2023-11-15,TRUE,3,"Grape","Unknown",TRUE,10.56,105.6,41,"Unknown",TRUE
8527,1959,2,10,2023-10-08,TRUE,-2,"Grape","Unknown",TRUE,10.56,105.6,78,"Urban - High Density",NA
8528,752,46,9,2023-06-04,TRUE,2,"Chestnut","All Seasons",TRUE,-4.08,-36.72,39,"Rural",TRUE
8529,1615,37,0,2023-08-31,TRUE,2,"Radish","Unknown",TRUE,7.32,0,61,"Urban - High Density",TRUE
8530,148,22,8,2023-02-03,TRUE,3,"Green Bean","All Seasons",FALSE,-4.21,-33.68,5,"Rural",FALSE
8531,569,4,10,2023-11-27,TRUE,4,"Watermelon","Unknown",TRUE,12.08,120.8,54,"Urban - High Density",TRUE
8532,585,30,4,NA,TRUE,6,"Lychee","All Seasons",TRUE,1.21,4.84,50,"Urban - High Density",TRUE
8533,827,35,6,2023-12-25,TRUE,-2,"Hazelnut","All Seasons",TRUE,6.96,41.76,28,"Urban - High Density",TRUE
8534,834,18,0,2023-08-17,TRUE,4,"Apple","All Seasons",TRUE,14.07,0,37,"Urban - High Density",TRUE
8535,1657,18,2,2023-11-28,TRUE,-2,"Apple","All Seasons",TRUE,14.07,28.14,59,"Urban - High Density",TRUE
8536,420,15,4,2023-02-06,TRUE,4,"Cabbage","All Seasons",FALSE,3.34,13.36,68,"Rural",FALSE
8537,1141,35,7,2023-09-26,TRUE,4,"Hazelnut","All Seasons",TRUE,6.96,48.72,51,"Urban - Medium Density",FALSE
8538,82,46,-3,2023-08-28,FALSE,5,"Chestnut","All Seasons",TRUE,-4.08,12.24,47,"Urban - Medium Density",NA
8539,548,24,4,2023-08-24,TRUE,4,"Asparagus","Winter",FALSE,2.01,8.04,120,"Urban - High Density",TRUE
8540,1342,31,4,2023-11-14,TRUE,5,"Chestnut","All Seasons",NA,0.13,0.52,23,"Urban - High Density",TRUE
8541,1387,3,7,2023-10-28,TRUE,2,"Raspberry","Unknown",FALSE,10.26,71.82,26,"Urban - High Density",TRUE
8542,600,24,4,2023-03-10,TRUE,50,"Asparagus","Winter",FALSE,2.01,8.04,69,"Urban - Medium Density",FALSE
8543,847,29,6,2023-01-04,TRUE,1,"Orange","Summer",FALSE,9.07,54.42,30,"Urban - Medium Density",FALSE
8544,941,41,10,2023-08-02,TRUE,7,"Strawberry","Summer",TRUE,4.94,49.4,57,"Urban - High Density",FALSE
8545,659,24,2,2023-07-18,TRUE,7,"Asparagus","Winter",FALSE,2.01,4.02,61,"Urban - Medium Density",FALSE
8546,1949,35,7,2023-06-26,TRUE,4,"Hazelnut","All Seasons",TRUE,6.96,48.72,36,"",FALSE
8547,1219,8,1,2023-10-23,TRUE,50,"Garlic","Winter",TRUE,3.66,3.66,66,"Urban - High Density",FALSE
8548,988,27,8,2023-05-15,TRUE,2,"Peach","Winter",TRUE,13.88,111.04,41,"Urban - Medium Density",TRUE
8549,231,26,4,2023-09-23,TRUE,4,"Mango","Summer",TRUE,-1.79,-7.16,78,"Urban - Medium Density",TRUE
8550,703,8,6,2023-10-17,TRUE,3,"Garlic","Winter",TRUE,3.66,21.96,73,"Urban - High Density",TRUE
8551,372,13,2,2023-02-22,FALSE,7,"Cucumber","All Seasons",NA,8.17,16.34,75,"Urban - High Density",TRUE
8552,1267,21,4,2023-02-10,TRUE,7,"Sweet Potato","All Seasons",TRUE,12.3,49.2,58,"Rural",TRUE
8553,351,42,2,2023-08-12,TRUE,7,"Pomegranate","Winter",TRUE,10.95,21.9,66,"Urban - Medium Density",TRUE
8554,1734,4,6,2023-12-02,TRUE,3,"Watermelon","Unknown",TRUE,12.08,72.48,42,"Urban - High Density",FALSE
8555,536,40,8,2023-04-02,TRUE,3,"Orange","Winter",FALSE,3.87,30.96,22,"Urban - Medium Density",TRUE
8556,1214,3,4,2023-11-13,TRUE,5,"Raspberry","Unknown",FALSE,10.26,41.04,51,"Urban - High Density",TRUE
8557,1959,41,8,2023-09-29,TRUE,-2,"Strawberry","Summer",TRUE,4.94,39.52,78,"Urban - High Density",NA
8558,1471,12,3,2023-07-08,TRUE,1,"Banana","All Seasons",TRUE,10.29,30.87,22,"Urban - High Density",FALSE
8559,1609,24,5,2023-06-30,TRUE,-2,"Asparagus","Winter",FALSE,2.01,10.05,61,"Urban - Medium Density",TRUE
8560,645,27,8,2023-12-22,TRUE,7,"Peach","Winter",TRUE,13.88,111.04,73,"Rural",TRUE
8561,839,5,10,2023-12-30,TRUE,50,"Apricot","Summer",FALSE,10.18,101.8,70,"Urban - High Density",TRUE
8562,637,34,3,2023-03-02,FALSE,6,"Celery","Winter",TRUE,5.77,17.31,21,"Rural",FALSE
8563,1389,24,-3,2023-02-10,TRUE,2,"Asparagus","Winter",FALSE,2.01,-6.03,44,"Urban - High Density",TRUE
8564,1102,42,8,2023-08-05,TRUE,3,"Pomegranate","Winter",TRUE,10.95,87.6,77,"Urban - High Density",TRUE
8565,1079,1,1,2023-08-08,TRUE,2,"Strawberry","Unknown",TRUE,4.42,4.42,52,"Urban - Medium Density",TRUE
8566,1704,47,8,2023-02-06,TRUE,3,"Mango","Summer",FALSE,2.32,18.56,38,"Urban - High Density",TRUE
8567,465,20,0,2023-09-17,TRUE,-2,"Corn","All Seasons",TRUE,12.25,0,50,"Rural",FALSE
8568,1733,18,6,2023-07-02,TRUE,4,"Apple","All Seasons",TRUE,14.07,84.42,38,"Unknown",FALSE
8569,342,19,5,2023-09-05,TRUE,-2,"Banana","Winter",TRUE,-0.17,-0.85,53,"Urban - High Density",TRUE
8570,1315,29,8,2023-06-05,TRUE,4,"Orange","Summer",FALSE,9.07,72.56,52,"Urban - High Density",FALSE
8571,909,40,4,2023-12-18,TRUE,1,"Orange","Winter",FALSE,3.87,15.48,26,"Urban - High Density",FALSE
8572,1197,49,4,2023-10-20,TRUE,6,"Cherry","Summer",NA,1.84,7.36,34,"Urban - High Density",FALSE
8573,328,13,-3,2023-07-15,TRUE,6,"Cucumber","All Seasons",NA,8.17,-24.51,47,"Urban - Medium Density",TRUE
8574,150,43,10,2023-10-24,TRUE,6,"Pear","Unknown",TRUE,4.62,46.2,44,"Urban - Medium Density",TRUE
8575,480,31,2,2023-07-29,TRUE,4,"Chestnut","All Seasons",NA,0.13,0.26,38,"Urban - High Density",NA
8576,198,39,-3,2023-03-21,TRUE,7,"Mango","All Seasons",TRUE,10.84,-32.52,79,"Urban - Medium Density",FALSE
8577,1972,3,9,2023-02-05,TRUE,6,"Raspberry","Unknown",FALSE,10.26,92.34,70,"Rural",FALSE
8578,787,10,9,2023-04-04,TRUE,2,"Blueberry","Summer",FALSE,4.44,39.96,54,"Urban - High Density",FALSE
8579,1422,49,7,2023-06-23,TRUE,4,"Cherry","Summer",NA,1.84,12.88,66,"Urban - High Density",TRUE
8580,1585,13,9,2023-12-27,TRUE,1,"Cucumber","All Seasons",NA,8.17,73.53,19,"Urban - Medium Density",TRUE
8581,1429,24,8,2023-01-10,TRUE,2,"Asparagus","Winter",FALSE,2.01,16.08,71,"Urban - High Density",TRUE
8582,1091,47,6,2023-01-08,TRUE,4,"Mango","Summer",FALSE,2.32,13.92,43,"Urban - Medium Density",NA
8583,895,24,10,2023-08-08,TRUE,50,"Asparagus","Winter",FALSE,2.01,20.1,34,"Urban - Medium Density",TRUE
8584,175,39,9,2023-03-24,TRUE,5,"Mango","All Seasons",TRUE,10.84,97.56,21,"Rural",TRUE
8585,1106,47,9,2023-02-21,TRUE,50,"Mango","Summer",FALSE,2.32,20.88,27,"Urban - High Density",FALSE
8586,1981,4,10,2023-08-19,TRUE,1,"Watermelon","Unknown",TRUE,12.08,120.8,55,"Unknown",TRUE
8587,1860,31,7,2023-02-26,TRUE,1,"Chestnut","All Seasons",NA,0.13,0.91,57,"Urban - High Density",TRUE
8588,816,14,1,2023-10-16,TRUE,50,"Fig","Summer",TRUE,3.67,3.67,58,"Urban - Medium Density",FALSE
8589,1479,17,2,2023-04-23,TRUE,5,"Pea","All Seasons",TRUE,-2.07,-4.14,78,"Urban - High Density",TRUE
8590,1188,2,1,2023-10-21,TRUE,2,"Grape","Unknown",TRUE,10.56,10.56,23,"Urban - High Density",TRUE
8591,912,36,10,2023-11-22,TRUE,4,"Raspberry","Summer",TRUE,5.87,58.7,49,"Unknown",TRUE
8592,139,7,6,2023-11-16,TRUE,3,"Lettuce","Unknown",TRUE,8.68,52.08,41,"Urban - Medium Density",TRUE
8593,1336,35,7,2023-05-01,TRUE,5,"Hazelnut","All Seasons",TRUE,6.96,48.72,30,"Urban - High Density",FALSE
8594,898,28,3,2023-05-27,TRUE,5,"Raspberry","Unknown",TRUE,14.97,44.91,50,"Urban - High Density",TRUE
8595,859,14,1,2023-10-06,TRUE,5,"Fig","Summer",TRUE,3.67,3.67,38,"Urban - Medium Density",FALSE
8596,1084,24,1,2023-03-27,TRUE,-2,"Asparagus","Winter",FALSE,2.01,2.01,18,"Rural",TRUE
8597,1115,36,10,2023-04-24,TRUE,7,"Raspberry","Summer",TRUE,5.87,58.7,20,"Rural",NA
8598,1921,44,5,2023-04-28,TRUE,50,"Apple","Summer",TRUE,9.24,46.2,27,"Urban - High Density",FALSE
8599,573,48,9,2023-06-16,FALSE,-2,"Blueberry","Winter",TRUE,0.78,7.02,58,"Urban - High Density",TRUE
8600,540,23,7,2023-11-12,TRUE,5,"Corn","Winter",FALSE,1.53,10.71,61,"Urban - High Density",FALSE
8601,1139,9,5,2023-07-25,TRUE,-2,"Onion","Unknown",TRUE,5.01,25.05,60,"Urban - Medium Density",TRUE
8602,1706,3,3,2023-05-17,TRUE,4,"Raspberry","Unknown",FALSE,10.26,30.78,73,"Urban - High Density",TRUE
8603,532,38,5,2023-05-27,TRUE,6,"Apricot","Summer",TRUE,8.8,44,38,"Urban - Medium Density",TRUE
8604,1297,5,1,2023-12-23,TRUE,50,"Apricot","Summer",FALSE,10.18,10.18,41,"Urban - High Density",FALSE
8605,1575,17,4,2023-07-05,TRUE,3,"Pea","All Seasons",TRUE,-2.07,-8.28,31,"Rural",FALSE
8606,987,38,2,2023-01-13,TRUE,3,"Apricot","Summer",TRUE,8.8,17.6,19,"Urban - Medium Density",TRUE
8607,759,26,8,2023-03-07,TRUE,50,"Mango","Summer",TRUE,-1.79,-14.32,27,"Rural",FALSE
8608,202,2,8,2023-05-21,TRUE,7,"Grape","Unknown",TRUE,10.56,84.48,38,"Urban - High Density",NA
8609,1738,43,-3,2023-02-25,TRUE,6,"Pear","Unknown",TRUE,4.62,-13.86,62,"Urban - Medium Density",TRUE
8610,734,23,5,2023-06-07,TRUE,50,"Corn","Winter",FALSE,1.53,7.65,32,"Urban - High Density",FALSE
8611,1125,49,4,2023-10-30,TRUE,7,"Cherry","Summer",NA,1.84,7.36,66,"Urban - Medium Density",FALSE
8612,847,5,8,2023-08-12,TRUE,3,"Apricot","Summer",FALSE,10.18,81.44,30,"Urban - Medium Density",FALSE
8613,1069,28,10,2023-05-27,TRUE,1,"Raspberry","Unknown",TRUE,14.97,149.7,5,"Rural",FALSE
8614,1814,40,10,2023-04-17,TRUE,5,"Orange","Winter",FALSE,3.87,38.7,54,"Urban - Medium Density",TRUE
8615,1833,27,4,2023-12-20,TRUE,2,"Peach","Winter",TRUE,13.88,55.52,30,"Urban - High Density",FALSE
8616,1003,8,8,2023-05-29,TRUE,1,"Garlic","Winter",TRUE,3.66,29.28,20,"",TRUE
8617,360,43,6,2023-08-07,TRUE,6,"Pear","Unknown",TRUE,4.62,27.72,35,"Urban - High Density",NA
8618,696,35,0,2023-12-03,TRUE,2,"Hazelnut","All Seasons",TRUE,6.96,0,50,"Urban - High Density",TRUE
8619,1521,18,-3,2023-02-25,TRUE,3,"Apple","All Seasons",TRUE,14.07,-42.21,33,"Urban - High Density",FALSE
8620,252,15,-3,2023-08-10,FALSE,3,"Cabbage","All Seasons",FALSE,3.34,-10.02,30,"Urban - High Density",TRUE
8621,1989,3,7,2023-12-18,TRUE,2,"Raspberry","Unknown",FALSE,10.26,71.82,58,"Urban - High Density",TRUE
8622,734,19,-3,2023-01-07,TRUE,6,"Banana","Winter",TRUE,-0.17,0.51,32,"Urban - High Density",FALSE
8623,1546,26,4,2023-08-27,TRUE,3,"Mango","Summer",TRUE,-1.79,-7.16,54,"Rural",TRUE
8624,1414,16,9,2023-06-05,FALSE,7,"Chestnut","Summer",TRUE,3.39,30.51,32,"Urban - High Density",FALSE
8625,1745,48,7,2023-08-14,TRUE,6,"Blueberry","Winter",TRUE,0.78,5.46,75,"Urban - Medium Density",TRUE
8626,658,16,4,2023-09-02,TRUE,50,"Chestnut","Summer",TRUE,3.39,13.56,28,"Rural",FALSE
8627,399,37,7,2023-01-18,TRUE,6,"Radish","Unknown",TRUE,7.32,51.24,80,"Urban - High Density",NA
8628,1575,34,8,2023-12-19,TRUE,50,"Celery","Winter",TRUE,5.77,46.16,31,"Rural",FALSE
8629,919,41,4,2023-02-19,TRUE,2,"Strawberry","Summer",TRUE,4.94,19.76,48,"Urban - Medium Density",TRUE
8630,1331,4,-3,2023-06-04,TRUE,5,"Watermelon","Unknown",TRUE,12.08,-36.24,25,"Urban - Medium Density",TRUE
8631,1077,25,8,2023-04-16,TRUE,5,"Broccoli","All Seasons",TRUE,3.11,24.88,59,"Urban - High Density",TRUE
8632,1552,26,6,2023-06-10,TRUE,4,"Mango","Summer",TRUE,-1.79,-10.74,46,"Rural",FALSE
8633,1013,34,-3,2023-04-05,TRUE,3,"Celery","Winter",TRUE,5.77,-17.31,80,"Urban - Medium Density",TRUE
8634,732,48,7,2023-08-18,TRUE,-2,"Blueberry","Winter",TRUE,0.78,5.46,61,"Unknown",TRUE
8635,1255,17,6,2023-06-06,TRUE,7,"Pea","All Seasons",TRUE,-2.07,-12.42,56,"Unknown",FALSE
8636,1065,50,-3,2023-01-07,FALSE,7,"Sweet Potato","Unknown",FALSE,1.01,-3.03,74,"Unknown",FALSE
8637,388,41,2,2023-07-16,TRUE,1,"Strawberry","Summer",TRUE,4.94,9.88,25,"Rural",TRUE
8638,836,14,0,2023-01-30,TRUE,3,"Fig","Summer",TRUE,3.67,0,42,"Urban - High Density",TRUE
8639,1931,38,3,2023-03-08,TRUE,1,"Apricot","Summer",TRUE,8.8,26.4,120,"Urban - High Density",TRUE
8640,1499,36,4,2023-08-20,TRUE,6,"Raspberry","Summer",TRUE,5.87,23.48,31,"Urban - High Density",TRUE
8641,1981,49,9,2023-04-05,TRUE,-2,"Cherry","Summer",NA,1.84,16.56,55,"Unknown",TRUE
8642,285,42,-3,2023-10-21,TRUE,5,"Pomegranate","Winter",TRUE,10.95,-32.85,40,"Urban - High Density",FALSE
8643,1014,39,1,NA,TRUE,6,"Mango","All Seasons",TRUE,10.84,10.84,77,"Urban - High Density",TRUE
8644,1900,19,6,2023-09-20,TRUE,-2,"Banana","Winter",TRUE,-0.17,-1.02,120,"Urban - Medium Density",FALSE
8645,653,43,0,2023-02-02,TRUE,6,"Pear","Unknown",TRUE,4.62,0,5,"Urban - Medium Density",FALSE
8646,1292,25,8,2023-01-02,TRUE,6,"Broccoli","All Seasons",TRUE,3.11,24.88,79,"Urban - High Density",TRUE
8647,1486,43,4,2023-10-15,TRUE,1,"Pear","Unknown",TRUE,4.62,18.48,52,"Urban - High Density",TRUE
8648,1480,45,6,2023-05-11,TRUE,1,"Apricot","All Seasons",TRUE,7.43,44.58,65,"Urban - High Density",FALSE
8649,21,42,0,2023-06-13,TRUE,7,"Pomegranate","Winter",TRUE,10.95,0,56,"Urban - High Density",FALSE
8650,806,31,5,2023-02-17,TRUE,2,"Chestnut","All Seasons",NA,0.13,0.65,54,"Urban - High Density",FALSE
8651,1949,47,5,2023-07-11,TRUE,7,"Mango","Summer",FALSE,2.32,11.6,36,"",FALSE
8652,1417,48,5,2023-03-29,TRUE,2,"Blueberry","Winter",TRUE,0.78,3.9,52,"Urban - Medium Density",FALSE
8653,720,31,7,2023-07-01,TRUE,7,"Chestnut","All Seasons",NA,0.13,0.91,29,"Urban - High Density",TRUE
8654,1071,2,-3,2023-09-11,TRUE,6,"Grape","Unknown",TRUE,10.56,-31.68,51,"Urban - High Density",TRUE
8655,844,36,7,2023-03-07,TRUE,50,"Raspberry","Summer",TRUE,5.87,41.09,20,"Urban - High Density",TRUE
8656,721,31,1,2023-12-14,TRUE,-2,"Chestnut","All Seasons",NA,0.13,0.13,63,"Urban - High Density",FALSE
8657,1991,24,4,2023-05-17,TRUE,4,"Asparagus","Winter",FALSE,2.01,8.04,50,"Urban - High Density",TRUE
8658,18,38,-3,2023-09-18,TRUE,5,"Apricot","Summer",TRUE,8.8,-26.4,47,"Urban - High Density",FALSE
8659,1089,40,4,2023-07-06,TRUE,7,"Orange","Winter",FALSE,3.87,15.48,75,"Urban - High Density",TRUE
8660,1139,14,-3,2023-11-17,TRUE,3,"Fig","Summer",TRUE,3.67,-11.01,60,"Urban - Medium Density",TRUE
8661,749,29,0,2023-06-02,TRUE,3,"Orange","Summer",FALSE,9.07,0,61,"Urban - High Density",FALSE
8662,1916,1,4,2023-03-20,TRUE,50,"Strawberry","Unknown",TRUE,4.42,17.68,41,"Urban - High Density",FALSE
8663,802,15,7,NA,FALSE,7,"Cabbage","All Seasons",FALSE,3.34,23.38,52,"Urban - Medium Density",FALSE
8664,54,33,7,2023-11-20,TRUE,6,"Banana","All Seasons",TRUE,13.25,92.75,45,"Urban - High Density",TRUE
8665,519,34,7,2023-07-13,TRUE,-2,"Celery","Winter",TRUE,5.77,40.39,44,"Urban - Medium Density",TRUE
8666,1767,26,-3,2023-04-23,TRUE,50,"Mango","Summer",TRUE,-1.79,5.37,28,"Urban - Medium Density",NA
8667,962,36,0,2023-11-28,TRUE,4,"Raspberry","Summer",TRUE,5.87,0,46,"Urban - High Density",TRUE
8668,37,5,2,2023-11-12,TRUE,6,"Apricot","Summer",FALSE,10.18,20.36,62,"Urban - High Density",TRUE
8669,791,37,3,2023-10-16,TRUE,1,"Radish","Unknown",TRUE,7.32,21.96,80,"Urban - High Density",TRUE
8670,535,6,2,2023-05-21,TRUE,6,"Walnut","Summer",TRUE,-3.25,-6.5,73,"Urban - High Density",FALSE
8671,1016,31,10,2023-12-01,TRUE,5,"Chestnut","All Seasons",NA,0.13,1.3,52,"Urban - Medium Density",FALSE
8672,1057,33,5,2023-02-02,TRUE,7,"Banana","All Seasons",TRUE,13.25,66.25,28,"Urban - High Density",FALSE
8673,739,20,10,2023-09-04,TRUE,2,"Corn","All Seasons",TRUE,12.25,122.5,48,"Urban - High Density",TRUE
8674,1859,23,4,2023-08-16,TRUE,1,"Corn","Winter",FALSE,1.53,6.12,65,"Urban - High Density",TRUE
8675,8,22,3,2023-12-25,TRUE,6,"Green Bean","All Seasons",FALSE,-4.21,-12.63,40,"",FALSE
8676,1144,11,6,2023-06-10,TRUE,6,"Strawberry","Summer",TRUE,5.35,32.1,55,"Rural",TRUE
8677,46,17,10,2023-10-16,TRUE,3,"Pea","All Seasons",TRUE,-2.07,-20.7,28,"Urban - High Density",TRUE
8678,1959,10,9,2023-05-29,TRUE,2,"Blueberry","Summer",FALSE,4.44,39.96,78,"Urban - High Density",NA
8679,677,12,1,2023-02-24,TRUE,50,"Banana","All Seasons",TRUE,10.29,10.29,50,"Urban - High Density",TRUE
8680,934,22,4,2023-01-20,TRUE,5,"Green Bean","All Seasons",FALSE,-4.21,-16.84,21,"Urban - Medium Density",FALSE
8681,1835,37,10,2023-05-23,TRUE,1,"Radish","Unknown",TRUE,7.32,73.2,49,"Rural",TRUE
8682,799,26,4,2023-07-08,TRUE,-2,"Mango","Summer",TRUE,-1.79,-7.16,66,"Urban - High Density",TRUE
8683,404,10,9,2023-07-22,TRUE,2,"Blueberry","Summer",FALSE,4.44,39.96,60,"Urban - High Density",FALSE
8684,1970,46,-3,2023-01-24,TRUE,3,"Chestnut","All Seasons",TRUE,-4.08,12.24,38,"Urban - High Density",TRUE
8685,1111,30,4,2023-12-18,TRUE,6,"Lychee","All Seasons",TRUE,1.21,4.84,59,"Urban - High Density",TRUE
8686,1214,47,9,2023-11-09,TRUE,-2,"Mango","Summer",FALSE,2.32,20.88,51,"Urban - High Density",TRUE
8687,641,8,7,2023-10-28,TRUE,5,"Garlic","Winter",TRUE,3.66,25.62,120,"Urban - High Density",FALSE
8688,1139,4,6,2023-07-01,TRUE,1,"Watermelon","Unknown",TRUE,12.08,72.48,60,"Urban - Medium Density",TRUE
8689,202,7,7,2023-09-14,TRUE,7,"Lettuce","Unknown",TRUE,8.68,60.76,38,"Urban - High Density",NA
8690,217,21,5,2023-10-14,TRUE,6,"Sweet Potato","All Seasons",TRUE,12.3,61.5,50,"Urban - High Density",TRUE
8691,352,39,6,2023-01-23,TRUE,-2,"Mango","All Seasons",TRUE,10.84,65.04,65,"Urban - High Density",TRUE
8692,300,40,-3,2023-02-10,TRUE,3,"Orange","Winter",FALSE,3.87,-11.61,46,"Urban - High Density",TRUE
8693,743,30,8,2023-10-09,FALSE,5,"Lychee","All Seasons",TRUE,1.21,9.68,56,"Urban - Medium Density",TRUE
8694,926,23,1,2023-10-22,TRUE,6,"Corn","Winter",FALSE,1.53,1.53,66,"Rural",FALSE
8695,1,38,1,2023-11-07,TRUE,7,"Apricot","Summer",TRUE,8.8,8.8,46,"Rural",FALSE
8696,1942,15,9,2023-10-20,TRUE,3,"Cabbage","All Seasons",FALSE,3.34,30.06,46,"Urban - High Density",TRUE
8697,1102,45,9,2023-05-22,TRUE,2,"Apricot","All Seasons",TRUE,7.43,66.87,77,"Urban - High Density",TRUE
8698,1208,16,10,2023-06-21,TRUE,3,"Chestnut","Summer",TRUE,3.39,33.9,70,"Unknown",TRUE
8699,1499,42,1,2023-11-23,TRUE,5,"Pomegranate","Winter",TRUE,10.95,10.95,31,"Urban - High Density",TRUE
8700,1871,45,5,2023-11-27,TRUE,5,"Apricot","All Seasons",TRUE,7.43,37.15,75,"Rural",FALSE
8701,1083,49,10,2023-01-31,TRUE,-2,"Cherry","Summer",NA,1.84,18.4,63,"Urban - High Density",NA
8702,1759,35,-3,2023-02-01,TRUE,-2,"Hazelnut","All Seasons",TRUE,6.96,-20.88,32,"Rural",FALSE
8703,485,23,7,2023-08-04,TRUE,5,"Corn","Winter",FALSE,1.53,10.71,58,"Urban - High Density",FALSE
8704,1445,4,5,2023-04-22,TRUE,6,"Watermelon","Unknown",TRUE,12.08,60.4,24,"Urban - High Density",FALSE
8705,984,27,8,2023-02-26,TRUE,1,"Peach","Winter",TRUE,13.88,111.04,53,"Rural",TRUE
8706,658,10,10,2023-06-27,TRUE,7,"Blueberry","Summer",FALSE,4.44,44.4,28,"Rural",FALSE
8707,321,22,9,2023-09-24,TRUE,50,"Green Bean","All Seasons",FALSE,-4.21,-37.89,74,"Urban - High Density",FALSE
8708,1572,5,-3,2023-02-28,TRUE,4,"Apricot","Summer",FALSE,10.18,-30.54,32,"Urban - High Density",FALSE
8709,1236,22,10,2023-07-10,TRUE,5,"Green Bean","All Seasons",FALSE,-4.21,-42.1,68,"Urban - Medium Density",TRUE
8710,864,14,1,2023-12-24,TRUE,6,"Fig","Summer",TRUE,3.67,3.67,65,"Urban - Medium Density",TRUE
8711,534,28,2,2023-04-02,TRUE,4,"Raspberry","Unknown",TRUE,14.97,29.94,30,"Urban - High Density",FALSE
8712,1996,8,1,2023-04-22,TRUE,5,"Garlic","Winter",TRUE,3.66,3.66,24,"Urban - High Density",TRUE
8713,486,18,7,2023-02-14,TRUE,4,"Apple","All Seasons",TRUE,14.07,98.49,71,"Urban - High Density",FALSE
8714,1419,10,5,2023-05-06,TRUE,2,"Blueberry","Summer",FALSE,4.44,22.2,20,"Urban - High Density",TRUE
8715,296,40,2,2023-08-31,TRUE,50,"Orange","Winter",FALSE,3.87,7.74,69,"Urban - High Density",FALSE
8716,943,26,5,2023-05-06,TRUE,-2,"Mango","Summer",TRUE,-1.79,-8.95,55,"Urban - Medium Density",FALSE
8717,1445,3,2,2023-10-10,TRUE,4,"Raspberry","Unknown",FALSE,10.26,20.52,24,"Urban - High Density",FALSE
8718,1540,13,7,2023-01-14,TRUE,-2,"Cucumber","All Seasons",NA,8.17,57.19,38,"Rural",FALSE
8719,1103,18,0,2023-11-15,TRUE,2,"Apple","All Seasons",TRUE,14.07,0,70,"Urban - High Density",TRUE
8720,769,1,5,2023-06-24,TRUE,5,"Strawberry","Unknown",TRUE,4.42,22.1,120,"Rural",FALSE
8721,775,14,7,2023-01-15,TRUE,1,"Fig","Summer",TRUE,3.67,25.69,45,"Urban - Medium Density",FALSE
8722,811,47,2,2023-03-20,TRUE,4,"Mango","Summer",FALSE,2.32,4.64,49,"Urban - High Density",TRUE
8723,706,25,3,2023-02-27,TRUE,3,"Broccoli","All Seasons",TRUE,3.11,9.33,40,"Urban - Medium Density",FALSE
8724,203,30,9,2023-08-03,TRUE,2,"Lychee","All Seasons",TRUE,1.21,10.89,24,"Rural",TRUE
8725,135,21,0,2023-09-20,TRUE,6,"Sweet Potato","All Seasons",TRUE,12.3,0,69,"Urban - High Density",FALSE
8726,1462,15,2,2023-03-29,TRUE,1,"Cabbage","All Seasons",FALSE,3.34,6.68,48,"Urban - High Density",TRUE
8727,126,39,6,2023-07-24,TRUE,7,"Mango","All Seasons",TRUE,10.84,65.04,78,"",TRUE
8728,1281,23,8,2023-04-25,TRUE,2,"Corn","Winter",FALSE,1.53,12.24,77,"Urban - High Density",TRUE
8729,146,3,1,2023-01-25,TRUE,3,"Raspberry","Unknown",FALSE,10.26,10.26,29,"Urban - High Density",TRUE
8730,869,22,0,2023-09-12,TRUE,5,"Green Bean","All Seasons",FALSE,-4.21,0,77,"Urban - High Density",FALSE
8731,1911,21,0,2023-05-16,TRUE,5,"Sweet Potato","All Seasons",TRUE,12.3,0,50,"Urban - Medium Density",TRUE
8732,1280,29,6,2023-06-28,TRUE,50,"Orange","Summer",FALSE,9.07,54.42,55,"Urban - Medium Density",TRUE
8733,1408,21,5,2023-05-01,TRUE,4,"Sweet Potato","All Seasons",TRUE,12.3,61.5,52,"Unknown",TRUE
8734,1489,33,-3,2023-04-10,TRUE,5,"Banana","All Seasons",TRUE,13.25,-39.75,18,"Urban - Medium Density",TRUE
8735,647,6,2,2023-05-19,TRUE,4,"Walnut","Summer",TRUE,-3.25,-6.5,54,"Urban - Medium Density",TRUE
8736,831,13,10,2023-09-26,TRUE,3,"Cucumber","All Seasons",NA,8.17,81.7,34,"Urban - Medium Density",FALSE
8737,1852,38,-3,2023-02-23,TRUE,1,"Apricot","Summer",TRUE,8.8,-26.4,71,"Urban - High Density",TRUE
8738,753,48,8,2023-07-01,TRUE,1,"Blueberry","Winter",TRUE,0.78,6.24,20,"Urban - Medium Density",FALSE
8739,1668,45,6,2023-05-10,TRUE,6,"Apricot","All Seasons",TRUE,7.43,44.58,49,"Urban - Medium Density",FALSE
8740,1935,39,7,2023-07-18,TRUE,4,"Mango","All Seasons",TRUE,10.84,75.88,23,"Urban - High Density",TRUE
8741,1355,20,-3,2023-09-06,TRUE,-2,"Corn","All Seasons",TRUE,12.25,-36.75,60,"Urban - Medium Density",FALSE
8742,803,31,10,2023-08-19,TRUE,7,"Chestnut","All Seasons",NA,0.13,1.3,33,"Urban - Medium Density",TRUE
8743,420,21,0,2023-10-14,TRUE,7,"Sweet Potato","All Seasons",TRUE,12.3,0,68,"Rural",FALSE
8744,1273,39,2,2023-11-11,TRUE,5,"Mango","All Seasons",TRUE,10.84,21.68,72,"Urban - Medium Density",TRUE
8745,939,18,1,2023-11-27,TRUE,2,"Apple","All Seasons",TRUE,14.07,14.07,60,"Urban - Medium Density",TRUE
8746,1680,31,8,2023-03-20,TRUE,-2,"Chestnut","All Seasons",NA,0.13,1.04,69,"Urban - High Density",FALSE
8747,791,47,10,2023-05-17,TRUE,-2,"Mango","Summer",FALSE,2.32,23.2,80,"Urban - High Density",TRUE
8748,1201,40,-3,2023-02-09,TRUE,3,"Orange","Winter",FALSE,3.87,-11.61,38,"Urban - Medium Density",TRUE
8749,1549,30,3,2023-12-11,TRUE,2,"Lychee","All Seasons",TRUE,1.21,3.63,57,"Urban - High Density",TRUE
8750,1038,1,1,2023-04-08,TRUE,2,"Strawberry","Unknown",TRUE,4.42,4.42,57,"Unknown",TRUE
8751,1098,42,9,2023-07-26,TRUE,-2,"Pomegranate","Winter",TRUE,10.95,98.55,72,"Urban - High Density",TRUE
8752,1771,16,-3,2023-05-11,TRUE,1,"Chestnut","Summer",TRUE,3.39,-10.17,25,"Urban - High Density",FALSE
8753,601,9,10,2023-11-30,TRUE,1,"Onion","Unknown",TRUE,5.01,50.1,40,"Urban - Medium Density",TRUE
8754,544,15,3,2023-02-11,TRUE,1,"Cabbage","All Seasons",FALSE,3.34,10.02,23,"Rural",FALSE
8755,1489,42,1,2023-05-10,TRUE,4,"Pomegranate","Winter",TRUE,10.95,10.95,18,"Urban - Medium Density",TRUE
8756,1514,5,8,2023-09-03,TRUE,2,"Apricot","Summer",FALSE,10.18,81.44,36,"Unknown",TRUE
8757,134,21,10,2023-05-15,TRUE,1,"Sweet Potato","All Seasons",TRUE,12.3,123,68,"Urban - High Density",FALSE
8758,521,28,4,2023-12-08,TRUE,-2,"Raspberry","Unknown",TRUE,14.97,59.88,38,"Urban - High Density",FALSE
8759,1430,3,5,2023-04-04,TRUE,3,"Raspberry","Unknown",FALSE,10.26,51.3,46,"Urban - High Density",TRUE
8760,1034,43,8,2023-07-05,TRUE,1,"Pear","Unknown",TRUE,4.62,36.96,52,"Rural",FALSE
8761,1760,38,4,2023-03-11,TRUE,5,"Apricot","Summer",TRUE,8.8,35.2,49,"Urban - Medium Density",TRUE
8762,145,19,8,2023-04-29,TRUE,2,"Banana","Winter",TRUE,-0.17,-1.36,38,"Urban - High Density",TRUE
8763,1166,47,6,2023-05-12,TRUE,-2,"Mango","Summer",FALSE,2.32,13.92,75,"Urban - High Density",TRUE
8764,1100,36,3,2023-10-15,TRUE,2,"Raspberry","Summer",TRUE,5.87,17.61,66,"Urban - Medium Density",FALSE
8765,1883,37,0,2023-12-25,TRUE,7,"Radish","Unknown",TRUE,7.32,0,57,"Urban - Medium Density",FALSE
8766,1661,12,2,2023-09-13,TRUE,-2,"Banana","All Seasons",TRUE,10.29,20.58,76,"Rural",TRUE
8767,45,18,7,2023-02-08,FALSE,5,"Apple","All Seasons",TRUE,14.07,98.49,19,"Urban - Medium Density",TRUE
8768,1823,39,2,2023-03-30,FALSE,3,"Mango","All Seasons",TRUE,10.84,21.68,5,"Urban - High Density",TRUE
8769,1,28,10,2023-12-28,TRUE,4,"Raspberry","Unknown",TRUE,14.97,149.7,46,"Rural",FALSE
8770,465,24,6,2023-10-25,TRUE,2,"Asparagus","Winter",FALSE,2.01,12.06,50,"Rural",FALSE
8771,1940,11,5,2023-10-04,FALSE,4,"Strawberry","Summer",TRUE,5.35,26.75,80,"Urban - High Density",TRUE
8772,804,27,7,2023-10-18,TRUE,-2,"Peach","Winter",TRUE,13.88,97.16,56,"Urban - High Density",FALSE
8773,429,44,5,2023-06-21,TRUE,6,"Apple","Summer",TRUE,9.24,46.2,5,"Rural",FALSE
8774,327,41,5,2023-12-12,TRUE,7,"Strawberry","Summer",TRUE,4.94,24.7,43,"Urban - Medium Density",TRUE
8775,804,16,4,2023-06-09,TRUE,3,"Chestnut","Summer",TRUE,3.39,13.56,56,"Urban - High Density",FALSE
8776,909,46,3,2023-09-05,TRUE,50,"Chestnut","All Seasons",TRUE,-4.08,-12.24,26,"Urban - High Density",FALSE
8777,1813,15,0,2023-06-29,TRUE,7,"Cabbage","All Seasons",FALSE,3.34,0,65,"Urban - Medium Density",FALSE
8778,402,21,4,2023-10-23,TRUE,1,"Sweet Potato","All Seasons",TRUE,12.3,49.2,35,"Urban - Medium Density",TRUE
8779,756,18,5,2023-02-09,TRUE,5,"Apple","All Seasons",TRUE,14.07,70.35,19,"Urban - Medium Density",TRUE
8780,383,28,1,2023-07-07,TRUE,6,"Raspberry","Unknown",TRUE,14.97,14.97,54,"Rural",FALSE
8781,734,5,7,2023-10-29,TRUE,3,"Apricot","Summer",FALSE,10.18,71.26,32,"Urban - High Density",FALSE
8782,836,38,10,2023-06-29,TRUE,-2,"Apricot","Summer",TRUE,8.8,88,42,"Urban - High Density",TRUE
8783,844,12,-3,2023-09-18,TRUE,4,"Banana","All Seasons",TRUE,10.29,-30.87,20,"Urban - High Density",TRUE
8784,415,2,2,2023-12-08,TRUE,4,"Grape","Unknown",TRUE,10.56,21.12,21,"Urban - High Density",FALSE
8785,1278,12,7,2023-12-29,TRUE,5,"Banana","All Seasons",TRUE,10.29,72.03,73,"Urban - Medium Density",FALSE
8786,735,44,5,2023-10-23,FALSE,7,"Apple","Summer",TRUE,9.24,46.2,24,"Urban - Medium Density",TRUE
8787,294,39,2,2023-03-28,TRUE,1,"Mango","All Seasons",TRUE,10.84,21.68,52,"Rural",TRUE
8788,1770,37,3,2023-01-19,TRUE,-2,"Radish","Unknown",TRUE,7.32,21.96,19,"Urban - High Density",TRUE
8789,431,35,2,2023-09-18,TRUE,3,"Hazelnut","All Seasons",TRUE,6.96,13.92,20,"Rural",TRUE
8790,1582,38,3,2023-06-09,TRUE,1,"Apricot","Summer",TRUE,8.8,26.4,35,"Urban - High Density",TRUE
8791,228,8,10,2023-03-02,TRUE,-2,"Garlic","Winter",TRUE,3.66,36.6,56,"Urban - Medium Density",TRUE
8792,957,1,6,2023-08-22,TRUE,7,"Strawberry","Unknown",TRUE,4.42,26.52,54,"Rural",TRUE
8793,1579,30,9,2023-07-05,TRUE,5,"Lychee","All Seasons",TRUE,1.21,10.89,22,"Urban - Medium Density",TRUE
8794,1506,38,2,2023-06-06,TRUE,50,"Apricot","Summer",TRUE,8.8,17.6,36,"Rural",TRUE
8795,1097,42,6,2023-07-07,TRUE,4,"Pomegranate","Winter",TRUE,10.95,65.7,56,"Urban - High Density",FALSE
8796,1288,49,0,2023-12-09,TRUE,5,"Cherry","Summer",NA,1.84,0,42,"Urban - High Density",TRUE
8797,1273,5,7,2023-04-10,TRUE,-2,"Apricot","Summer",FALSE,10.18,71.26,72,"Urban - Medium Density",TRUE
8798,448,7,-3,2023-12-18,TRUE,5,"Lettuce","Unknown",TRUE,8.68,-26.04,30,"",TRUE
8799,999,11,3,2023-12-21,TRUE,1,"Strawberry","Summer",TRUE,5.35,16.05,42,"Urban - High Density",FALSE
8800,524,32,-3,2023-12-15,TRUE,3,"Raspberry","All Seasons",TRUE,12.49,-37.47,79,"Urban - High Density",FALSE
8801,876,4,3,2023-12-30,TRUE,1,"Watermelon","Unknown",TRUE,12.08,36.24,57,"Urban - High Density",TRUE
8802,1608,39,3,2023-08-21,TRUE,3,"Mango","All Seasons",TRUE,10.84,32.52,23,"Urban - High Density",TRUE
8803,1918,1,10,2023-08-06,TRUE,5,"Strawberry","Unknown",TRUE,4.42,44.2,58,"Urban - High Density",TRUE
8804,508,36,7,2023-03-30,TRUE,4,"Raspberry","Summer",TRUE,5.87,41.09,65,"Urban - High Density",NA
8805,303,25,7,2023-04-29,TRUE,6,"Broccoli","All Seasons",TRUE,3.11,21.77,75,"Rural",TRUE
8806,293,14,1,2023-05-28,TRUE,6,"Fig","Summer",TRUE,3.67,3.67,78,"Urban - High Density",TRUE
8807,893,7,9,2023-05-20,TRUE,3,"Lettuce","Unknown",TRUE,8.68,78.12,54,"Unknown",TRUE
8808,837,43,6,2023-07-10,TRUE,2,"Pear","Unknown",TRUE,4.62,27.72,120,"Urban - High Density",TRUE
8809,691,49,2,2023-01-20,TRUE,4,"Cherry","Summer",NA,1.84,3.68,47,"Urban - High Density",NA
8810,905,22,2,2023-05-19,TRUE,4,"Green Bean","All Seasons",FALSE,-4.21,-8.42,20,"Rural",TRUE
8811,1034,15,1,2023-07-23,FALSE,1,"Cabbage","All Seasons",FALSE,3.34,3.34,52,"Rural",FALSE
8812,928,13,-3,2023-08-07,TRUE,3,"Cucumber","All Seasons",NA,8.17,-24.51,64,"Urban - High Density",TRUE
8813,302,16,4,2023-05-04,TRUE,50,"Chestnut","Summer",TRUE,3.39,13.56,63,"Urban - High Density",FALSE
8814,813,43,0,2023-12-22,TRUE,1,"Pear","Unknown",TRUE,4.62,0,75,"Urban - High Density",TRUE
8815,259,41,0,2023-01-26,TRUE,5,"Strawberry","Summer",TRUE,4.94,0,25,"Urban - High Density",TRUE
8816,958,8,5,2023-11-22,TRUE,-2,"Garlic","Winter",TRUE,3.66,18.3,74,"Urban - Medium Density",TRUE
8817,993,43,8,2023-06-30,TRUE,2,"Pear","Unknown",TRUE,4.62,36.96,32,"Unknown",FALSE
8818,300,20,4,2023-06-28,TRUE,5,"Corn","All Seasons",TRUE,12.25,49,46,"Urban - High Density",TRUE
8819,337,49,-3,2023-01-25,TRUE,2,"Cherry","Summer",NA,1.84,-5.52,25,"Urban - High Density",TRUE
8820,1106,40,5,2023-04-22,TRUE,4,"Orange","Winter",FALSE,3.87,19.35,27,"Urban - High Density",FALSE
8821,1971,24,4,2023-11-02,TRUE,6,"Asparagus","Winter",FALSE,2.01,8.04,42,"Rural",TRUE
8822,1213,14,-3,2023-11-18,TRUE,-2,"Fig","Summer",TRUE,3.67,-11.01,30,"Rural",FALSE
8823,1816,5,0,2023-06-19,TRUE,-2,"Apricot","Summer",FALSE,10.18,0,62,"Urban - High Density",TRUE
8824,1353,4,4,2023-04-18,TRUE,3,"Watermelon","Unknown",TRUE,12.08,48.32,41,"Urban - High Density",FALSE
8825,1282,35,1,2023-11-23,TRUE,2,"Hazelnut","All Seasons",TRUE,6.96,6.96,21,"Urban - Medium Density",FALSE
8826,124,24,4,2023-09-06,TRUE,50,"Asparagus","Winter",FALSE,2.01,8.04,76,"Urban - High Density",TRUE
8827,348,40,2,2023-05-04,NA,5,"Orange","Winter",FALSE,3.87,7.74,44,"Urban - High Density",FALSE
8828,1964,2,6,2023-09-13,TRUE,4,"Grape","Unknown",TRUE,10.56,63.36,27,"Urban - Medium Density",NA
8829,1155,8,6,2023-12-11,TRUE,5,"Garlic","Winter",TRUE,3.66,21.96,26,"Urban - Medium Density",TRUE
8830,1943,44,-3,2023-05-02,TRUE,5,"Apple","Summer",TRUE,9.24,-27.72,21,"Urban - Medium Density",NA
8831,289,12,2,2023-05-02,TRUE,4,"Banana","All Seasons",TRUE,10.29,20.58,39,"Rural",TRUE
8832,860,28,10,2023-05-23,TRUE,4,"Raspberry","Unknown",TRUE,14.97,149.7,32,"Urban - Medium Density",TRUE
8833,728,3,5,2023-12-29,TRUE,5,"Raspberry","Unknown",FALSE,10.26,51.3,36,"Urban - Medium Density",FALSE
8834,1636,48,4,2023-02-16,TRUE,2,"Blueberry","Winter",TRUE,0.78,3.12,66,"Urban - High Density",TRUE
8835,1836,38,2,2023-01-20,TRUE,-2,"Apricot","Summer",TRUE,8.8,17.6,40,"Urban - High Density",FALSE
8836,1506,29,-3,2023-05-27,TRUE,3,"Orange","Summer",FALSE,9.07,-27.21,36,"Rural",TRUE
8837,1245,41,5,2023-10-03,TRUE,2,"Strawberry","Summer",TRUE,4.94,24.7,25,"Urban - High Density",FALSE
8838,481,18,10,2023-06-24,TRUE,2,"Apple","All Seasons",TRUE,14.07,140.7,40,"Urban - High Density",FALSE
8839,773,7,1,2023-04-27,TRUE,1,"Lettuce","Unknown",TRUE,8.68,8.68,33,"Urban - Medium Density",TRUE
8840,1321,16,9,2023-04-06,TRUE,7,"Chestnut","Summer",TRUE,3.39,30.51,47,"Urban - Medium Density",TRUE
8841,2,42,6,2023-11-02,TRUE,2,"Pomegranate","Winter",TRUE,10.95,65.7,66,"Urban - Medium Density",TRUE
8842,519,5,8,2023-12-10,TRUE,6,"Apricot","Summer",FALSE,10.18,81.44,44,"Urban - Medium Density",TRUE
8843,1689,26,7,2023-04-14,TRUE,7,"Mango","Summer",TRUE,-1.79,-12.53,64,"Urban - High Density",TRUE
8844,1772,34,0,2023-07-29,TRUE,6,"Celery","Winter",TRUE,5.77,0,52,"Urban - High Density",FALSE
8845,1467,44,0,2023-04-27,TRUE,1,"Apple","Summer",TRUE,9.24,0,25,"Urban - High Density",FALSE
8846,264,44,8,2023-12-11,TRUE,7,"Apple","Summer",TRUE,9.24,73.92,24,"Rural",TRUE
8847,728,1,0,2023-10-25,FALSE,7,"Strawberry","Unknown",TRUE,4.42,0,36,"Urban - Medium Density",FALSE
8848,1794,43,6,2023-04-21,TRUE,-2,"Pear","Unknown",TRUE,4.62,27.72,19,"Urban - Medium Density",FALSE
8849,1214,5,2,2023-06-16,TRUE,4,"Apricot","Summer",FALSE,10.18,20.36,51,"Urban - High Density",TRUE
8850,1382,16,3,2023-10-11,TRUE,7,"Chestnut","Summer",TRUE,3.39,10.17,20,"Rural",FALSE
8851,439,2,9,2023-06-22,TRUE,6,"Grape","Unknown",TRUE,10.56,95.04,64,"Urban - High Density",TRUE
8852,578,41,1,2023-07-29,TRUE,5,"Strawberry","Summer",TRUE,4.94,4.94,79,"Urban - High Density",FALSE
8853,315,37,5,2023-02-12,TRUE,7,"Radish","Unknown",TRUE,7.32,36.6,78,"Urban - High Density",FALSE
8854,1869,11,9,2023-11-30,FALSE,1,"Strawberry","Summer",TRUE,5.35,48.15,37,"Urban - Medium Density",TRUE
8855,1208,9,4,2023-02-06,FALSE,3,"Onion","Unknown",TRUE,5.01,20.04,70,"Unknown",TRUE
8856,178,15,2,2023-07-17,TRUE,-2,"Cabbage","All Seasons",FALSE,3.34,6.68,32,"Urban - Medium Density",FALSE
8857,969,43,2,2023-11-27,TRUE,1,"Pear","Unknown",TRUE,4.62,9.24,31,"Urban - High Density",NA
8858,1306,14,4,2023-08-02,TRUE,6,"Fig","Summer",TRUE,3.67,14.68,54,"Urban - Medium Density",FALSE
8859,362,19,8,2023-11-27,TRUE,1,"Banana","Winter",TRUE,-0.17,-1.36,55,"Urban - High Density",TRUE
8860,1691,19,0,2023-04-09,TRUE,6,"Banana","Winter",TRUE,-0.17,0,37,"Urban - High Density",NA
8861,388,15,0,2023-08-07,TRUE,2,"Cabbage","All Seasons",FALSE,3.34,0,25,"Rural",TRUE
8862,229,27,2,2023-09-27,TRUE,-2,"Peach","Winter",TRUE,13.88,27.76,23,"Urban - High Density",TRUE
8863,831,32,2,2023-07-09,TRUE,4,"Raspberry","All Seasons",TRUE,12.49,24.98,34,"Urban - Medium Density",FALSE
8864,1518,26,10,2023-02-16,TRUE,7,"Mango","Summer",TRUE,-1.79,-17.9,30,"Urban - High Density",TRUE
8865,1788,9,2,2023-08-17,TRUE,5,"Onion","Unknown",TRUE,5.01,10.02,48,"Urban - High Density",TRUE
8866,320,1,4,2023-02-02,TRUE,7,"Strawberry","Unknown",TRUE,4.42,17.68,72,"Urban - Medium Density",TRUE
8867,586,44,-3,2023-06-04,TRUE,2,"Apple","Summer",TRUE,9.24,-27.72,78,"Urban - High Density",TRUE
8868,793,36,8,2023-11-04,TRUE,4,"Raspberry","Summer",TRUE,5.87,46.96,29,"Urban - Medium Density",FALSE
8869,797,29,8,2023-03-16,TRUE,3,"Orange","Summer",FALSE,9.07,72.56,37,"Urban - High Density",FALSE
8870,1682,31,1,2023-08-16,TRUE,-2,"Chestnut","All Seasons",NA,0.13,0.13,42,"Urban - High Density",TRUE
8871,1538,35,5,2023-03-08,TRUE,2,"Hazelnut","All Seasons",TRUE,6.96,34.8,74,"Urban - High Density",TRUE
8872,759,32,9,2023-02-18,TRUE,2,"Raspberry","All Seasons",TRUE,12.49,112.41,27,"Rural",FALSE
8873,1418,21,10,2023-10-24,TRUE,5,"Sweet Potato","All Seasons",TRUE,12.3,123,27,"Urban - High Density",FALSE
8874,654,24,2,2023-11-10,TRUE,50,"Asparagus","Winter",FALSE,2.01,4.02,59,"Urban - Medium Density",TRUE
8875,1952,6,8,2023-12-04,TRUE,5,"Walnut","Summer",TRUE,-3.25,-26,49,"Urban - Medium Density",FALSE
8876,1814,11,4,2023-06-25,TRUE,1,"Strawberry","Summer",TRUE,5.35,21.4,54,"Urban - Medium Density",TRUE
8877,1549,49,10,2023-06-03,TRUE,6,"Cherry","Summer",NA,1.84,18.4,57,"Urban - High Density",TRUE
8878,1689,10,9,2023-11-10,TRUE,4,"Blueberry","Summer",FALSE,4.44,39.96,64,"Urban - High Density",TRUE
8879,48,27,-3,2023-05-01,TRUE,1,"Peach","Winter",TRUE,13.88,-41.64,67,"Urban - Medium Density",NA
8880,1562,5,5,2023-08-20,TRUE,2,"Apricot","Summer",FALSE,10.18,50.9,35,"Urban - Medium Density",TRUE
8881,1335,30,9,2023-11-30,TRUE,3,"Lychee","All Seasons",TRUE,1.21,10.89,76,"Urban - Medium Density",TRUE
8882,374,24,0,2023-01-10,FALSE,3,"Asparagus","Winter",FALSE,2.01,0,38,"Urban - High Density",FALSE
8883,453,31,6,2023-02-04,TRUE,1,"Chestnut","All Seasons",NA,0.13,0.78,22,"Urban - High Density",FALSE
8884,731,8,1,2023-05-25,TRUE,1,"Garlic","Winter",TRUE,3.66,3.66,62,"Rural",TRUE
8885,712,15,3,2023-04-02,TRUE,7,"Cabbage","All Seasons",FALSE,3.34,10.02,52,"Urban - High Density",TRUE
8886,1384,15,1,2023-03-23,TRUE,4,"Cabbage","All Seasons",FALSE,3.34,3.34,20,"Urban - Medium Density",TRUE
8887,988,37,8,2023-09-11,TRUE,50,"Radish","Unknown",TRUE,7.32,58.56,41,"Urban - Medium Density",TRUE
8888,163,12,10,2023-02-22,TRUE,50,"Banana","All Seasons",TRUE,10.29,102.9,35,"Urban - Medium Density",TRUE
8889,547,45,3,2023-07-14,TRUE,50,"Apricot","All Seasons",TRUE,7.43,22.29,40,"Urban - High Density",FALSE
8890,1592,19,0,2023-10-16,TRUE,4,"Banana","Winter",TRUE,-0.17,0,76,"Urban - Medium Density",FALSE
8891,894,6,7,2023-04-02,TRUE,-2,"Walnut","Summer",TRUE,-3.25,-22.75,65,"Urban - Medium Density",FALSE
8892,1722,46,2,2023-03-30,TRUE,5,"Chestnut","All Seasons",TRUE,-4.08,-8.16,43,"Urban - High Density",FALSE
8893,1536,37,-3,2023-05-04,TRUE,3,"Radish","Unknown",TRUE,7.32,-21.96,61,"Urban - Medium Density",TRUE
8894,442,28,9,2023-12-31,TRUE,3,"Raspberry","Unknown",TRUE,14.97,134.73,33,"Urban - Medium Density",FALSE
8895,1301,35,2,2023-05-14,TRUE,3,"Hazelnut","All Seasons",TRUE,6.96,13.92,72,"Urban - Medium Density",FALSE
8896,857,43,4,2023-06-13,TRUE,50,"Pear","Unknown",TRUE,4.62,18.48,26,"Urban - Medium Density",TRUE
8897,222,33,8,2023-06-26,TRUE,1,"Banana","All Seasons",TRUE,13.25,106,55,"Urban - Medium Density",FALSE
8898,1400,6,1,2023-04-10,TRUE,7,"Walnut","Summer",TRUE,-3.25,-3.25,80,"Rural",TRUE
8899,215,39,1,2023-04-14,TRUE,5,"Mango","All Seasons",TRUE,10.84,10.84,27,"Urban - High Density",TRUE
8900,374,17,2,2023-02-22,TRUE,2,"Pea","All Seasons",TRUE,-2.07,-4.14,38,"Urban - High Density",FALSE
8901,1808,47,1,2023-06-17,TRUE,7,"Mango","Summer",FALSE,2.32,2.32,56,"Urban - Medium Density",TRUE
8902,195,34,5,2023-11-19,FALSE,-2,"Celery","Winter",TRUE,5.77,28.85,57,"Urban - High Density",TRUE
8903,527,36,9,2023-07-11,TRUE,7,"Raspberry","Summer",TRUE,5.87,52.83,25,"Urban - High Density",FALSE
8904,1725,37,8,2023-07-06,TRUE,3,"Radish","Unknown",TRUE,7.32,58.56,61,"Rural",FALSE
8905,1884,23,0,2023-12-11,TRUE,5,"Corn","Winter",FALSE,1.53,0,44,"Urban - Medium Density",FALSE
8906,1971,31,4,2023-07-07,FALSE,2,"Chestnut","All Seasons",NA,0.13,0.52,42,"Rural",TRUE
8907,1073,10,4,2023-12-18,TRUE,5,"Blueberry","Summer",FALSE,4.44,17.76,57,"Urban - High Density",TRUE
8908,259,29,8,2023-08-27,TRUE,4,"Orange","Summer",FALSE,9.07,72.56,25,"Urban - High Density",TRUE
8909,275,34,3,2023-09-09,TRUE,6,"Celery","Winter",TRUE,5.77,17.31,42,"Urban - High Density",TRUE
8910,737,41,7,2023-09-02,TRUE,6,"Strawberry","Summer",TRUE,4.94,34.58,46,"Urban - High Density",TRUE
8911,617,32,6,2023-05-25,TRUE,1,"Raspberry","All Seasons",TRUE,12.49,74.94,57,"Urban - High Density",TRUE
8912,1842,13,10,2023-07-02,TRUE,5,"Cucumber","All Seasons",NA,8.17,81.7,54,"Urban - High Density",TRUE
8913,1307,27,7,2023-10-17,TRUE,7,"Peach","Winter",TRUE,13.88,97.16,45,"Urban - High Density",TRUE
8914,1848,13,5,2023-02-15,TRUE,5,"Cucumber","All Seasons",NA,8.17,40.85,41,"Urban - Medium Density",TRUE
8915,1300,43,6,2023-08-28,TRUE,7,"Pear","Unknown",TRUE,4.62,27.72,36,"Urban - High Density",TRUE
8916,1516,19,-3,2023-04-03,TRUE,5,"Banana","Winter",TRUE,-0.17,0.51,70,"Urban - Medium Density",TRUE
8917,696,13,5,2023-08-05,TRUE,2,"Cucumber","All Seasons",NA,8.17,40.85,50,"Urban - High Density",TRUE
8918,1810,4,6,2023-01-14,TRUE,6,"Watermelon","Unknown",TRUE,12.08,72.48,80,"Urban - High Density",TRUE
8919,481,48,3,2023-08-30,TRUE,7,"Blueberry","Winter",TRUE,0.78,2.34,40,"Urban - High Density",FALSE
8920,1392,33,-3,2023-10-19,TRUE,-2,"Banana","All Seasons",TRUE,13.25,-39.75,41,"Rural",TRUE
8921,319,6,4,2023-02-07,TRUE,7,"Walnut","Summer",TRUE,-3.25,-13,36,"Urban - High Density",TRUE
8922,1438,13,8,2023-04-11,TRUE,4,"Cucumber","All Seasons",NA,8.17,65.36,76,"Urban - High Density",FALSE
8923,1359,47,10,2023-06-25,TRUE,5,"Mango","Summer",FALSE,2.32,23.2,62,"Urban - Medium Density",TRUE
8924,1727,41,4,2023-04-23,TRUE,5,"Strawberry","Summer",TRUE,4.94,19.76,73,"Urban - High Density",FALSE
8925,265,28,2,2023-02-03,TRUE,7,"Raspberry","Unknown",TRUE,14.97,29.94,68,"Urban - High Density",FALSE
8926,1290,49,9,2023-06-25,TRUE,-2,"Cherry","Summer",NA,1.84,16.56,29,"Urban - High Density",TRUE
8927,1935,20,7,2023-04-18,TRUE,2,"Corn","All Seasons",TRUE,12.25,85.75,23,"Urban - High Density",TRUE
8928,696,30,2,2023-06-21,TRUE,50,"Lychee","All Seasons",TRUE,1.21,2.42,50,"Urban - High Density",TRUE
8929,1533,21,7,2023-05-25,TRUE,7,"Sweet Potato","All Seasons",TRUE,12.3,86.1,26,"Urban - Medium Density",FALSE
8930,866,37,6,2023-02-28,TRUE,4,"Radish","Unknown",TRUE,7.32,43.92,18,"Urban - High Density",TRUE
8931,909,27,5,2023-01-18,TRUE,2,"Peach","Winter",TRUE,13.88,69.4,26,"Urban - High Density",FALSE
8932,1042,18,6,2023-12-24,TRUE,5,"Apple","All Seasons",TRUE,14.07,84.42,44,"Urban - Medium Density",FALSE
8933,436,33,7,2023-08-20,TRUE,4,"Banana","All Seasons",TRUE,13.25,92.75,38,"Urban - High Density",TRUE
8934,1087,33,0,2023-03-31,FALSE,4,"Banana","All Seasons",TRUE,13.25,0,77,"Urban - High Density",FALSE
8935,181,18,-3,2023-02-17,TRUE,3,"Apple","All Seasons",TRUE,14.07,-42.21,68,"Urban - High Density",FALSE
8936,875,12,3,2023-01-01,TRUE,7,"Banana","All Seasons",TRUE,10.29,30.87,36,"Urban - Medium Density",TRUE
8937,732,49,3,2023-12-08,TRUE,50,"Cherry","Summer",NA,1.84,5.52,61,"Unknown",TRUE
8938,1958,34,6,2023-07-08,TRUE,-2,"Celery","Winter",TRUE,5.77,34.62,49,"Unknown",FALSE
8939,1562,21,8,2023-09-16,TRUE,5,"Sweet Potato","All Seasons",TRUE,12.3,98.4,35,"Urban - Medium Density",TRUE
8940,1748,42,10,2023-01-20,TRUE,6,"Pomegranate","Winter",TRUE,10.95,109.5,74,"Urban - Medium Density",TRUE
8941,960,47,6,2023-10-20,TRUE,3,"Mango","Summer",FALSE,2.32,13.92,46,"Urban - High Density",TRUE
8942,1844,36,7,2023-07-14,TRUE,6,"Raspberry","Summer",TRUE,5.87,41.09,39,"Urban - High Density",TRUE
8943,868,27,7,2023-06-26,TRUE,-2,"Peach","Winter",TRUE,13.88,97.16,36,"Urban - Medium Density",TRUE
8944,965,34,10,2023-02-12,TRUE,-2,"Celery","Winter",TRUE,5.77,57.7,53,"Urban - High Density",TRUE
8945,978,31,-3,2023-07-22,TRUE,50,"Chestnut","All Seasons",NA,0.13,-0.39,47,"Urban - Medium Density",TRUE
8946,956,34,10,2023-09-22,TRUE,-2,"Celery","Winter",TRUE,5.77,57.7,32,"Rural",TRUE
8947,1024,9,-3,2023-05-23,FALSE,3,"Onion","Unknown",TRUE,5.01,-15.03,27,"",FALSE
8948,1286,44,2,2023-12-16,TRUE,1,"Apple","Summer",TRUE,9.24,18.48,30,"Urban - High Density",TRUE
8949,690,36,1,2023-09-16,TRUE,50,"Raspberry","Summer",TRUE,5.87,5.87,60,"Rural",TRUE
8950,1601,13,9,2023-05-02,TRUE,5,"Cucumber","All Seasons",NA,8.17,73.53,34,"Urban - Medium Density",FALSE
8951,1694,28,3,2023-11-06,TRUE,50,"Raspberry","Unknown",TRUE,14.97,44.91,51,"Urban - High Density",TRUE
8952,1353,10,0,2023-11-08,TRUE,4,"Blueberry","Summer",FALSE,4.44,0,41,"Urban - High Density",FALSE
8953,661,46,2,2023-02-10,TRUE,3,"Chestnut","All Seasons",TRUE,-4.08,-8.16,65,"Urban - High Density",FALSE
8954,1702,8,4,2023-02-14,TRUE,3,"Garlic","Winter",TRUE,3.66,14.64,38,"Urban - High Density",TRUE
8955,185,33,5,2023-06-11,TRUE,4,"Banana","All Seasons",TRUE,13.25,66.25,120,"Urban - High Density",FALSE
8956,1554,14,9,2023-04-30,TRUE,50,"Fig","Summer",TRUE,3.67,33.03,68,"Urban - Medium Density",FALSE
8957,39,45,0,2023-02-17,TRUE,5,"Apricot","All Seasons",TRUE,7.43,0,31,"Unknown",FALSE
8958,1968,39,0,2023-01-09,TRUE,4,"Mango","All Seasons",TRUE,10.84,0,77,"Urban - Medium Density",FALSE
8959,77,23,4,2023-10-18,TRUE,6,"Corn","Winter",FALSE,1.53,6.12,42,"Urban - High Density",TRUE
8960,539,35,5,2023-09-06,TRUE,2,"Hazelnut","All Seasons",TRUE,6.96,34.8,33,"Urban - High Density",TRUE
8961,1705,17,7,2023-05-16,TRUE,3,"Pea","All Seasons",TRUE,-2.07,-14.49,69,"Urban - High Density",TRUE
8962,32,9,1,2023-12-22,TRUE,5,"Onion","Unknown",TRUE,5.01,5.01,28,"Unknown",TRUE
8963,1700,29,3,2023-04-18,TRUE,-2,"Orange","Summer",FALSE,9.07,27.21,31,"Urban - Medium Density",TRUE
8964,1573,27,0,2023-08-10,TRUE,2,"Peach","Winter",TRUE,13.88,0,66,"Rural",TRUE
8965,1824,30,1,2023-02-17,TRUE,5,"Lychee","All Seasons",TRUE,1.21,1.21,41,"",TRUE
8966,1497,9,7,2023-11-10,TRUE,5,"Onion","Unknown",TRUE,5.01,35.07,34,"Rural",TRUE
8967,573,30,10,2023-05-05,TRUE,1,"Lychee","All Seasons",TRUE,1.21,12.1,58,"Urban - High Density",TRUE
8968,1341,16,4,2023-04-18,TRUE,1,"Chestnut","Summer",TRUE,3.39,13.56,23,"Urban - Medium Density",FALSE
8969,1030,36,6,2023-07-05,TRUE,4,"Raspberry","Summer",TRUE,5.87,35.22,45,"Urban - Medium Density",TRUE
8970,498,24,8,2023-12-31,TRUE,3,"Asparagus","Winter",FALSE,2.01,16.08,32,"Urban - High Density",TRUE
8971,1876,23,3,2023-06-01,TRUE,7,"Corn","Winter",FALSE,1.53,4.59,71,"Urban - Medium Density",TRUE
8972,27,21,0,2023-11-02,TRUE,5,"Sweet Potato","All Seasons",TRUE,12.3,0,68,"Urban - High Density",TRUE
8973,912,29,0,2023-11-05,TRUE,4,"Orange","Summer",FALSE,9.07,0,49,"Unknown",TRUE
8974,1418,18,8,2023-04-06,TRUE,3,"Apple","All Seasons",TRUE,14.07,112.56,27,"Urban - High Density",FALSE
8975,903,40,5,2023-12-29,TRUE,5,"Orange","Winter",FALSE,3.87,19.35,55,"Urban - High Density",TRUE
8976,1646,27,10,2023-08-01,NA,5,"Peach","Winter",TRUE,13.88,138.8,40,"Urban - High Density",TRUE
8977,905,42,8,2023-12-18,TRUE,4,"Pomegranate","Winter",TRUE,10.95,87.6,20,"Rural",TRUE
8978,1328,43,10,2023-02-05,TRUE,5,"Pear","Unknown",TRUE,4.62,46.2,63,"Urban - High Density",TRUE
8979,574,31,6,2023-03-17,TRUE,50,"Chestnut","All Seasons",NA,0.13,0.78,71,"Urban - Medium Density",FALSE
8980,225,45,7,2023-06-06,TRUE,6,"Apricot","All Seasons",TRUE,7.43,52.01,28,"Urban - Medium Density",TRUE
8981,239,18,-3,2023-08-14,TRUE,1,"Apple","All Seasons",TRUE,14.07,-42.21,31,"Urban - Medium Density",TRUE
8982,1862,6,5,2023-03-14,TRUE,2,"Walnut","Summer",TRUE,-3.25,-16.25,44,"Urban - High Density",NA
8983,1244,2,3,2023-09-16,TRUE,2,"Grape","Unknown",TRUE,10.56,31.68,78,"Urban - High Density",TRUE
8984,471,24,-3,2023-06-06,TRUE,3,"Asparagus","Winter",FALSE,2.01,-6.03,54,"Urban - High Density",TRUE
8985,650,27,1,2023-01-08,TRUE,6,"Peach","Winter",TRUE,13.88,13.88,63,"Rural",TRUE
8986,1046,12,6,2023-12-05,TRUE,-2,"Banana","All Seasons",TRUE,10.29,61.74,49,"Urban - High Density",TRUE
8987,1827,32,9,2023-01-26,TRUE,7,"Raspberry","All Seasons",TRUE,12.49,112.41,29,"Rural",FALSE
8988,874,46,3,2023-12-17,TRUE,3,"Chestnut","All Seasons",TRUE,-4.08,-12.24,5,"Urban - Medium Density",TRUE
8989,1842,23,7,2023-07-20,TRUE,5,"Corn","Winter",FALSE,1.53,10.71,54,"Urban - High Density",TRUE
8990,1121,15,2,2023-08-25,TRUE,3,"Cabbage","All Seasons",FALSE,3.34,6.68,25,"Urban - High Density",TRUE
8991,1546,13,9,2023-09-15,TRUE,50,"Cucumber","All Seasons",NA,8.17,73.53,54,"Rural",TRUE
8992,171,10,3,2023-06-01,TRUE,5,"Blueberry","Summer",FALSE,4.44,13.32,60,"Urban - Medium Density",FALSE
8993,569,4,2,2023-06-17,TRUE,50,"Watermelon","Unknown",TRUE,12.08,24.16,54,"Urban - High Density",TRUE
8994,1419,37,10,2023-11-05,TRUE,7,"Radish","Unknown",TRUE,7.32,73.2,20,"Urban - High Density",TRUE
8995,1071,3,2,2023-11-20,TRUE,2,"Raspberry","Unknown",FALSE,10.26,20.52,51,"Urban - High Density",TRUE
8996,1243,35,1,2023-08-13,TRUE,3,"Hazelnut","All Seasons",TRUE,6.96,6.96,55,"Urban - High Density",TRUE
8997,535,33,4,2023-10-28,TRUE,6,"Banana","All Seasons",TRUE,13.25,53,73,"Urban - High Density",FALSE
8998,1709,33,6,2023-04-28,FALSE,5,"Banana","All Seasons",TRUE,13.25,79.5,25,"Urban - High Density",FALSE
8999,447,34,5,2024-01-01,FALSE,6,"Celery","Winter",TRUE,5.77,28.85,71,"Urban - High Density",FALSE
9000,823,41,4,2023-03-10,FALSE,6,"Strawberry","Summer",TRUE,4.94,19.76,26,"Urban - High Density",TRUE
9001,168,45,8,2023-11-19,TRUE,1,"Apricot","All Seasons",TRUE,7.43,59.44,40,"Urban - Medium Density",TRUE
9002,748,45,2,2023-12-13,TRUE,-2,"Apricot","All Seasons",TRUE,7.43,14.86,67,"Urban - Medium Density",FALSE
9003,1018,13,7,2023-06-25,TRUE,1,"Cucumber","All Seasons",NA,8.17,57.19,64,"Urban - High Density",TRUE
9004,153,26,3,2023-11-24,TRUE,3,"Mango","Summer",TRUE,-1.79,-5.37,22,"Urban - High Density",TRUE
9005,782,43,1,2023-05-03,TRUE,3,"Pear","Unknown",TRUE,4.62,4.62,22,"Urban - High Density",TRUE
9006,985,11,2,2023-01-07,TRUE,-2,"Strawberry","Summer",TRUE,5.35,10.7,45,"Urban - High Density",TRUE
9007,711,20,2,2023-01-11,TRUE,4,"Corn","All Seasons",TRUE,12.25,24.5,24,"Urban - Medium Density",FALSE
9008,1334,19,1,2023-09-07,FALSE,5,"Banana","Winter",TRUE,-0.17,-0.17,30,"Urban - High Density",FALSE
9009,202,20,4,2023-01-25,TRUE,7,"Corn","All Seasons",TRUE,12.25,49,38,"Urban - High Density",NA
9010,384,31,3,2023-05-08,TRUE,5,"Chestnut","All Seasons",NA,0.13,0.39,48,"Urban - High Density",NA
9011,293,3,3,2023-06-16,TRUE,4,"Raspberry","Unknown",FALSE,10.26,30.78,78,"Urban - High Density",TRUE
9012,575,2,1,2023-12-22,TRUE,-2,"Grape","Unknown",TRUE,10.56,10.56,37,"Urban - High Density",FALSE
9013,840,36,9,2023-01-28,TRUE,-2,"Raspberry","Summer",TRUE,5.87,52.83,63,"Rural",FALSE
9014,1195,7,5,2023-03-22,TRUE,3,"Lettuce","Unknown",TRUE,8.68,43.4,51,"Urban - High Density",TRUE
9015,1944,38,3,2023-07-25,TRUE,3,"Apricot","Summer",TRUE,8.8,26.4,74,"Urban - Medium Density",FALSE
9016,228,39,3,2023-07-01,TRUE,2,"Mango","All Seasons",TRUE,10.84,32.52,56,"Urban - Medium Density",TRUE
9017,976,42,5,2023-03-30,TRUE,1,"Pomegranate","Winter",TRUE,10.95,54.75,46,"Urban - Medium Density",TRUE
9018,277,35,7,2023-08-29,TRUE,-2,"Hazelnut","All Seasons",TRUE,6.96,48.72,55,"Urban - High Density",TRUE
9019,316,21,3,2023-08-25,TRUE,2,"Sweet Potato","All Seasons",TRUE,12.3,36.9,61,"Urban - High Density",FALSE
9020,709,10,9,2023-01-05,TRUE,50,"Blueberry","Summer",FALSE,4.44,39.96,31,"Rural",FALSE
9021,1898,11,2,2023-12-07,TRUE,3,"Strawberry","Summer",TRUE,5.35,10.7,37,"Urban - Medium Density",FALSE
9022,738,49,9,2023-11-09,TRUE,1,"Cherry","Summer",NA,1.84,16.56,53,"Urban - High Density",FALSE
9023,1434,32,4,2023-12-20,TRUE,5,"Raspberry","All Seasons",TRUE,12.49,49.96,68,"Rural",TRUE
9024,1113,36,7,2023-06-11,TRUE,4,"Raspberry","Summer",TRUE,5.87,41.09,34,"Urban - High Density",FALSE
9025,437,47,4,2023-06-08,TRUE,-2,"Mango","Summer",FALSE,2.32,9.28,56,"Urban - High Density",NA
9026,923,36,-3,2023-12-10,TRUE,-2,"Raspberry","Summer",TRUE,5.87,-17.61,62,"Urban - Medium Density",FALSE
9027,296,25,6,2023-05-29,TRUE,50,"Broccoli","All Seasons",TRUE,3.11,18.66,69,"Urban - High Density",FALSE
9028,1079,24,9,2023-04-20,FALSE,6,"Asparagus","Winter",FALSE,2.01,18.09,52,"Urban - Medium Density",TRUE
9029,1848,10,9,2023-05-07,TRUE,2,"Blueberry","Summer",FALSE,4.44,39.96,41,"Urban - Medium Density",TRUE
9030,922,15,7,2023-08-26,TRUE,-2,"Cabbage","All Seasons",FALSE,3.34,23.38,19,"Urban - High Density",TRUE
9031,1278,33,7,2023-10-20,TRUE,50,"Banana","All Seasons",TRUE,13.25,92.75,73,"Urban - Medium Density",FALSE
9032,1676,10,3,2023-10-08,TRUE,3,"Blueberry","Summer",FALSE,4.44,13.32,64,"Urban - Medium Density",FALSE
9033,1415,41,8,2023-01-01,TRUE,4,"Strawberry","Summer",TRUE,4.94,39.52,68,"Urban - High Density",FALSE
9034,1715,14,10,2023-06-12,TRUE,7,"Fig","Summer",TRUE,3.67,36.7,53,"Urban - Medium Density",FALSE
9035,69,31,6,2023-07-25,TRUE,1,"Chestnut","All Seasons",NA,0.13,0.78,69,"Urban - Medium Density",FALSE
9036,695,16,5,2023-10-22,TRUE,1,"Chestnut","Summer",TRUE,3.39,16.95,35,"Urban - Medium Density",FALSE
9037,1061,10,-3,2023-06-08,TRUE,5,"Blueberry","Summer",FALSE,4.44,-13.32,66,"Urban - Medium Density",TRUE
9038,1415,26,-3,2023-08-06,TRUE,50,"Mango","Summer",TRUE,-1.79,5.37,68,"Urban - High Density",FALSE
9039,261,40,10,2023-01-12,TRUE,5,"Orange","Winter",FALSE,3.87,38.7,39,"Urban - Medium Density",TRUE
9040,124,37,5,2023-04-01,TRUE,-2,"Radish","Unknown",TRUE,7.32,36.6,76,"Urban - High Density",TRUE
9041,823,19,-3,2023-06-30,NA,1,"Banana","Winter",TRUE,-0.17,0.51,26,"Urban - High Density",TRUE
9042,119,30,5,2023-12-29,TRUE,4,"Lychee","All Seasons",TRUE,1.21,6.05,25,"Urban - High Density",TRUE
9043,1970,18,1,2023-08-30,TRUE,2,"Apple","All Seasons",TRUE,14.07,14.07,38,"Urban - High Density",TRUE
9044,983,46,8,2023-09-15,TRUE,6,"Chestnut","All Seasons",TRUE,-4.08,-32.64,40,"Rural",TRUE
9045,1131,8,7,2023-07-15,TRUE,50,"Garlic","Winter",TRUE,3.66,25.62,48,"Rural",TRUE
9046,885,17,8,2023-07-29,TRUE,50,"Pea","All Seasons",TRUE,-2.07,-16.56,46,"",FALSE
9047,1063,32,6,2023-05-12,TRUE,1,"Raspberry","All Seasons",TRUE,12.49,74.94,65,"Rural",TRUE
9048,47,16,2,2023-08-08,TRUE,7,"Chestnut","Summer",TRUE,3.39,6.78,40,"Urban - Medium Density",TRUE
9049,831,1,0,2023-11-14,TRUE,-2,"Strawberry","Unknown",TRUE,4.42,0,34,"Urban - Medium Density",FALSE
9050,1037,21,4,2023-03-09,TRUE,2,"Sweet Potato","All Seasons",TRUE,12.3,49.2,69,"Rural",TRUE
9051,188,18,4,2023-06-15,TRUE,1,"Apple","All Seasons",TRUE,14.07,56.28,28,"Urban - High Density",FALSE
9052,1253,38,4,2023-06-10,TRUE,50,"Apricot","Summer",TRUE,8.8,35.2,75,"Rural",TRUE
9053,1970,44,0,2023-03-23,TRUE,4,"Apple","Summer",TRUE,9.24,0,38,"Urban - High Density",TRUE
9054,373,44,4,2023-02-08,TRUE,2,"Apple","Summer",TRUE,9.24,36.96,45,"Urban - High Density",TRUE
9055,1205,43,1,2023-09-24,TRUE,7,"Pear","Unknown",TRUE,4.62,4.62,32,"Urban - High Density",FALSE
9056,530,10,8,2023-04-15,TRUE,50,"Blueberry","Summer",FALSE,4.44,35.52,20,"Urban - High Density",FALSE
9057,525,4,5,2023-05-14,TRUE,-2,"Watermelon","Unknown",TRUE,12.08,60.4,66,"Urban - High Density",TRUE
9058,1566,29,-3,2023-01-02,FALSE,3,"Orange","Summer",FALSE,9.07,-27.21,32,"Urban - High Density",FALSE
9059,382,8,2,2023-03-26,TRUE,7,"Garlic","Winter",TRUE,3.66,7.32,51,"Rural",TRUE
9060,193,6,1,2023-09-04,TRUE,6,"Walnut","Summer",TRUE,-3.25,-3.25,78,"Urban - High Density",FALSE
9061,1542,25,0,2023-05-24,TRUE,-2,"Broccoli","All Seasons",TRUE,3.11,0,50,"Urban - Medium Density",TRUE
9062,1973,7,9,2023-08-28,TRUE,5,"Lettuce","Unknown",TRUE,8.68,78.12,35,"Urban - Medium Density",NA
9063,698,37,5,2023-01-11,TRUE,50,"Radish","Unknown",TRUE,7.32,36.6,46,"Urban - High Density",FALSE
9064,1590,37,6,2023-11-23,TRUE,7,"Radish","Unknown",TRUE,7.32,43.92,30,"Urban - High Density",TRUE
9065,1725,27,6,2023-10-19,TRUE,5,"Peach","Winter",TRUE,13.88,83.28,61,"Rural",FALSE
9066,1669,1,9,2023-11-09,TRUE,4,"Strawberry","Unknown",TRUE,4.42,39.78,22,"Urban - High Density",FALSE
9067,1414,45,6,2023-04-18,TRUE,5,"Apricot","All Seasons",TRUE,7.43,44.58,32,"Urban - High Density",FALSE
9068,1334,2,2,2023-03-05,TRUE,5,"Grape","Unknown",TRUE,10.56,21.12,30,"Urban - High Density",FALSE
9069,1515,48,8,2023-03-15,TRUE,5,"Blueberry","Winter",TRUE,0.78,6.24,73,"Urban - High Density",FALSE
9070,1569,15,1,2023-05-21,TRUE,6,"Cabbage","All Seasons",FALSE,3.34,3.34,58,"Urban - Medium Density",TRUE
9071,1322,2,10,2023-06-18,TRUE,5,"Grape","Unknown",TRUE,10.56,105.6,26,"Urban - Medium Density",TRUE
9072,147,44,-3,2023-10-17,TRUE,2,"Apple","Summer",TRUE,9.24,-27.72,21,"Rural",TRUE
9073,1546,35,10,2023-03-21,TRUE,50,"Hazelnut","All Seasons",TRUE,6.96,69.6,54,"Rural",TRUE
9074,1871,25,7,2023-09-18,TRUE,7,"Broccoli","All Seasons",TRUE,3.11,21.77,75,"Rural",FALSE
9075,225,35,3,2023-07-16,TRUE,3,"Hazelnut","All Seasons",TRUE,6.96,20.88,28,"Urban - Medium Density",TRUE
9076,1056,38,6,2023-02-26,TRUE,6,"Apricot","Summer",TRUE,8.8,52.8,57,"Urban - High Density",FALSE
9077,1829,33,-3,2023-01-19,TRUE,2,"Banana","All Seasons",TRUE,13.25,-39.75,29,"Urban - Medium Density",FALSE
9078,1803,37,8,2023-06-08,TRUE,6,"Radish","Unknown",TRUE,7.32,58.56,74,"Urban - High Density",FALSE
9079,740,9,9,2023-12-09,TRUE,2,"Onion","Unknown",TRUE,5.01,45.09,75,"Urban - High Density",TRUE
9080,1770,40,2,2023-02-13,TRUE,-2,"Orange","Winter",FALSE,3.87,7.74,19,"Urban - High Density",TRUE
9081,639,17,10,2023-07-14,TRUE,7,"Pea","All Seasons",TRUE,-2.07,-20.7,76,"Urban - High Density",FALSE
9082,496,47,4,2023-09-14,TRUE,3,"Mango","Summer",FALSE,2.32,9.28,120,"Urban - High Density",FALSE
9083,1485,50,-3,2023-04-01,TRUE,3,"Sweet Potato","Unknown",FALSE,1.01,-3.03,74,"Rural",TRUE
9084,1452,50,1,2023-01-29,TRUE,7,"Sweet Potato","Unknown",FALSE,1.01,1.01,72,"Urban - High Density",FALSE
9085,466,40,5,2023-06-15,FALSE,1,"Orange","Winter",FALSE,3.87,19.35,25,"Urban - Medium Density",FALSE
9086,48,10,2,2023-07-10,TRUE,2,"Blueberry","Summer",FALSE,4.44,8.88,67,"Urban - Medium Density",NA
9087,1107,28,6,2023-04-11,TRUE,3,"Raspberry","Unknown",TRUE,14.97,89.82,59,"Urban - High Density",TRUE
9088,1043,13,3,2023-03-08,TRUE,1,"Cucumber","All Seasons",NA,8.17,24.51,66,"Unknown",TRUE
9089,802,31,-3,2023-08-06,TRUE,3,"Chestnut","All Seasons",NA,0.13,-0.39,52,"Urban - Medium Density",FALSE
9090,1168,15,1,2023-01-13,TRUE,7,"Cabbage","All Seasons",FALSE,3.34,3.34,62,"Urban - High Density",FALSE
9091,992,15,8,2023-05-02,TRUE,3,"Cabbage","All Seasons",FALSE,3.34,26.72,36,"Urban - High Density",TRUE
9092,1406,14,3,2023-04-03,TRUE,3,"Fig","Summer",TRUE,3.67,11.01,48,"Urban - High Density",FALSE
9093,1453,37,0,2023-06-16,TRUE,1,"Radish","Unknown",TRUE,7.32,0,60,"Urban - Medium Density",TRUE
9094,965,49,5,2023-11-05,TRUE,2,"Cherry","Summer",NA,1.84,9.2,53,"Urban - High Density",TRUE
9095,835,29,6,2023-02-17,TRUE,-2,"Orange","Summer",FALSE,9.07,54.42,26,"Urban - High Density",TRUE
9096,562,28,1,2023-07-11,TRUE,2,"Raspberry","Unknown",TRUE,14.97,14.97,44,"Urban - Medium Density",TRUE
9097,1933,35,10,2023-03-16,TRUE,3,"Hazelnut","All Seasons",TRUE,6.96,69.6,45,"Unknown",FALSE
9098,1555,20,5,2023-12-06,TRUE,50,"Corn","All Seasons",TRUE,12.25,61.25,62,"Urban - Medium Density",TRUE
9099,242,27,1,2023-01-17,FALSE,2,"Peach","Winter",TRUE,13.88,13.88,48,"Urban - High Density",FALSE
9100,1204,41,6,2023-04-30,TRUE,2,"Strawberry","Summer",TRUE,4.94,29.64,61,"Urban - Medium Density",TRUE
9101,81,50,0,2023-07-05,TRUE,5,"Sweet Potato","Unknown",FALSE,1.01,0,39,"Urban - High Density",FALSE
9102,1258,22,9,2023-04-17,TRUE,50,"Green Bean","All Seasons",FALSE,-4.21,-37.89,42,"Urban - High Density",FALSE
9103,1537,42,8,2023-07-04,TRUE,2,"Pomegranate","Winter",TRUE,10.95,87.6,120,"Rural",TRUE
9104,1111,8,1,2023-09-29,TRUE,7,"Garlic","Winter",TRUE,3.66,3.66,59,"Urban - High Density",TRUE
9105,1613,3,4,2023-08-12,TRUE,1,"Raspberry","Unknown",FALSE,10.26,41.04,78,"Urban - High Density",TRUE
9106,530,34,-3,2023-01-01,TRUE,50,"Celery","Winter",TRUE,5.77,-17.31,20,"Urban - High Density",FALSE
9107,741,13,6,2023-02-21,TRUE,1,"Cucumber","All Seasons",NA,8.17,49.02,20,"Urban - High Density",TRUE
9108,1603,15,2,2023-11-06,TRUE,5,"Cabbage","All Seasons",FALSE,3.34,6.68,48,"Urban - Medium Density",TRUE
9109,598,16,1,2023-01-20,TRUE,-2,"Chestnut","Summer",TRUE,3.39,3.39,44,"Rural",TRUE
9110,1245,50,0,2023-12-09,FALSE,4,"Sweet Potato","Unknown",FALSE,1.01,0,25,"Urban - High Density",FALSE
9111,749,3,10,2023-09-02,TRUE,50,"Raspberry","Unknown",FALSE,10.26,102.6,61,"Urban - High Density",FALSE
9112,326,2,8,2023-05-03,TRUE,5,"Grape","Unknown",TRUE,10.56,84.48,21,"Unknown",TRUE
9113,1118,11,5,2023-07-15,TRUE,7,"Strawberry","Summer",TRUE,5.35,26.75,41,"Urban - High Density",TRUE
9114,834,16,-3,2023-01-02,TRUE,6,"Chestnut","Summer",TRUE,3.39,-10.17,37,"Urban - High Density",TRUE
9115,1867,36,6,2023-10-13,TRUE,6,"Raspberry","Summer",TRUE,5.87,35.22,40,"Urban - High Density",FALSE
9116,1693,20,4,2023-03-01,TRUE,3,"Corn","All Seasons",TRUE,12.25,49,52,"Urban - High Density",TRUE
9117,1684,46,6,2023-09-15,TRUE,5,"Chestnut","All Seasons",TRUE,-4.08,-24.48,49,"Urban - High Density",TRUE
9118,634,36,9,2023-05-07,FALSE,1,"Raspberry","Summer",TRUE,5.87,52.83,56,"Urban - High Density",TRUE
9119,178,3,7,2023-07-23,TRUE,3,"Raspberry","Unknown",FALSE,10.26,71.82,32,"Urban - Medium Density",FALSE
9120,478,2,9,2023-11-20,TRUE,50,"Grape","Unknown",TRUE,10.56,95.04,62,"Urban - Medium Density",FALSE
9121,459,28,-3,2023-01-20,TRUE,1,"Raspberry","Unknown",TRUE,14.97,-44.91,26,"Urban - High Density",FALSE
9122,254,35,10,2023-09-14,TRUE,2,"Hazelnut","All Seasons",TRUE,6.96,69.6,74,"Urban - Medium Density",FALSE
9123,771,38,0,2023-06-21,TRUE,5,"Apricot","Summer",TRUE,8.8,0,64,"Urban - Medium Density",TRUE
9124,1765,15,3,2023-12-26,TRUE,1,"Cabbage","All Seasons",FALSE,3.34,10.02,57,"Urban - High Density",TRUE
9125,1145,2,-3,2023-11-25,TRUE,-2,"Grape","Unknown",TRUE,10.56,-31.68,43,"Rural",TRUE
9126,1691,5,9,2023-05-30,TRUE,6,"Apricot","Summer",FALSE,10.18,91.62,37,"Urban - High Density",NA
9127,1984,39,2,2023-09-02,TRUE,-2,"Mango","All Seasons",TRUE,10.84,21.68,32,"Urban - High Density",TRUE
9128,1808,44,10,2023-03-24,TRUE,3,"Apple","Summer",TRUE,9.24,92.4,56,"Urban - Medium Density",TRUE
9129,1950,30,10,2023-03-18,TRUE,4,"Lychee","All Seasons",TRUE,1.21,12.1,46,"Rural",TRUE
9130,429,43,7,2023-06-15,TRUE,-2,"Pear","Unknown",TRUE,4.62,32.34,5,"Rural",FALSE
9131,1012,21,6,2023-11-08,TRUE,5,"Sweet Potato","All Seasons",TRUE,12.3,73.8,26,"Urban - High Density",TRUE
9132,1088,25,3,2023-03-19,TRUE,-2,"Broccoli","All Seasons",TRUE,3.11,9.33,23,"Rural",TRUE
9133,1241,37,7,2023-06-28,TRUE,3,"Radish","Unknown",TRUE,7.32,51.24,40,"Urban - Medium Density",TRUE
9134,1713,22,10,2023-03-14,TRUE,7,"Green Bean","All Seasons",FALSE,-4.21,-42.1,35,"Urban - Medium Density",TRUE
9135,524,38,2,2023-03-01,TRUE,5,"Apricot","Summer",TRUE,8.8,17.6,79,"Urban - High Density",FALSE
9136,984,14,0,2023-07-01,TRUE,50,"Fig","Summer",TRUE,3.67,0,53,"Rural",TRUE
9137,1453,32,5,2023-09-05,FALSE,3,"Raspberry","All Seasons",TRUE,12.49,62.45,60,"Urban - Medium Density",TRUE
9138,824,43,5,2023-03-02,TRUE,4,"Pear","Unknown",TRUE,4.62,23.1,75,"Urban - High Density",TRUE
9139,665,24,0,2023-11-01,TRUE,-2,"Asparagus","Winter",FALSE,2.01,0,71,"Urban - High Density",TRUE
9140,1342,20,1,2023-12-22,TRUE,-2,"Corn","All Seasons",TRUE,12.25,12.25,23,"Urban - High Density",TRUE
9141,726,49,0,2023-07-13,TRUE,5,"Cherry","Summer",NA,1.84,0,38,"Urban - High Density",TRUE
9142,928,7,7,2023-09-13,TRUE,6,"Lettuce","Unknown",TRUE,8.68,60.76,64,"Urban - High Density",TRUE
9143,761,24,8,2023-09-11,TRUE,7,"Asparagus","Winter",FALSE,2.01,16.08,18,"Urban - High Density",TRUE
9144,326,46,7,2023-05-29,TRUE,1,"Chestnut","All Seasons",TRUE,-4.08,-28.56,21,"Unknown",TRUE
9145,1416,46,10,2023-01-12,TRUE,5,"Chestnut","All Seasons",TRUE,-4.08,-40.8,23,"Urban - High Density",FALSE
9146,1160,17,5,2023-08-10,TRUE,4,"Pea","All Seasons",TRUE,-2.07,-10.35,56,"",TRUE
9147,435,7,8,2023-08-09,TRUE,3,"Lettuce","Unknown",TRUE,8.68,69.44,76,"Urban - Medium Density",TRUE
9148,627,18,0,2023-06-12,TRUE,2,"Apple","All Seasons",TRUE,14.07,0,50,"Urban - Medium Density",FALSE
9149,101,34,9,2023-06-22,TRUE,2,"Celery","Winter",TRUE,5.77,51.93,37,"Urban - High Density",TRUE
9150,961,22,4,2023-07-08,TRUE,2,"Green Bean","All Seasons",FALSE,-4.21,-16.84,56,"Urban - High Density",TRUE
9151,1090,11,2,2023-04-19,TRUE,7,"Strawberry","Summer",TRUE,5.35,10.7,64,"Urban - High Density",FALSE
9152,667,48,2,2023-04-15,TRUE,7,"Blueberry","Winter",TRUE,0.78,1.56,18,"Urban - Medium Density",TRUE
9153,1422,10,6,2023-05-30,TRUE,2,"Blueberry","Summer",FALSE,4.44,26.64,66,"Urban - High Density",TRUE
9154,430,24,5,2023-09-07,TRUE,50,"Asparagus","Winter",FALSE,2.01,10.05,67,"Urban - Medium Density",TRUE
9155,779,5,8,2023-09-11,FALSE,50,"Apricot","Summer",FALSE,10.18,81.44,5,"Urban - Medium Density",FALSE
9156,883,32,1,2023-06-18,TRUE,7,"Raspberry","All Seasons",TRUE,12.49,12.49,39,"Urban - High Density",FALSE
9157,250,23,4,2023-06-28,TRUE,5,"Corn","Winter",FALSE,1.53,6.12,66,"Urban - High Density",NA
9158,586,8,-3,2023-08-18,TRUE,6,"Garlic","Winter",TRUE,3.66,-10.98,78,"Urban - High Density",TRUE
9159,1060,15,4,2023-11-07,FALSE,7,"Cabbage","All Seasons",FALSE,3.34,13.36,46,"Urban - High Density",FALSE
9160,942,12,1,2023-06-30,TRUE,1,"Banana","All Seasons",TRUE,10.29,10.29,35,"Urban - High Density",NA
9161,1860,24,10,2023-12-16,TRUE,5,"Asparagus","Winter",FALSE,2.01,20.1,57,"Urban - High Density",TRUE
9162,1036,23,-3,2023-03-05,TRUE,4,"Corn","Winter",FALSE,1.53,-4.59,57,"Unknown",NA
9163,1325,19,4,2023-12-19,TRUE,50,"Banana","Winter",TRUE,-0.17,-0.68,21,"Urban - High Density",FALSE
9164,1815,7,0,2023-04-29,TRUE,7,"Lettuce","Unknown",TRUE,8.68,0,43,"Rural",FALSE
9165,489,11,3,2023-01-30,TRUE,-2,"Strawberry","Summer",TRUE,5.35,16.05,65,"Rural",TRUE
9166,1688,44,9,2023-04-28,TRUE,50,"Apple","Summer",TRUE,9.24,83.16,55,"Urban - High Density",FALSE
9167,1267,2,0,2023-12-06,TRUE,-2,"Grape","Unknown",TRUE,10.56,0,58,"Rural",TRUE
9168,773,43,3,2023-07-30,TRUE,3,"Pear","Unknown",TRUE,4.62,13.86,33,"Urban - Medium Density",TRUE
9169,1307,27,0,2023-03-12,TRUE,1,"Peach","Winter",TRUE,13.88,0,45,"Urban - High Density",TRUE
9170,1163,9,0,2023-05-29,TRUE,2,"Onion","Unknown",TRUE,5.01,0,66,"Urban - Medium Density",TRUE
9171,1021,6,5,2023-06-02,TRUE,3,"Walnut","Summer",TRUE,-3.25,-16.25,59,"Urban - Medium Density",NA
9172,402,47,7,2023-10-24,TRUE,4,"Mango","Summer",FALSE,2.32,16.24,35,"Urban - Medium Density",TRUE
9173,456,18,7,2023-11-11,TRUE,-2,"Apple","All Seasons",TRUE,14.07,98.49,26,"Urban - High Density",FALSE
9174,272,8,2,2023-04-29,TRUE,3,"Garlic","Winter",TRUE,3.66,7.32,26,"Rural",TRUE
9175,1597,46,-3,2023-01-04,TRUE,6,"Chestnut","All Seasons",TRUE,-4.08,12.24,51,"Urban - High Density",TRUE
9176,60,47,-3,2023-04-03,FALSE,3,"Mango","Summer",FALSE,2.32,-6.96,38,"Urban - Medium Density",TRUE
9177,1966,4,3,2023-08-11,TRUE,4,"Watermelon","Unknown",TRUE,12.08,36.24,30,"Urban - High Density",TRUE
9178,1739,14,3,2023-08-15,TRUE,7,"Fig","Summer",TRUE,3.67,11.01,79,"Urban - High Density",FALSE
9179,389,3,9,2023-04-11,TRUE,2,"Raspberry","Unknown",FALSE,10.26,92.34,56,"Rural",TRUE
9180,1226,7,9,2023-10-07,TRUE,3,"Lettuce","Unknown",TRUE,8.68,78.12,25,"Urban - High Density",NA
9181,1124,23,10,2023-06-21,TRUE,5,"Corn","Winter",FALSE,1.53,15.3,53,"Urban - Medium Density",FALSE
9182,456,17,6,2023-03-15,TRUE,3,"Pea","All Seasons",TRUE,-2.07,-12.42,26,"Urban - High Density",FALSE
9183,560,5,3,2023-04-27,TRUE,5,"Apricot","Summer",FALSE,10.18,30.54,52,"Urban - High Density",FALSE
9184,1328,28,6,2023-03-04,TRUE,3,"Raspberry","Unknown",TRUE,14.97,89.82,63,"Urban - High Density",TRUE
9185,44,11,7,2023-07-06,TRUE,2,"Strawberry","Summer",TRUE,5.35,37.45,49,"Urban - Medium Density",TRUE
9186,909,21,5,2023-05-26,TRUE,2,"Sweet Potato","All Seasons",TRUE,12.3,61.5,26,"Urban - High Density",FALSE
9187,1042,18,10,2023-04-27,TRUE,7,"Apple","All Seasons",TRUE,14.07,140.7,44,"Urban - Medium Density",FALSE
9188,1886,18,5,2023-11-29,TRUE,3,"Apple","All Seasons",TRUE,14.07,70.35,66,"Urban - High Density",FALSE
9189,73,23,0,2023-05-01,TRUE,5,"Corn","Winter",FALSE,1.53,0,38,"Urban - High Density",TRUE
9190,550,33,8,2023-08-25,TRUE,4,"Banana","All Seasons",TRUE,13.25,106,55,"Rural",FALSE
9191,1577,11,9,2023-03-11,TRUE,5,"Strawberry","Summer",TRUE,5.35,48.15,69,"Urban - Medium Density",TRUE
9192,526,5,3,2023-05-24,TRUE,3,"Apricot","Summer",FALSE,10.18,30.54,33,"Urban - Medium Density",TRUE
9193,1829,7,4,2023-11-27,TRUE,3,"Lettuce","Unknown",TRUE,8.68,34.72,29,"Urban - Medium Density",FALSE
9194,499,15,7,2023-02-02,FALSE,4,"Cabbage","All Seasons",FALSE,3.34,23.38,47,"Urban - Medium Density",FALSE
9195,1358,44,2,2023-10-18,TRUE,6,"Apple","Summer",TRUE,9.24,18.48,20,"Urban - Medium Density",NA
9196,1865,23,6,2023-02-27,TRUE,4,"Corn","Winter",FALSE,1.53,9.18,74,"Urban - High Density",TRUE
9197,1334,36,0,2023-03-05,TRUE,7,"Raspberry","Summer",TRUE,5.87,0,30,"Urban - High Density",FALSE
9198,1991,19,8,2023-02-02,TRUE,7,"Banana","Winter",TRUE,-0.17,-1.36,50,"Urban - High Density",TRUE
9199,1646,38,6,2023-04-21,TRUE,6,"Apricot","Summer",TRUE,8.8,52.8,40,"Urban - High Density",TRUE
9200,1879,28,4,2023-03-08,TRUE,3,"Raspberry","Unknown",TRUE,14.97,59.88,48,"Urban - High Density",FALSE
9201,577,50,2,2023-06-13,TRUE,2,"Sweet Potato","Unknown",FALSE,1.01,2.02,29,"Urban - High Density",TRUE
9202,1022,20,1,2023-10-26,TRUE,2,"Corn","All Seasons",TRUE,12.25,12.25,26,"Urban - High Density",FALSE
9203,626,10,10,2023-09-22,TRUE,5,"Blueberry","Summer",FALSE,4.44,44.4,64,"Urban - High Density",TRUE
9204,957,7,8,2023-05-19,TRUE,7,"Lettuce","Unknown",TRUE,8.68,69.44,54,"Rural",TRUE
9205,1046,49,0,2023-11-10,TRUE,4,"Cherry","Summer",NA,1.84,0,49,"Urban - High Density",TRUE
9206,1753,2,1,2023-08-01,TRUE,3,"Grape","Unknown",TRUE,10.56,10.56,63,"Urban - High Density",TRUE
9207,1056,10,-3,2023-01-06,FALSE,6,"Blueberry","Summer",FALSE,4.44,-13.32,57,"Urban - High Density",FALSE
9208,107,9,3,2023-07-26,TRUE,4,"Onion","Unknown",TRUE,5.01,15.03,23,"Urban - High Density",FALSE
9209,1524,48,4,2023-10-24,TRUE,5,"Blueberry","Winter",TRUE,0.78,3.12,22,"Urban - High Density",FALSE
9210,1315,5,-3,2023-12-27,TRUE,2,"Apricot","Summer",FALSE,10.18,-30.54,52,"Urban - High Density",FALSE
9211,419,50,6,2023-03-25,FALSE,6,"Sweet Potato","Unknown",FALSE,1.01,6.06,68,"Urban - Medium Density",TRUE
9212,1720,1,9,2023-08-06,TRUE,3,"Strawberry","Unknown",TRUE,4.42,39.78,43,"Urban - High Density",TRUE
9213,1159,41,3,2023-05-27,TRUE,50,"Strawberry","Summer",TRUE,4.94,14.82,19,"Urban - High Density",FALSE
9214,692,21,7,2023-10-12,TRUE,7,"Sweet Potato","All Seasons",TRUE,12.3,86.1,63,"Urban - Medium Density",TRUE
9215,529,41,9,2023-11-01,TRUE,-2,"Strawberry","Summer",TRUE,4.94,44.46,58,"Urban - High Density",FALSE
9216,1138,24,3,2023-10-17,NA,6,"Asparagus","Winter",FALSE,2.01,6.03,47,"Urban - High Density",TRUE
9217,307,6,10,2023-07-25,TRUE,3,"Walnut","Summer",TRUE,-3.25,-32.5,58,"Urban - High Density",FALSE
9218,1681,47,1,2023-09-17,TRUE,2,"Mango","Summer",FALSE,2.32,2.32,27,"",TRUE
9219,990,22,6,2023-09-20,TRUE,50,"Green Bean","All Seasons",FALSE,-4.21,-25.26,42,"Urban - High Density",TRUE
9220,143,7,8,2023-07-18,TRUE,3,"Lettuce","Unknown",TRUE,8.68,69.44,39,"Rural",TRUE
9221,1284,44,6,2023-02-19,NA,4,"Apple","Summer",TRUE,9.24,55.44,53,"Urban - High Density",FALSE
9222,1434,13,9,2023-03-09,TRUE,-2,"Cucumber","All Seasons",NA,8.17,73.53,68,"Rural",TRUE
9223,1116,25,5,2023-01-19,TRUE,6,"Broccoli","All Seasons",TRUE,3.11,15.55,31,"Urban - Medium Density",FALSE
9224,578,1,-3,2023-03-04,TRUE,6,"Strawberry","Unknown",TRUE,4.42,-13.26,79,"Urban - High Density",FALSE
9225,195,12,0,2023-05-25,TRUE,3,"Banana","All Seasons",TRUE,10.29,0,57,"Urban - High Density",TRUE
9226,679,20,6,2023-11-02,TRUE,-2,"Corn","All Seasons",TRUE,12.25,73.5,78,"Unknown",FALSE
9227,1516,4,8,2023-12-07,TRUE,7,"Watermelon","Unknown",TRUE,12.08,96.64,70,"Urban - Medium Density",TRUE
9228,1409,28,10,2023-10-02,TRUE,6,"Raspberry","Unknown",TRUE,14.97,149.7,79,"Urban - High Density",TRUE
9229,978,41,2,2023-02-10,FALSE,2,"Strawberry","Summer",TRUE,4.94,9.88,47,"Urban - Medium Density",TRUE
9230,1022,24,-3,2023-03-20,TRUE,5,"Asparagus","Winter",FALSE,2.01,-6.03,26,"Urban - High Density",FALSE
9231,1378,9,5,2023-05-04,TRUE,2,"Onion","Unknown",TRUE,5.01,25.05,60,"Urban - Medium Density",FALSE
9232,1574,40,4,2023-05-27,TRUE,50,"Orange","Winter",FALSE,3.87,15.48,38,"Urban - Medium Density",TRUE
9233,1070,12,5,2023-09-02,FALSE,6,"Banana","All Seasons",TRUE,10.29,51.45,33,"Urban - High Density",TRUE
9234,1161,30,9,2023-07-31,FALSE,6,"Lychee","All Seasons",TRUE,1.21,10.89,63,"Urban - Medium Density",FALSE
9235,804,21,10,2023-11-28,TRUE,50,"Sweet Potato","All Seasons",TRUE,12.3,123,56,"Urban - High Density",FALSE
9236,1764,3,2,2023-07-22,TRUE,1,"Raspberry","Unknown",FALSE,10.26,20.52,56,"Urban - High Density",TRUE
9237,492,47,-3,2023-12-23,TRUE,4,"Mango","Summer",FALSE,2.32,-6.96,73,"Urban - Medium Density",TRUE
9238,783,46,4,2023-02-20,TRUE,1,"Chestnut","All Seasons",TRUE,-4.08,-16.32,25,"Urban - High Density",FALSE
9239,1028,44,2,2023-07-13,TRUE,7,"Apple","Summer",TRUE,9.24,18.48,78,"Urban - High Density",FALSE
9240,119,49,9,2023-05-16,TRUE,1,"Cherry","Summer",NA,1.84,16.56,25,"Urban - High Density",TRUE
9241,590,19,0,2023-06-27,TRUE,1,"Banana","Winter",TRUE,-0.17,0,50,"Unknown",FALSE
9242,1859,8,10,2023-05-26,TRUE,5,"Garlic","Winter",TRUE,3.66,36.6,65,"Urban - High Density",TRUE
9243,1499,40,-3,2023-06-30,TRUE,2,"Orange","Winter",FALSE,3.87,-11.61,31,"Urban - High Density",TRUE
9244,754,50,9,2023-04-11,TRUE,4,"Sweet Potato","Unknown",FALSE,1.01,9.09,29,"Rural",TRUE
9245,498,29,7,NA,TRUE,5,"Orange","Summer",FALSE,9.07,63.49,32,"Urban - High Density",TRUE
9246,1828,18,5,2023-11-22,TRUE,3,"Apple","All Seasons",TRUE,14.07,70.35,63,"Urban - High Density",TRUE
9247,186,21,9,2023-12-01,TRUE,5,"Sweet Potato","All Seasons",TRUE,12.3,110.7,64,"Urban - High Density",NA
9248,826,8,10,2023-07-31,TRUE,4,"Garlic","Winter",TRUE,3.66,36.6,66,"Urban - High Density",FALSE
9249,1014,19,0,2023-05-04,TRUE,1,"Banana","Winter",TRUE,-0.17,0,77,"Urban - High Density",TRUE
9250,1574,44,3,2023-02-26,FALSE,7,"Apple","Summer",TRUE,9.24,27.72,38,"Urban - Medium Density",TRUE
9251,1440,40,5,2023-04-14,TRUE,1,"Orange","Winter",FALSE,3.87,19.35,43,"Urban - High Density",TRUE
9252,1889,14,-3,2023-08-25,TRUE,3,"Fig","Summer",TRUE,3.67,-11.01,30,"Urban - High Density",TRUE
9253,907,6,3,2023-08-05,TRUE,6,"Walnut","Summer",TRUE,-3.25,-9.75,32,"Urban - High Density",FALSE
9254,1094,14,-3,2023-12-31,FALSE,2,"Fig","Summer",TRUE,3.67,-11.01,66,"Urban - Medium Density",TRUE
9255,663,48,8,2023-06-06,TRUE,2,"Blueberry","Winter",TRUE,0.78,6.24,51,"Urban - High Density",TRUE
9256,1948,50,3,2023-06-23,TRUE,-2,"Sweet Potato","Unknown",FALSE,1.01,3.03,31,"Urban - Medium Density",TRUE
9257,166,20,1,2023-02-05,TRUE,7,"Corn","All Seasons",TRUE,12.25,12.25,19,"Urban - High Density",FALSE
9258,85,18,6,2023-10-26,TRUE,6,"Apple","All Seasons",TRUE,14.07,84.42,51,"Urban - High Density",TRUE
9259,1231,27,3,2023-09-18,TRUE,6,"Peach","Winter",TRUE,13.88,41.64,50,"Urban - High Density",FALSE
9260,1100,45,5,2023-08-23,TRUE,4,"Apricot","All Seasons",TRUE,7.43,37.15,66,"Urban - Medium Density",FALSE
9261,111,18,8,2023-06-17,TRUE,-2,"Apple","All Seasons",TRUE,14.07,112.56,47,"Urban - Medium Density",FALSE
9262,331,25,0,2023-02-06,TRUE,7,"Broccoli","All Seasons",TRUE,3.11,0,62,"Urban - Medium Density",TRUE
9263,716,47,5,2023-02-07,TRUE,6,"Mango","Summer",FALSE,2.32,11.6,45,"Urban - High Density",FALSE
9264,425,19,3,2023-07-18,TRUE,50,"Banana","Winter",TRUE,-0.17,-0.51,48,"Urban - High Density",TRUE
9265,1388,14,-3,2023-08-11,TRUE,50,"Fig","Summer",TRUE,3.67,-11.01,54,"Urban - Medium Density",TRUE
9266,1803,1,3,2023-02-06,TRUE,6,"Strawberry","Unknown",TRUE,4.42,13.26,74,"Urban - High Density",FALSE
9267,1672,1,7,2023-04-04,TRUE,4,"Strawberry","Unknown",TRUE,4.42,30.94,68,"Urban - High Density",FALSE
9268,794,27,10,2023-05-04,TRUE,50,"Peach","Winter",TRUE,13.88,138.8,78,"Urban - Medium Density",FALSE
9269,1754,6,-3,2023-09-25,TRUE,5,"Walnut","Summer",TRUE,-3.25,9.75,52,"Urban - Medium Density",TRUE
9270,1867,44,-3,2023-05-05,TRUE,7,"Apple","Summer",TRUE,9.24,-27.72,40,"Urban - High Density",FALSE
9271,1999,24,8,2023-03-15,TRUE,5,"Asparagus","Winter",FALSE,2.01,16.08,64,"Urban - Medium Density",FALSE
9272,899,13,2,2023-07-21,TRUE,1,"Cucumber","All Seasons",NA,8.17,16.34,49,"Urban - High Density",TRUE
9273,1875,30,9,2023-02-06,TRUE,4,"Lychee","All Seasons",TRUE,1.21,10.89,56,"Urban - High Density",FALSE
9274,1235,17,4,2023-01-21,TRUE,-2,"Pea","All Seasons",TRUE,-2.07,-8.28,120,"Urban - Medium Density",TRUE
9275,1675,32,-3,2023-07-18,TRUE,5,"Raspberry","All Seasons",TRUE,12.49,-37.47,60,"Urban - High Density",FALSE
9276,496,19,10,2023-09-25,TRUE,1,"Banana","Winter",TRUE,-0.17,-1.7,120,"Urban - High Density",FALSE
9277,381,46,8,2023-12-01,TRUE,5,"Chestnut","All Seasons",TRUE,-4.08,-32.64,23,"Urban - Medium Density",NA
9278,81,17,3,2023-08-30,TRUE,5,"Pea","All Seasons",TRUE,-2.07,-6.21,39,"Urban - High Density",FALSE
9279,840,34,7,2023-01-10,TRUE,2,"Celery","Winter",TRUE,5.77,40.39,63,"Rural",FALSE
9280,1848,41,1,2023-11-26,TRUE,7,"Strawberry","Summer",TRUE,4.94,4.94,41,"Urban - Medium Density",TRUE
9281,157,14,9,2023-03-16,TRUE,1,"Fig","Summer",TRUE,3.67,33.03,21,"Urban - Medium Density",FALSE
9282,1614,37,6,2023-05-31,TRUE,7,"Radish","Unknown",TRUE,7.32,43.92,55,"Urban - High Density",TRUE
9283,1626,32,5,2023-07-16,FALSE,50,"Raspberry","All Seasons",TRUE,12.49,62.45,21,"Urban - High Density",FALSE
9284,1857,42,7,2023-07-03,TRUE,6,"Pomegranate","Winter",TRUE,10.95,76.65,21,"Urban - High Density",TRUE
9285,1071,20,3,2023-09-14,TRUE,3,"Corn","All Seasons",TRUE,12.25,36.75,51,"Urban - High Density",TRUE
9286,1786,13,6,2023-11-18,TRUE,1,"Cucumber","All Seasons",NA,8.17,49.02,76,"Rural",TRUE
9287,392,18,2,2023-01-16,TRUE,50,"Apple","All Seasons",TRUE,14.07,28.14,27,"Rural",TRUE
9288,890,5,10,2023-03-06,TRUE,7,"Apricot","Summer",FALSE,10.18,101.8,58,"Urban - High Density",NA
9289,1020,6,3,2023-08-17,TRUE,4,"Walnut","Summer",TRUE,-3.25,-9.75,37,"Urban - High Density",TRUE
9290,1211,14,-3,2023-01-03,TRUE,-2,"Fig","Summer",TRUE,3.67,-11.01,57,"Unknown",FALSE
9291,48,21,2,2023-09-19,TRUE,4,"Sweet Potato","All Seasons",TRUE,12.3,24.6,67,"Urban - Medium Density",NA
9292,1393,35,3,2023-03-29,TRUE,1,"Hazelnut","All Seasons",TRUE,6.96,20.88,43,"Urban - High Density",FALSE
9293,1293,11,6,2023-01-18,TRUE,2,"Strawberry","Summer",TRUE,5.35,32.1,57,"Unknown",TRUE
9294,1935,1,6,2023-06-01,TRUE,-2,"Strawberry","Unknown",TRUE,4.42,26.52,23,"Urban - High Density",TRUE
9295,1294,38,1,2023-01-09,TRUE,7,"Apricot","Summer",TRUE,8.8,8.8,34,"Urban - High Density",FALSE
9296,1316,27,6,2023-10-05,TRUE,1,"Peach","Winter",TRUE,13.88,83.28,59,"Urban - High Density",TRUE
9297,1513,29,6,2023-01-21,TRUE,7,"Orange","Summer",FALSE,9.07,54.42,43,"Urban - High Density",TRUE
9298,489,10,8,2023-08-02,TRUE,3,"Blueberry","Summer",FALSE,4.44,35.52,65,"Rural",TRUE
9299,1050,39,3,2023-03-13,TRUE,4,"Mango","All Seasons",TRUE,10.84,32.52,120,"Rural",FALSE
9300,1885,7,9,2023-01-22,TRUE,7,"Lettuce","Unknown",TRUE,8.68,78.12,67,"Urban - High Density",FALSE
9301,1339,18,9,2023-02-05,TRUE,-2,"Apple","All Seasons",TRUE,14.07,126.63,72,"Urban - Medium Density",TRUE
9302,1054,26,-3,2023-12-26,TRUE,6,"Mango","Summer",TRUE,-1.79,5.37,79,"Urban - Medium Density",TRUE
9303,799,9,-3,2023-08-17,TRUE,3,"Onion","Unknown",TRUE,5.01,-15.03,66,"Urban - High Density",TRUE
9304,972,39,1,2023-09-20,TRUE,-2,"Mango","All Seasons",TRUE,10.84,10.84,23,"Urban - Medium Density",TRUE
9305,705,31,5,2023-03-01,TRUE,3,"Chestnut","All Seasons",NA,0.13,0.65,28,"Urban - High Density",FALSE
9306,1013,21,1,2023-06-19,TRUE,6,"Sweet Potato","All Seasons",TRUE,12.3,12.3,80,"Urban - Medium Density",TRUE
9307,485,13,5,2023-05-03,NA,2,"Cucumber","All Seasons",NA,8.17,40.85,58,"Urban - High Density",FALSE
9308,1554,2,7,2023-01-22,TRUE,-2,"Grape","Unknown",TRUE,10.56,73.92,68,"Urban - Medium Density",FALSE
9309,1917,11,4,2023-02-21,TRUE,5,"Strawberry","Summer",TRUE,5.35,21.4,19,"Urban - Medium Density",NA
9310,1641,1,4,2023-08-22,TRUE,6,"Strawberry","Unknown",TRUE,4.42,17.68,50,"Urban - Medium Density",FALSE
9311,525,16,0,2023-05-27,TRUE,6,"Chestnut","Summer",TRUE,3.39,0,66,"Urban - High Density",TRUE
9312,1273,32,6,2023-10-23,TRUE,3,"Raspberry","All Seasons",TRUE,12.49,74.94,72,"Urban - Medium Density",TRUE
9313,1957,34,8,2023-01-21,TRUE,3,"Celery","Winter",TRUE,5.77,46.16,56,"Rural",FALSE
9314,896,21,8,2023-09-24,TRUE,4,"Sweet Potato","All Seasons",TRUE,12.3,98.4,19,"Urban - High Density",TRUE
9315,1711,43,10,2023-04-02,TRUE,50,"Pear","Unknown",TRUE,4.62,46.2,23,"Urban - Medium Density",TRUE
9316,1826,12,0,2023-04-06,TRUE,4,"Banana","All Seasons",TRUE,10.29,0,79,"Urban - Medium Density",FALSE
9317,1065,34,3,2023-07-20,TRUE,50,"Celery","Winter",TRUE,5.77,17.31,74,"Unknown",FALSE
9318,93,34,10,2023-10-27,TRUE,6,"Celery","Winter",TRUE,5.77,57.7,55,"Urban - Medium Density",FALSE
9319,383,25,0,2023-12-18,TRUE,-2,"Broccoli","All Seasons",TRUE,3.11,0,54,"Rural",FALSE
9320,1768,9,8,2023-10-17,TRUE,5,"Onion","Unknown",TRUE,5.01,40.08,39,"Urban - High Density",TRUE
9321,263,43,8,2023-03-13,TRUE,1,"Pear","Unknown",TRUE,4.62,36.96,74,"Urban - High Density",TRUE
9322,628,33,1,2023-10-10,TRUE,1,"Banana","All Seasons",TRUE,13.25,13.25,44,"Urban - High Density",NA
9323,1607,16,1,2023-12-17,TRUE,-2,"Chestnut","Summer",TRUE,3.39,3.39,43,"Urban - High Density",NA
9324,558,44,2,2023-03-16,TRUE,50,"Apple","Summer",TRUE,9.24,18.48,55,"Urban - High Density",FALSE
9325,82,49,-3,2023-07-24,TRUE,4,"Cherry","Summer",NA,1.84,-5.52,47,"Urban - Medium Density",NA
9326,1171,10,1,2023-11-07,TRUE,-2,"Blueberry","Summer",FALSE,4.44,4.44,77,"Urban - High Density",NA
9327,1862,36,4,2023-08-27,TRUE,6,"Raspberry","Summer",TRUE,5.87,23.48,44,"Urban - High Density",NA
9328,1184,39,10,2023-11-27,TRUE,7,"Mango","All Seasons",TRUE,10.84,108.4,71,"Urban - High Density",TRUE
9329,1426,48,4,2023-02-20,TRUE,4,"Blueberry","Winter",TRUE,0.78,3.12,70,"Unknown",TRUE
9330,1848,43,10,2023-01-25,TRUE,2,"Pear","Unknown",TRUE,4.62,46.2,41,"Urban - Medium Density",TRUE
9331,944,40,7,2023-03-28,TRUE,50,"Orange","Winter",FALSE,3.87,27.09,36,"Urban - High Density",TRUE
9332,1707,31,1,2023-08-13,TRUE,4,"Chestnut","All Seasons",NA,0.13,0.13,31,"Urban - Medium Density",TRUE
9333,1769,21,4,2023-06-23,TRUE,50,"Sweet Potato","All Seasons",TRUE,12.3,49.2,62,"Urban - High Density",FALSE
9334,1523,8,2,2023-11-12,TRUE,3,"Garlic","Winter",TRUE,3.66,7.32,80,"Urban - High Density",TRUE
9335,1578,3,8,2023-05-05,TRUE,1,"Raspberry","Unknown",FALSE,10.26,82.08,18,"Urban - High Density",TRUE
9336,1919,42,5,2024-01-01,TRUE,1,"Pomegranate","Winter",TRUE,10.95,54.75,61,"Rural",FALSE
9337,469,18,0,2023-10-11,TRUE,5,"Apple","All Seasons",TRUE,14.07,0,57,"Urban - High Density",TRUE
9338,1788,25,7,2023-03-08,TRUE,-2,"Broccoli","All Seasons",TRUE,3.11,21.77,48,"Urban - High Density",TRUE
9339,263,21,8,2023-03-31,FALSE,2,"Sweet Potato","All Seasons",TRUE,12.3,98.4,74,"Urban - High Density",TRUE
9340,179,31,7,2023-01-30,TRUE,6,"Chestnut","All Seasons",NA,0.13,0.91,60,"Urban - High Density",FALSE
9341,500,4,4,2024-01-01,TRUE,5,"Watermelon","Unknown",TRUE,12.08,48.32,32,"Urban - High Density",FALSE
9342,771,29,-3,2023-04-19,FALSE,5,"Orange","Summer",FALSE,9.07,-27.21,64,"Urban - Medium Density",TRUE
9343,313,35,3,2023-11-25,TRUE,1,"Hazelnut","All Seasons",TRUE,6.96,20.88,72,"Urban - High Density",NA
9344,799,27,10,2023-11-07,TRUE,5,"Peach","Winter",TRUE,13.88,138.8,66,"Urban - High Density",TRUE
9345,38,29,6,2023-09-18,TRUE,7,"Orange","Summer",FALSE,9.07,54.42,75,"Rural",FALSE
9346,314,33,3,2023-12-19,TRUE,2,"Banana","All Seasons",TRUE,13.25,39.75,53,"Urban - High Density",TRUE
9347,1087,33,6,2023-10-22,TRUE,-2,"Banana","All Seasons",TRUE,13.25,79.5,77,"Urban - High Density",FALSE
9348,830,39,2,2023-07-17,NA,1,"Mango","All Seasons",TRUE,10.84,21.68,26,"Urban - High Density",TRUE
9349,1203,43,4,2023-09-29,TRUE,4,"Pear","Unknown",TRUE,4.62,18.48,120,"Urban - High Density",TRUE
9350,289,16,1,2023-12-02,TRUE,3,"Chestnut","Summer",TRUE,3.39,3.39,39,"Rural",TRUE
9351,236,2,4,2023-10-20,TRUE,2,"Grape","Unknown",TRUE,10.56,42.24,46,"Urban - Medium Density",NA
9352,1457,15,10,2023-11-13,TRUE,3,"Cabbage","All Seasons",FALSE,3.34,33.4,30,"Urban - Medium Density",FALSE
9353,429,33,4,2023-09-07,TRUE,2,"Banana","All Seasons",TRUE,13.25,53,5,"Rural",FALSE
9354,128,29,3,2023-04-22,TRUE,6,"Orange","Summer",FALSE,9.07,27.21,38,"Urban - High Density",FALSE
9355,1496,2,9,2023-04-18,TRUE,50,"Grape","Unknown",TRUE,10.56,95.04,35,"Urban - High Density",TRUE
9356,1863,46,4,2023-05-05,TRUE,6,"Chestnut","All Seasons",TRUE,-4.08,-16.32,77,"Rural",TRUE
9357,1187,28,9,2023-11-09,TRUE,3,"Raspberry","Unknown",TRUE,14.97,134.73,36,"Urban - Medium Density",NA
9358,1336,45,10,2023-02-24,TRUE,3,"Apricot","All Seasons",TRUE,7.43,74.3,30,"Urban - High Density",FALSE
9359,864,16,7,2023-04-11,TRUE,7,"Chestnut","Summer",TRUE,3.39,23.73,65,"Urban - Medium Density",TRUE
9360,1333,22,10,2023-12-19,TRUE,50,"Green Bean","All Seasons",FALSE,-4.21,-42.1,78,"Urban - Medium Density",TRUE
9361,1888,17,10,2023-01-22,TRUE,6,"Pea","All Seasons",TRUE,-2.07,-20.7,60,"Urban - Medium Density",TRUE
9362,361,37,9,2023-05-18,TRUE,4,"Radish","Unknown",TRUE,7.32,65.88,40,"Urban - High Density",TRUE
9363,1844,18,-3,2023-09-24,TRUE,1,"Apple","All Seasons",TRUE,14.07,-42.21,39,"Urban - High Density",TRUE
9364,65,30,9,2023-01-20,TRUE,2,"Lychee","All Seasons",TRUE,1.21,10.89,61,"Rural",TRUE
9365,294,21,2,2023-03-10,TRUE,1,"Sweet Potato","All Seasons",TRUE,12.3,24.6,52,"Rural",TRUE
9366,1192,26,-3,2023-08-12,TRUE,1,"Mango","Summer",TRUE,-1.79,5.37,19,"Urban - High Density",TRUE
9367,1451,34,8,2023-01-15,FALSE,5,"Celery","Winter",TRUE,5.77,46.16,61,"Urban - High Density",TRUE
9368,416,46,-3,2023-08-20,TRUE,5,"Chestnut","All Seasons",TRUE,-4.08,12.24,19,"Urban - Medium Density",TRUE
9369,253,26,7,2023-07-12,TRUE,3,"Mango","Summer",TRUE,-1.79,-12.53,34,"Urban - High Density",TRUE
9370,768,14,0,2023-03-23,NA,4,"Fig","Summer",TRUE,3.67,0,47,"Urban - Medium Density",TRUE
9371,1349,36,6,2023-04-26,TRUE,5,"Raspberry","Summer",TRUE,5.87,35.22,40,"Urban - High Density",FALSE
9372,901,50,-3,2023-04-14,TRUE,-2,"Sweet Potato","Unknown",FALSE,1.01,-3.03,69,"Urban - High Density",FALSE
9373,1486,34,2,2023-04-27,TRUE,4,"Celery","Winter",TRUE,5.77,11.54,52,"Urban - High Density",TRUE
9374,1992,47,4,2023-09-28,TRUE,7,"Mango","Summer",FALSE,2.32,9.28,30,"Rural",TRUE
9375,1433,34,7,2023-05-01,FALSE,7,"Celery","Winter",TRUE,5.77,40.39,24,"Urban - Medium Density",FALSE
9376,381,39,6,2023-08-03,TRUE,4,"Mango","All Seasons",TRUE,10.84,65.04,23,"Urban - Medium Density",NA
9377,1495,5,8,2023-07-08,TRUE,5,"Apricot","Summer",FALSE,10.18,81.44,21,"Rural",FALSE
9378,566,37,2,2023-11-04,TRUE,6,"Radish","Unknown",TRUE,7.32,14.64,59,"Urban - High Density",FALSE
9379,628,33,-3,2023-01-11,TRUE,50,"Banana","All Seasons",TRUE,13.25,-39.75,44,"Urban - High Density",NA
9380,1816,28,1,2023-03-03,TRUE,50,"Raspberry","Unknown",TRUE,14.97,14.97,62,"Urban - High Density",TRUE
9381,1300,39,2,2023-09-16,TRUE,6,"Mango","All Seasons",TRUE,10.84,21.68,36,"Urban - High Density",TRUE
9382,606,10,5,2023-02-27,TRUE,6,"Blueberry","Summer",FALSE,4.44,22.2,70,"Unknown",FALSE
9383,1808,30,3,2023-02-08,TRUE,5,"Lychee","All Seasons",TRUE,1.21,3.63,56,"Urban - Medium Density",TRUE
9384,1071,24,10,2023-02-14,TRUE,7,"Asparagus","Winter",FALSE,2.01,20.1,51,"Urban - High Density",TRUE
9385,945,18,1,2023-01-14,TRUE,-2,"Apple","All Seasons",TRUE,14.07,14.07,73,"Urban - High Density",FALSE
9386,1641,26,4,2023-07-13,TRUE,6,"Mango","Summer",TRUE,-1.79,-7.16,50,"Urban - Medium Density",FALSE
9387,1477,30,3,2023-01-02,TRUE,4,"Lychee","All Seasons",TRUE,1.21,3.63,23,"Urban - High Density",TRUE
9388,619,50,4,2023-01-22,TRUE,1,"Sweet Potato","Unknown",FALSE,1.01,4.04,40,"Urban - High Density",FALSE
9389,439,16,7,2023-08-05,TRUE,2,"Chestnut","Summer",TRUE,3.39,23.73,64,"Urban - High Density",TRUE
9390,658,41,10,2023-06-14,TRUE,50,"Strawberry","Summer",TRUE,4.94,49.4,28,"Rural",FALSE
9391,371,34,7,2023-07-28,TRUE,3,"Celery","Winter",TRUE,5.77,40.39,39,"Urban - High Density",TRUE
9392,1848,31,3,2023-02-14,TRUE,3,"Chestnut","All Seasons",NA,0.13,0.39,41,"Urban - Medium Density",TRUE
9393,1232,29,-3,2023-07-18,TRUE,4,"Orange","Summer",FALSE,9.07,-27.21,23,"Urban - Medium Density",TRUE
9394,243,10,7,2023-06-16,TRUE,6,"Blueberry","Summer",FALSE,4.44,31.08,43,"Urban - High Density",FALSE
9395,1509,36,10,2023-04-26,TRUE,5,"Raspberry","Summer",TRUE,5.87,58.7,56,"Rural",TRUE
9396,1699,3,4,2023-02-07,TRUE,3,"Raspberry","Unknown",FALSE,10.26,41.04,78,"",FALSE
9397,1387,32,1,2023-04-02,TRUE,-2,"Raspberry","All Seasons",TRUE,12.49,12.49,26,"Urban - High Density",TRUE
9398,1751,33,1,2023-11-11,TRUE,4,"Banana","All Seasons",TRUE,13.25,13.25,44,"Urban - High Density",FALSE
9399,969,2,-3,2023-11-08,TRUE,-2,"Grape","Unknown",TRUE,10.56,-31.68,31,"Urban - High Density",NA
9400,1066,29,9,2023-05-18,TRUE,5,"Orange","Summer",FALSE,9.07,81.63,73,"Rural",TRUE
9401,1237,32,7,2023-12-24,TRUE,1,"Raspberry","All Seasons",TRUE,12.49,87.43,46,"Urban - High Density",TRUE
9402,1578,40,9,2023-11-18,TRUE,2,"Orange","Winter",FALSE,3.87,34.83,18,"Urban - High Density",TRUE
9403,511,2,9,2023-07-11,TRUE,4,"Grape","Unknown",TRUE,10.56,95.04,57,"Urban - High Density",TRUE
9404,932,22,5,2023-12-23,TRUE,5,"Green Bean","All Seasons",FALSE,-4.21,-21.05,36,"Urban - High Density",TRUE
9405,660,46,7,2023-02-08,TRUE,2,"Chestnut","All Seasons",TRUE,-4.08,-28.56,33,"Urban - High Density",FALSE
9406,840,41,9,2023-09-09,TRUE,50,"Strawberry","Summer",TRUE,4.94,44.46,63,"Rural",FALSE
9407,519,29,1,2023-01-21,TRUE,-2,"Orange","Summer",FALSE,9.07,9.07,44,"Urban - Medium Density",TRUE
9408,406,7,4,2023-11-29,TRUE,7,"Lettuce","Unknown",TRUE,8.68,34.72,28,"Urban - High Density",TRUE
9409,862,48,5,2023-09-14,TRUE,50,"Blueberry","Winter",TRUE,0.78,3.9,33,"Urban - Medium Density",TRUE
9410,1940,49,10,2023-07-29,TRUE,1,"Cherry","Summer",NA,1.84,18.4,80,"Urban - High Density",TRUE
9411,688,47,8,2023-07-13,TRUE,50,"Mango","Summer",FALSE,2.32,18.56,24,"Urban - High Density",TRUE
9412,1270,21,7,2023-06-08,TRUE,50,"Sweet Potato","All Seasons",TRUE,12.3,86.1,45,"Urban - Medium Density",TRUE
9413,1921,49,3,2023-02-13,TRUE,6,"Cherry","Summer",NA,1.84,5.52,27,"Urban - High Density",FALSE
9414,1967,12,0,2023-11-30,TRUE,-2,"Banana","All Seasons",TRUE,10.29,0,43,"Unknown",TRUE
9415,1813,44,0,2023-08-01,TRUE,2,"Apple","Summer",TRUE,9.24,0,65,"Urban - Medium Density",FALSE
9416,1466,14,7,2023-03-27,FALSE,2,"Fig","Summer",TRUE,3.67,25.69,19,"Rural",FALSE
9417,590,21,0,2023-07-04,TRUE,1,"Sweet Potato","All Seasons",TRUE,12.3,0,50,"Unknown",FALSE
9418,1995,50,2,2023-01-25,TRUE,5,"Sweet Potato","Unknown",FALSE,1.01,2.02,33,"Urban - High Density",TRUE
9419,1881,40,5,2023-06-15,FALSE,3,"Orange","Winter",FALSE,3.87,19.35,23,"Urban - High Density",TRUE
9420,395,24,7,2023-06-07,TRUE,7,"Asparagus","Winter",FALSE,2.01,14.07,72,"Urban - High Density",TRUE
9421,183,3,1,2023-06-03,TRUE,5,"Raspberry","Unknown",FALSE,10.26,10.26,78,"Urban - High Density",FALSE
9422,1813,5,1,2023-02-21,FALSE,50,"Apricot","Summer",FALSE,10.18,10.18,65,"Urban - Medium Density",FALSE
9423,308,10,10,2023-01-13,TRUE,50,"Blueberry","Summer",FALSE,4.44,44.4,45,"Urban - Medium Density",TRUE
9424,1918,46,10,2023-11-13,TRUE,50,"Chestnut","All Seasons",TRUE,-4.08,-40.8,58,"Urban - High Density",TRUE
9425,826,47,1,2023-11-17,TRUE,50,"Mango","Summer",FALSE,2.32,2.32,66,"Urban - High Density",FALSE
9426,1817,43,6,2023-10-06,TRUE,1,"Pear","Unknown",TRUE,4.62,27.72,44,"Urban - High Density",TRUE
9427,1564,23,3,2023-12-23,FALSE,7,"Corn","Winter",FALSE,1.53,4.59,24,"Urban - High Density",FALSE
9428,20,23,4,2023-08-13,TRUE,2,"Corn","Winter",FALSE,1.53,6.12,24,"Urban - Medium Density",FALSE
9429,1594,7,4,2023-01-15,TRUE,5,"Lettuce","Unknown",TRUE,8.68,34.72,58,"Rural",TRUE
9430,490,27,-3,2023-11-27,TRUE,2,"Peach","Winter",TRUE,13.88,-41.64,26,"Urban - Medium Density",FALSE
9431,312,10,10,2023-01-14,TRUE,7,"Blueberry","Summer",FALSE,4.44,44.4,49,"Urban - Medium Density",TRUE
9432,70,11,6,2023-06-16,TRUE,3,"Strawberry","Summer",TRUE,5.35,32.1,50,"Urban - High Density",TRUE
9433,1750,23,-3,2023-10-29,TRUE,1,"Corn","Winter",FALSE,1.53,-4.59,47,"Urban - High Density",TRUE
9434,951,19,5,2023-09-16,TRUE,4,"Banana","Winter",TRUE,-0.17,-0.85,35,"Urban - Medium Density",TRUE
9435,920,12,6,2023-07-10,TRUE,5,"Banana","All Seasons",TRUE,10.29,61.74,58,"Urban - High Density",TRUE
9436,408,16,3,2024-01-01,TRUE,50,"Chestnut","Summer",TRUE,3.39,10.17,56,"Urban - Medium Density",TRUE
9437,231,9,5,2023-01-05,TRUE,4,"Onion","Unknown",TRUE,5.01,25.05,78,"Urban - Medium Density",TRUE
9438,1058,20,5,2023-09-22,TRUE,5,"Corn","All Seasons",TRUE,12.25,61.25,79,"Rural",FALSE
9439,620,16,7,2023-06-22,TRUE,3,"Chestnut","Summer",TRUE,3.39,23.73,67,"Urban - High Density",TRUE
9440,1268,11,4,2023-09-16,TRUE,5,"Strawberry","Summer",TRUE,5.35,21.4,55,"Urban - Medium Density",TRUE
9441,452,48,-3,2023-06-05,TRUE,2,"Blueberry","Winter",TRUE,0.78,-2.34,18,"Urban - High Density",TRUE
9442,1299,32,1,2023-10-25,TRUE,3,"Raspberry","All Seasons",TRUE,12.49,12.49,54,"Urban - Medium Density",TRUE
9443,131,38,3,2023-11-28,TRUE,4,"Apricot","Summer",TRUE,8.8,26.4,72,"Urban - High Density",FALSE
9444,1600,43,3,2023-07-05,TRUE,7,"Pear","Unknown",TRUE,4.62,13.86,76,"Unknown",TRUE
9445,664,7,2,2023-07-01,TRUE,4,"Lettuce","Unknown",TRUE,8.68,17.36,51,"Urban - High Density",FALSE
9446,411,29,8,2023-07-27,TRUE,-2,"Orange","Summer",FALSE,9.07,72.56,30,"Urban - Medium Density",TRUE
9447,1791,33,10,2023-09-10,TRUE,7,"Banana","All Seasons",TRUE,13.25,132.5,60,"Urban - High Density",FALSE
9448,1670,16,5,2023-01-07,TRUE,1,"Chestnut","Summer",TRUE,3.39,16.95,32,"Urban - High Density",TRUE
9449,1076,19,9,2023-10-09,TRUE,3,"Banana","Winter",TRUE,-0.17,-1.53,47,"",TRUE
9450,1504,25,6,2023-10-03,TRUE,-2,"Broccoli","All Seasons",TRUE,3.11,18.66,70,"Urban - Medium Density",FALSE
9451,727,35,-3,2023-09-20,NA,5,"Hazelnut","All Seasons",TRUE,6.96,-20.88,78,"Urban - Medium Density",FALSE
9452,330,34,4,2023-10-14,TRUE,4,"Celery","Winter",TRUE,5.77,23.08,80,"Urban - High Density",TRUE
9453,748,22,5,2023-06-12,TRUE,3,"Green Bean","All Seasons",FALSE,-4.21,-21.05,67,"Urban - Medium Density",FALSE
9454,22,21,5,2023-10-28,TRUE,50,"Sweet Potato","All Seasons",TRUE,12.3,61.5,38,"Urban - High Density",FALSE
9455,1200,50,10,2023-02-23,TRUE,7,"Sweet Potato","Unknown",FALSE,1.01,10.1,63,"Urban - High Density",TRUE
9456,1301,31,10,2023-06-08,TRUE,-2,"Chestnut","All Seasons",NA,0.13,1.3,72,"Urban - Medium Density",FALSE
9457,817,13,0,2023-06-10,TRUE,-2,"Cucumber","All Seasons",NA,8.17,0,37,"Rural",FALSE
9458,376,21,3,2023-09-28,TRUE,4,"Sweet Potato","All Seasons",TRUE,12.3,36.9,74,"",NA
9459,469,42,2,2023-03-26,TRUE,2,"Pomegranate","Winter",TRUE,10.95,21.9,57,"Urban - High Density",TRUE
9460,975,32,8,2023-01-14,TRUE,4,"Raspberry","All Seasons",TRUE,12.49,99.92,24,"Urban - Medium Density",FALSE
9461,1049,44,0,2023-11-27,FALSE,3,"Apple","Summer",TRUE,9.24,0,70,"Urban - High Density",TRUE
9462,1927,2,8,2023-05-22,TRUE,-2,"Grape","Unknown",TRUE,10.56,84.48,50,"Urban - High Density",FALSE
9463,1625,41,6,2023-09-23,TRUE,6,"Strawberry","Summer",TRUE,4.94,29.64,67,"Urban - High Density",FALSE
9464,364,39,3,2023-07-20,TRUE,7,"Mango","All Seasons",TRUE,10.84,32.52,37,"Rural",FALSE
9465,431,42,9,2023-03-22,TRUE,5,"Pomegranate","Winter",TRUE,10.95,98.55,20,"Rural",TRUE
9466,1200,19,0,2023-03-17,TRUE,7,"Banana","Winter",TRUE,-0.17,0,63,"Urban - High Density",TRUE
9467,1778,29,3,2023-12-08,TRUE,4,"Orange","Summer",FALSE,9.07,27.21,55,"Urban - Medium Density",FALSE
9468,584,28,7,2023-07-02,TRUE,-2,"Raspberry","Unknown",TRUE,14.97,104.79,24,"Urban - High Density",TRUE
9469,1565,34,2,2023-12-18,TRUE,3,"Celery","Winter",TRUE,5.77,11.54,42,"Urban - High Density",TRUE
9470,1921,44,5,2023-12-31,TRUE,6,"Apple","Summer",TRUE,9.24,46.2,27,"Urban - High Density",FALSE
9471,1320,15,10,2023-02-27,TRUE,2,"Cabbage","All Seasons",FALSE,3.34,33.4,28,"Urban - Medium Density",TRUE
9472,1575,48,7,2023-06-19,NA,4,"Blueberry","Winter",TRUE,0.78,5.46,31,"Rural",FALSE
9473,174,20,2,2023-08-01,TRUE,4,"Corn","All Seasons",TRUE,12.25,24.5,46,"Urban - High Density",TRUE
9474,750,34,7,2023-04-05,TRUE,-2,"Celery","Winter",TRUE,5.77,40.39,23,"Urban - High Density",NA
9475,1413,42,5,2023-04-05,TRUE,2,"Pomegranate","Winter",TRUE,10.95,54.75,28,"Urban - Medium Density",NA
9476,323,11,4,2023-11-18,TRUE,6,"Strawberry","Summer",TRUE,5.35,21.4,70,"Urban - Medium Density",TRUE
9477,587,19,9,2023-09-28,TRUE,1,"Banana","Winter",TRUE,-0.17,-1.53,72,"Urban - High Density",TRUE
9478,1829,46,1,2023-09-03,TRUE,3,"Chestnut","All Seasons",TRUE,-4.08,-4.08,29,"Urban - Medium Density",FALSE
9479,723,4,8,2023-10-10,TRUE,4,"Watermelon","Unknown",TRUE,12.08,96.64,38,"Urban - High Density",FALSE
9480,1787,14,10,2023-11-30,TRUE,7,"Fig","Summer",TRUE,3.67,36.7,69,"Urban - Medium Density",FALSE
9481,731,6,8,2023-06-01,TRUE,2,"Walnut","Summer",TRUE,-3.25,-26,62,"Rural",TRUE
9482,1848,39,10,2023-03-31,TRUE,4,"Mango","All Seasons",TRUE,10.84,108.4,41,"Urban - Medium Density",TRUE
9483,1874,41,10,2023-03-07,TRUE,4,"Strawberry","Summer",TRUE,4.94,49.4,51,"Urban - High Density",FALSE
9484,339,50,1,2023-06-11,TRUE,1,"Sweet Potato","Unknown",FALSE,1.01,1.01,64,"Urban - High Density",TRUE
9485,616,39,5,2023-04-12,TRUE,5,"Mango","All Seasons",TRUE,10.84,54.2,25,"Rural",TRUE
9486,1510,29,8,2023-11-06,TRUE,4,"Orange","Summer",FALSE,9.07,72.56,62,"Urban - Medium Density",NA
9487,1195,45,-3,2023-07-03,TRUE,-2,"Apricot","All Seasons",TRUE,7.43,-22.29,51,"Urban - High Density",TRUE
9488,299,32,10,2023-07-03,TRUE,7,"Raspberry","All Seasons",TRUE,12.49,124.9,34,"Urban - Medium Density",TRUE
9489,813,45,1,2023-02-02,TRUE,7,"Apricot","All Seasons",TRUE,7.43,7.43,75,"Urban - High Density",TRUE
9490,1489,3,1,2023-08-29,TRUE,5,"Raspberry","Unknown",FALSE,10.26,10.26,18,"Urban - Medium Density",TRUE
9491,1540,9,-3,2023-11-28,TRUE,50,"Onion","Unknown",TRUE,5.01,-15.03,38,"Rural",FALSE
9492,1682,22,4,2023-07-03,TRUE,2,"Green Bean","All Seasons",FALSE,-4.21,-16.84,42,"Urban - High Density",TRUE
9493,1700,50,4,2023-08-19,TRUE,50,"Sweet Potato","Unknown",FALSE,1.01,4.04,31,"Urban - Medium Density",TRUE
9494,1011,9,9,2023-10-27,TRUE,2,"Onion","Unknown",TRUE,5.01,45.09,57,"Urban - High Density",TRUE
9495,481,22,2,2023-11-12,TRUE,-2,"Green Bean","All Seasons",FALSE,-4.21,-8.42,40,"Urban - High Density",FALSE
9496,1692,3,10,2023-09-07,TRUE,-2,"Raspberry","Unknown",FALSE,10.26,102.6,39,"Urban - Medium Density",TRUE
9497,1464,37,3,2023-02-12,TRUE,7,"Radish","Unknown",TRUE,7.32,21.96,38,"Urban - High Density",FALSE
9498,613,28,-3,2023-06-04,TRUE,-2,"Raspberry","Unknown",TRUE,14.97,-44.91,30,"Urban - Medium Density",FALSE
9499,1496,7,6,2023-04-26,TRUE,7,"Lettuce","Unknown",TRUE,8.68,52.08,35,"Urban - High Density",TRUE
9500,689,30,9,2023-05-05,TRUE,6,"Lychee","All Seasons",TRUE,1.21,10.89,77,"Urban - High Density",FALSE
9501,1092,32,1,2023-04-11,TRUE,1,"Raspberry","All Seasons",TRUE,12.49,12.49,43,"Urban - Medium Density",TRUE
9502,1569,15,4,2023-10-21,TRUE,-2,"Cabbage","All Seasons",FALSE,3.34,13.36,58,"Urban - Medium Density",TRUE
9503,1706,33,3,2023-06-20,TRUE,7,"Banana","All Seasons",TRUE,13.25,39.75,73,"Urban - High Density",TRUE
9504,1997,12,2,2023-03-06,TRUE,4,"Banana","All Seasons",TRUE,10.29,20.58,26,"Urban - Medium Density",TRUE
9505,651,30,5,2023-04-17,TRUE,7,"Lychee","All Seasons",TRUE,1.21,6.05,25,"Urban - High Density",TRUE
9506,1972,15,5,2023-06-26,TRUE,-2,"Cabbage","All Seasons",FALSE,3.34,16.7,70,"Rural",FALSE
9507,541,20,3,2023-06-27,NA,2,"Corn","All Seasons",TRUE,12.25,36.75,24,"Urban - Medium Density",TRUE
9508,1717,13,9,2023-05-16,TRUE,4,"Cucumber","All Seasons",NA,8.17,73.53,49,"Urban - High Density",NA
9509,1941,7,4,2023-08-31,TRUE,6,"Lettuce","Unknown",TRUE,8.68,34.72,24,"Rural",FALSE
9510,730,11,10,2023-11-13,TRUE,1,"Strawberry","Summer",TRUE,5.35,53.5,60,"Urban - Medium Density",FALSE
9511,779,28,3,2023-08-05,TRUE,6,"Raspberry","Unknown",TRUE,14.97,44.91,5,"Urban - Medium Density",FALSE
9512,1332,20,7,2023-01-21,TRUE,1,"Corn","All Seasons",TRUE,12.25,85.75,120,"Urban - Medium Density",TRUE
9513,1768,46,7,2023-10-12,TRUE,1,"Chestnut","All Seasons",TRUE,-4.08,-28.56,39,"Urban - High Density",TRUE
9514,908,27,2,2023-01-26,NA,4,"Peach","Winter",TRUE,13.88,27.76,76,"Urban - High Density",TRUE
9515,1768,33,3,2023-06-07,FALSE,7,"Banana","All Seasons",TRUE,13.25,39.75,39,"Urban - High Density",TRUE
9516,399,1,0,2023-09-07,TRUE,3,"Strawberry","Unknown",TRUE,4.42,0,80,"Urban - High Density",NA
9517,129,28,7,2023-03-18,TRUE,3,"Raspberry","Unknown",TRUE,14.97,104.79,41,"Rural",TRUE
9518,723,11,5,2023-05-24,FALSE,1,"Strawberry","Summer",TRUE,5.35,26.75,38,"Urban - High Density",FALSE
9519,1194,32,2,2023-02-15,TRUE,5,"Raspberry","All Seasons",TRUE,12.49,24.98,77,"Urban - High Density",TRUE
9520,1766,31,5,2023-04-13,TRUE,50,"Chestnut","All Seasons",NA,0.13,0.65,31,"Urban - High Density",FALSE
9521,483,23,8,2023-10-21,TRUE,50,"Corn","Winter",FALSE,1.53,12.24,36,"Urban - High Density",TRUE
9522,1061,41,4,2023-09-17,TRUE,2,"Strawberry","Summer",TRUE,4.94,19.76,66,"Urban - Medium Density",TRUE
9523,177,12,0,2023-04-01,TRUE,5,"Banana","All Seasons",TRUE,10.29,0,63,"Urban - High Density",TRUE
9524,1140,40,5,2023-04-29,TRUE,3,"Orange","Winter",FALSE,3.87,19.35,55,"Rural",TRUE
9525,917,24,10,2023-08-17,TRUE,1,"Asparagus","Winter",FALSE,2.01,20.1,50,"Urban - High Density",FALSE
9526,816,4,3,2023-05-19,TRUE,4,"Watermelon","Unknown",TRUE,12.08,36.24,58,"Urban - Medium Density",FALSE
9527,123,36,3,2023-08-20,TRUE,1,"Raspberry","Summer",TRUE,5.87,17.61,73,"Urban - High Density",TRUE
9528,1754,42,10,2023-11-29,TRUE,2,"Pomegranate","Winter",TRUE,10.95,109.5,52,"Urban - Medium Density",TRUE
9529,1173,45,10,2023-09-06,TRUE,50,"Apricot","All Seasons",TRUE,7.43,74.3,38,"Rural",NA
9530,502,23,9,2023-12-13,TRUE,6,"Corn","Winter",FALSE,1.53,13.77,34,"Urban - High Density",FALSE
9531,796,19,10,2023-09-24,TRUE,7,"Banana","Winter",TRUE,-0.17,-1.7,34,"Urban - Medium Density",TRUE
9532,532,46,1,2023-08-16,TRUE,5,"Chestnut","All Seasons",TRUE,-4.08,-4.08,38,"Urban - Medium Density",TRUE
9533,185,33,9,2023-08-29,TRUE,7,"Banana","All Seasons",TRUE,13.25,119.25,120,"Urban - High Density",FALSE
9534,1603,28,-3,2023-03-23,TRUE,-2,"Raspberry","Unknown",TRUE,14.97,-44.91,48,"Urban - Medium Density",TRUE
9535,704,26,-3,2023-01-10,TRUE,-2,"Mango","Summer",TRUE,-1.79,5.37,69,"Urban - High Density",TRUE
9536,1709,3,8,2023-04-05,TRUE,-2,"Raspberry","Unknown",FALSE,10.26,82.08,25,"Urban - High Density",FALSE
9537,222,43,7,2023-08-20,TRUE,-2,"Pear","Unknown",TRUE,4.62,32.34,55,"Urban - Medium Density",FALSE
9538,1747,28,-3,2023-03-17,TRUE,5,"Raspberry","Unknown",TRUE,14.97,-44.91,79,"Urban - High Density",TRUE
9539,1028,4,10,2023-09-28,TRUE,4,"Watermelon","Unknown",TRUE,12.08,120.8,78,"Urban - High Density",FALSE
9540,608,18,2,2023-03-18,TRUE,50,"Apple","All Seasons",TRUE,14.07,28.14,71,"Urban - Medium Density",TRUE
9541,1345,25,5,2023-03-10,TRUE,1,"Broccoli","All Seasons",TRUE,3.11,15.55,49,"Urban - High Density",TRUE
9542,1762,15,3,2023-05-31,TRUE,-2,"Cabbage","All Seasons",FALSE,3.34,10.02,19,"Urban - High Density",TRUE
9543,1364,7,6,2023-10-26,TRUE,50,"Lettuce","Unknown",TRUE,8.68,52.08,39,"Urban - Medium Density",FALSE
9544,1269,26,2,2023-07-16,TRUE,1,"Mango","Summer",TRUE,-1.79,-3.58,74,"Urban - High Density",FALSE
9545,573,21,6,2023-02-19,TRUE,3,"Sweet Potato","All Seasons",TRUE,12.3,73.8,58,"Urban - High Density",TRUE
9546,579,49,8,2023-12-09,TRUE,4,"Cherry","Summer",NA,1.84,14.72,39,"Urban - Medium Density",TRUE
9547,1399,12,8,2023-10-04,TRUE,4,"Banana","All Seasons",TRUE,10.29,82.32,72,"Urban - High Density",FALSE
9548,1856,38,6,2023-08-19,TRUE,2,"Apricot","Summer",TRUE,8.8,52.8,33,"Urban - High Density",TRUE
9549,943,27,6,2023-04-19,TRUE,-2,"Peach","Winter",TRUE,13.88,83.28,55,"Urban - Medium Density",FALSE
9550,1227,31,8,2023-09-30,TRUE,7,"Chestnut","All Seasons",NA,0.13,1.04,43,"Urban - High Density",FALSE
9551,412,42,10,2023-11-04,TRUE,6,"Pomegranate","Winter",TRUE,10.95,109.5,64,"Urban - Medium Density",TRUE
9552,745,21,-3,2023-10-29,TRUE,50,"Sweet Potato","All Seasons",TRUE,12.3,-36.9,61,"Urban - Medium Density",TRUE
9553,22,20,-3,2023-12-08,TRUE,5,"Corn","All Seasons",TRUE,12.25,-36.75,38,"Urban - High Density",FALSE
9554,1409,16,4,2023-04-03,TRUE,5,"Chestnut","Summer",TRUE,3.39,13.56,79,"Urban - High Density",TRUE
9555,1879,26,5,2023-12-27,TRUE,7,"Mango","Summer",TRUE,-1.79,-8.95,48,"Urban - High Density",FALSE
9556,669,40,3,2023-04-08,TRUE,1,"Orange","Winter",FALSE,3.87,11.61,66,"Urban - Medium Density",FALSE
9557,228,16,6,2023-11-16,TRUE,5,"Chestnut","Summer",TRUE,3.39,20.34,56,"Urban - Medium Density",TRUE
9558,169,19,0,2023-10-01,TRUE,50,"Banana","Winter",TRUE,-0.17,0,23,"Urban - High Density",FALSE
9559,629,33,1,2023-07-25,TRUE,6,"Banana","All Seasons",TRUE,13.25,13.25,60,"Urban - Medium Density",TRUE
9560,18,50,3,2023-04-10,TRUE,6,"Sweet Potato","Unknown",FALSE,1.01,3.03,47,"Urban - High Density",FALSE
9561,1900,4,8,2023-02-17,TRUE,6,"Watermelon","Unknown",TRUE,12.08,96.64,120,"Urban - Medium Density",FALSE
9562,549,15,-3,2023-03-31,TRUE,7,"Cabbage","All Seasons",FALSE,3.34,-10.02,26,"Urban - High Density",TRUE
9563,1259,42,9,2023-11-13,TRUE,50,"Pomegranate","Winter",TRUE,10.95,98.55,27,"Urban - Medium Density",FALSE
9564,1815,21,4,2023-11-27,TRUE,50,"Sweet Potato","All Seasons",TRUE,12.3,49.2,43,"Rural",FALSE
9565,1894,18,4,2023-03-05,TRUE,5,"Apple","All Seasons",TRUE,14.07,56.28,78,"Urban - High Density",FALSE
9566,639,39,0,2023-04-11,TRUE,5,"Mango","All Seasons",TRUE,10.84,0,76,"Urban - High Density",FALSE
9567,1554,19,5,2023-08-16,TRUE,2,"Banana","Winter",TRUE,-0.17,-0.85,68,"Urban - Medium Density",FALSE
9568,1447,21,1,2023-09-25,TRUE,1,"Sweet Potato","All Seasons",TRUE,12.3,12.3,74,"Urban - High Density",TRUE
9569,1183,23,0,2023-07-08,TRUE,1,"Corn","Winter",FALSE,1.53,0,76,"Rural",TRUE
9570,1583,6,8,2023-12-07,TRUE,5,"Walnut","Summer",TRUE,-3.25,-26,34,"Urban - High Density",TRUE
9571,381,12,4,2023-12-20,TRUE,7,"Banana","All Seasons",TRUE,10.29,41.16,23,"Urban - Medium Density",NA
9572,568,39,1,2023-09-19,TRUE,-2,"Mango","All Seasons",TRUE,10.84,10.84,31,"Urban - Medium Density",TRUE
9573,1483,9,4,2023-09-09,TRUE,2,"Onion","Unknown",TRUE,5.01,20.04,76,"Unknown",TRUE
9574,733,26,6,2023-10-03,TRUE,6,"Mango","Summer",TRUE,-1.79,-10.74,75,"Urban - Medium Density",TRUE
9575,610,14,3,2023-01-02,TRUE,4,"Fig","Summer",TRUE,3.67,11.01,53,"Urban - Medium Density",TRUE
9576,298,19,10,2023-04-11,TRUE,-2,"Banana","Winter",TRUE,-0.17,-1.7,31,"Urban - High Density",TRUE
9577,898,21,4,2023-06-19,TRUE,4,"Sweet Potato","All Seasons",TRUE,12.3,49.2,50,"Urban - High Density",TRUE
9578,1232,42,2,2023-04-12,TRUE,6,"Pomegranate","Winter",TRUE,10.95,21.9,23,"Urban - Medium Density",TRUE
9579,1194,12,0,2023-03-07,TRUE,1,"Banana","All Seasons",TRUE,10.29,0,77,"Urban - High Density",TRUE
9580,368,7,0,2023-05-11,TRUE,6,"Lettuce","Unknown",TRUE,8.68,0,68,"Urban - Medium Density",TRUE
9581,655,7,7,2023-06-16,TRUE,4,"Lettuce","Unknown",TRUE,8.68,60.76,64,"Urban - Medium Density",TRUE
9582,318,19,-3,2023-11-16,TRUE,6,"Banana","Winter",TRUE,-0.17,0.51,120,"Urban - High Density",TRUE
9583,1891,19,9,2023-10-21,TRUE,1,"Banana","Winter",TRUE,-0.17,-1.53,65,"Urban - High Density",TRUE
9584,1842,48,9,2023-10-01,TRUE,1,"Blueberry","Winter",TRUE,0.78,7.02,54,"Urban - High Density",TRUE
9585,1642,25,7,2023-10-15,TRUE,4,"Broccoli","All Seasons",TRUE,3.11,21.77,45,"Rural",FALSE
9586,1082,44,4,2023-02-18,TRUE,2,"Apple","Summer",TRUE,9.24,36.96,71,"Urban - Medium Density",TRUE
9587,379,18,3,2023-11-28,TRUE,1,"Apple","All Seasons",TRUE,14.07,42.21,38,"Rural",FALSE
9588,169,19,1,2023-04-01,TRUE,6,"Banana","Winter",TRUE,-0.17,-0.17,23,"Urban - High Density",FALSE
9589,1455,30,-3,2023-07-18,TRUE,1,"Lychee","All Seasons",TRUE,1.21,-3.63,58,"Rural",TRUE
9590,1146,46,-3,2023-05-01,TRUE,4,"Chestnut","All Seasons",TRUE,-4.08,12.24,71,"Urban - High Density",TRUE
9591,449,4,3,2023-04-11,TRUE,-2,"Watermelon","Unknown",TRUE,12.08,36.24,67,"Unknown",NA
9592,869,27,8,2023-11-12,TRUE,4,"Peach","Winter",TRUE,13.88,111.04,77,"Urban - High Density",FALSE
9593,1236,28,7,2023-03-25,TRUE,7,"Raspberry","Unknown",TRUE,14.97,104.79,68,"Urban - Medium Density",TRUE
9594,337,3,7,2023-06-26,TRUE,50,"Raspberry","Unknown",FALSE,10.26,71.82,25,"Urban - High Density",TRUE
9595,1615,7,3,2023-04-07,TRUE,6,"Lettuce","Unknown",TRUE,8.68,26.04,61,"Urban - High Density",TRUE
9596,1249,8,2,2023-06-15,TRUE,3,"Garlic","Winter",TRUE,3.66,7.32,55,"Urban - High Density",TRUE
9597,113,14,9,2023-04-03,TRUE,7,"Fig","Summer",TRUE,3.67,33.03,60,"Urban - High Density",TRUE
9598,1779,12,10,2023-09-22,TRUE,-2,"Banana","All Seasons",TRUE,10.29,102.9,22,"Urban - High Density",FALSE
9599,1683,36,10,2023-06-04,TRUE,1,"Raspberry","Summer",TRUE,5.87,58.7,34,"Urban - High Density",FALSE
9600,1821,40,6,2023-12-13,TRUE,4,"Orange","Winter",FALSE,3.87,23.22,51,"Urban - High Density",FALSE
9601,451,20,9,2023-05-25,TRUE,5,"Corn","All Seasons",TRUE,12.25,110.25,51,"Urban - Medium Density",FALSE
9602,789,26,4,2023-12-26,TRUE,3,"Mango","Summer",TRUE,-1.79,-7.16,25,"Rural",TRUE
9603,1939,7,5,2023-01-25,TRUE,5,"Lettuce","Unknown",TRUE,8.68,43.4,60,"Rural",FALSE
9604,1715,45,7,2023-04-06,TRUE,4,"Apricot","All Seasons",TRUE,7.43,52.01,53,"Urban - Medium Density",FALSE
9605,943,39,0,2023-03-30,FALSE,-2,"Mango","All Seasons",TRUE,10.84,0,55,"Urban - Medium Density",FALSE
9606,1674,40,5,2023-01-22,TRUE,-2,"Orange","Winter",FALSE,3.87,19.35,30,"Urban - Medium Density",FALSE
9607,1148,29,1,2023-06-06,TRUE,6,"Orange","Summer",FALSE,9.07,9.07,70,"Urban - High Density",TRUE
9608,1192,25,0,2023-01-16,TRUE,6,"Broccoli","All Seasons",TRUE,3.11,0,19,"Urban - High Density",TRUE
9609,588,28,3,2023-05-12,TRUE,5,"Raspberry","Unknown",TRUE,14.97,44.91,31,"Rural",TRUE
9610,488,41,5,2023-06-15,TRUE,2,"Strawberry","Summer",TRUE,4.94,24.7,71,"Rural",FALSE
9611,1514,25,4,2023-05-15,TRUE,4,"Broccoli","All Seasons",TRUE,3.11,12.44,36,"Unknown",TRUE
9612,588,13,9,2023-02-05,TRUE,1,"Cucumber","All Seasons",NA,8.17,73.53,31,"Rural",TRUE
9613,1588,2,10,2023-08-20,TRUE,6,"Grape","Unknown",TRUE,10.56,105.6,64,"Urban - High Density",TRUE
9614,697,34,9,2023-09-23,TRUE,3,"Celery","Winter",TRUE,5.77,51.93,70,"Urban - High Density",TRUE
9615,981,16,2,2023-01-30,TRUE,6,"Chestnut","Summer",TRUE,3.39,6.78,73,"Rural",NA
9616,1436,16,3,2023-02-16,FALSE,7,"Chestnut","Summer",TRUE,3.39,10.17,39,"Urban - Medium Density",TRUE
9617,1515,8,10,2023-11-10,TRUE,4,"Garlic","Winter",TRUE,3.66,36.6,73,"Urban - High Density",FALSE
9618,100,48,10,2023-12-15,TRUE,3,"Blueberry","Winter",TRUE,0.78,7.8,67,"Rural",TRUE
9619,132,25,9,2023-08-27,TRUE,1,"Broccoli","All Seasons",TRUE,3.11,27.99,44,"Rural",FALSE
9620,1928,45,3,2023-01-04,TRUE,3,"Apricot","All Seasons",TRUE,7.43,22.29,21,"Rural",TRUE
9621,1160,2,-3,2023-10-21,TRUE,3,"Grape","Unknown",TRUE,10.56,-31.68,56,"",TRUE
9622,457,22,6,2023-02-24,TRUE,2,"Green Bean","All Seasons",FALSE,-4.21,-25.26,20,"Urban - High Density",FALSE
9623,1930,23,5,2023-09-09,TRUE,6,"Corn","Winter",FALSE,1.53,7.65,46,"Urban - Medium Density",TRUE
9624,468,19,9,2023-03-04,TRUE,4,"Banana","Winter",TRUE,-0.17,-1.53,59,"Urban - High Density",FALSE
9625,145,14,6,2023-10-17,TRUE,50,"Fig","Summer",TRUE,3.67,22.02,38,"Urban - High Density",TRUE
9626,985,5,10,2023-11-24,TRUE,4,"Apricot","Summer",FALSE,10.18,101.8,45,"Urban - High Density",TRUE
9627,1754,44,7,2023-07-25,TRUE,1,"Apple","Summer",TRUE,9.24,64.68,52,"Urban - Medium Density",TRUE
9628,539,26,4,2023-04-02,TRUE,7,"Mango","Summer",TRUE,-1.79,-7.16,33,"Urban - High Density",TRUE
9629,34,4,4,2023-05-23,TRUE,2,"Watermelon","Unknown",TRUE,12.08,48.32,53,"",FALSE
9630,1743,21,3,2023-09-01,TRUE,50,"Sweet Potato","All Seasons",TRUE,12.3,36.9,51,"Urban - High Density",TRUE
9631,1530,8,10,2023-05-14,TRUE,6,"Garlic","Winter",TRUE,3.66,36.6,66,"Urban - High Density",TRUE
9632,1746,44,9,2023-10-30,TRUE,5,"Apple","Summer",TRUE,9.24,83.16,32,"Urban - High Density",TRUE
9633,566,41,10,2023-05-02,TRUE,6,"Strawberry","Summer",TRUE,4.94,49.4,59,"Urban - High Density",FALSE
9634,49,34,1,2023-07-28,TRUE,4,"Celery","Winter",TRUE,5.77,5.77,37,"Urban - Medium Density",FALSE
9635,1465,37,0,2023-03-02,TRUE,5,"Radish","Unknown",TRUE,7.32,0,43,"Urban - Medium Density",TRUE
9636,328,42,-3,2023-08-11,FALSE,3,"Pomegranate","Winter",TRUE,10.95,-32.85,47,"Urban - Medium Density",TRUE
9637,1559,26,10,2023-02-28,TRUE,6,"Mango","Summer",TRUE,-1.79,-17.9,27,"Urban - Medium Density",FALSE
9638,611,13,-3,2023-08-21,TRUE,50,"Cucumber","All Seasons",NA,8.17,-24.51,39,"Urban - Medium Density",FALSE
9639,1616,9,9,2023-03-15,TRUE,1,"Onion","Unknown",TRUE,5.01,45.09,35,"Urban - High Density",FALSE
9640,581,47,5,2023-05-15,TRUE,7,"Mango","Summer",FALSE,2.32,11.6,35,"Urban - High Density",TRUE
9641,1161,3,4,2023-09-12,TRUE,5,"Raspberry","Unknown",FALSE,10.26,41.04,63,"Urban - Medium Density",FALSE
9642,1016,49,8,2023-03-03,TRUE,1,"Cherry","Summer",NA,1.84,14.72,52,"Urban - Medium Density",FALSE
9643,958,28,1,2023-12-31,TRUE,-2,"Raspberry","Unknown",TRUE,14.97,14.97,74,"Urban - Medium Density",TRUE
9644,1456,2,9,2023-05-08,TRUE,7,"Grape","Unknown",TRUE,10.56,95.04,23,"Urban - Medium Density",FALSE
9645,1758,48,9,2023-12-06,TRUE,7,"Blueberry","Winter",TRUE,0.78,7.02,37,"Unknown",FALSE
9646,1810,41,4,2023-06-20,TRUE,7,"Strawberry","Summer",TRUE,4.94,19.76,80,"Urban - High Density",TRUE
9647,1416,23,0,2023-10-17,TRUE,7,"Corn","Winter",FALSE,1.53,0,23,"Urban - High Density",FALSE
9648,608,47,8,2023-10-02,TRUE,5,"Mango","Summer",FALSE,2.32,18.56,71,"Urban - Medium Density",TRUE
9649,1874,17,10,2023-06-19,TRUE,6,"Pea","All Seasons",TRUE,-2.07,-20.7,51,"Urban - High Density",FALSE
9650,125,40,9,2023-11-19,TRUE,7,"Orange","Winter",FALSE,3.87,34.83,39,"Urban - High Density",FALSE
9651,1652,32,9,2023-10-12,TRUE,50,"Raspberry","All Seasons",TRUE,12.49,112.41,62,"Urban - High Density",FALSE
9652,891,13,8,2023-04-28,TRUE,5,"Cucumber","All Seasons",NA,8.17,65.36,34,"Urban - High Density",TRUE
9653,66,8,4,2023-05-01,TRUE,4,"Garlic","Winter",TRUE,3.66,14.64,32,"Urban - High Density",TRUE
9654,121,48,7,2023-04-12,TRUE,5,"Blueberry","Winter",TRUE,0.78,5.46,22,"Urban - High Density",TRUE
9655,1715,32,4,2023-06-21,TRUE,-2,"Raspberry","All Seasons",TRUE,12.49,49.96,53,"Urban - Medium Density",FALSE
9656,226,22,10,2023-08-29,TRUE,50,"Green Bean","All Seasons",FALSE,-4.21,-42.1,35,"Urban - Medium Density",TRUE
9657,1471,4,3,2023-04-30,TRUE,3,"Watermelon","Unknown",TRUE,12.08,36.24,22,"Urban - High Density",FALSE
9658,1825,32,8,2023-10-04,TRUE,6,"Raspberry","All Seasons",TRUE,12.49,99.92,67,"Urban - High Density",TRUE
9659,989,50,-3,2023-10-01,TRUE,4,"Sweet Potato","Unknown",FALSE,1.01,-3.03,54,"Urban - High Density",FALSE
9660,9,49,2,2023-10-17,TRUE,3,"Cherry","Summer",NA,1.84,3.68,72,"Urban - High Density",FALSE
9661,1967,36,7,2023-11-27,TRUE,2,"Raspberry","Summer",TRUE,5.87,41.09,43,"Unknown",TRUE
9662,1959,29,4,2023-04-12,TRUE,-2,"Orange","Summer",FALSE,9.07,36.28,78,"Urban - High Density",NA
9663,1368,9,0,2023-06-09,TRUE,3,"Onion","Unknown",TRUE,5.01,0,43,"Urban - High Density",FALSE
9664,957,27,4,2023-04-04,TRUE,4,"Peach","Winter",TRUE,13.88,55.52,54,"Rural",TRUE
9665,916,13,1,2023-04-21,TRUE,5,"Cucumber","All Seasons",NA,8.17,8.17,27,"Urban - High Density",TRUE
9666,683,34,3,2023-02-28,TRUE,-2,"Celery","Winter",TRUE,5.77,17.31,49,"Rural",FALSE
9667,432,4,4,2023-01-26,TRUE,3,"Watermelon","Unknown",TRUE,12.08,48.32,34,"Urban - Medium Density",TRUE
9668,666,47,2,2023-03-27,TRUE,50,"Mango","Summer",FALSE,2.32,4.64,72,"Urban - Medium Density",TRUE
9669,1423,30,-3,2023-02-04,TRUE,7,"Lychee","All Seasons",TRUE,1.21,-3.63,50,"Urban - High Density",TRUE
9670,1018,11,9,2023-02-04,TRUE,4,"Strawberry","Summer",TRUE,5.35,48.15,64,"Urban - High Density",TRUE
9671,1626,20,9,2023-02-09,TRUE,6,"Corn","All Seasons",TRUE,12.25,110.25,21,"Urban - High Density",FALSE
9672,366,39,8,2023-12-04,TRUE,6,"Mango","All Seasons",TRUE,10.84,86.72,48,"Urban - High Density",TRUE
9673,578,46,-3,2023-07-11,TRUE,5,"Chestnut","All Seasons",TRUE,-4.08,12.24,79,"Urban - High Density",FALSE
9674,1773,22,6,2023-04-09,TRUE,50,"Green Bean","All Seasons",FALSE,-4.21,-25.26,33,"Urban - Medium Density",FALSE
9675,174,13,7,2023-12-21,TRUE,6,"Cucumber","All Seasons",NA,8.17,57.19,46,"Urban - High Density",TRUE
9676,1908,21,2,2023-12-02,TRUE,-2,"Sweet Potato","All Seasons",TRUE,12.3,24.6,71,"Rural",TRUE
9677,1742,42,4,2023-01-25,TRUE,3,"Pomegranate","Winter",TRUE,10.95,43.8,58,"Urban - High Density",TRUE
9678,216,13,9,2023-07-11,TRUE,7,"Cucumber","All Seasons",NA,8.17,73.53,36,"Urban - Medium Density",FALSE
9679,1294,43,6,2023-07-23,TRUE,3,"Pear","Unknown",TRUE,4.62,27.72,34,"Urban - High Density",FALSE
9680,1193,22,10,2023-08-18,TRUE,50,"Green Bean","All Seasons",FALSE,-4.21,-42.1,54,"Urban - High Density",TRUE
9681,1094,31,9,2023-05-18,TRUE,4,"Chestnut","All Seasons",NA,0.13,1.17,66,"Urban - Medium Density",TRUE
9682,1590,33,4,2023-09-24,TRUE,2,"Banana","All Seasons",TRUE,13.25,53,30,"Urban - High Density",TRUE
9683,174,18,9,2023-10-16,TRUE,4,"Apple","All Seasons",TRUE,14.07,126.63,46,"Urban - High Density",TRUE
9684,1192,4,1,2023-01-28,TRUE,-2,"Watermelon","Unknown",TRUE,12.08,12.08,19,"Urban - High Density",TRUE
9685,501,42,1,2023-11-18,TRUE,2,"Pomegranate","Winter",TRUE,10.95,10.95,70,"Urban - High Density",TRUE
9686,568,1,4,2023-04-23,TRUE,50,"Strawberry","Unknown",TRUE,4.42,17.68,31,"Urban - Medium Density",TRUE
9687,761,42,0,2023-01-15,TRUE,3,"Pomegranate","Winter",TRUE,10.95,0,18,"Urban - High Density",TRUE
9688,1914,28,2,2023-02-05,TRUE,3,"Raspberry","Unknown",TRUE,14.97,29.94,53,"Unknown",TRUE
9689,717,25,5,2023-03-04,TRUE,2,"Broccoli","All Seasons",TRUE,3.11,15.55,77,"Urban - High Density",TRUE
9690,320,22,-3,2023-04-24,TRUE,4,"Green Bean","All Seasons",FALSE,-4.21,12.63,72,"Urban - Medium Density",TRUE
9691,1208,46,3,2023-06-28,TRUE,1,"Chestnut","All Seasons",TRUE,-4.08,-12.24,70,"Unknown",TRUE
9692,423,38,7,2023-01-09,TRUE,6,"Apricot","Summer",TRUE,8.8,61.6,21,"",TRUE
9693,42,5,8,2023-05-15,TRUE,6,"Apricot","Summer",FALSE,10.18,81.44,46,"Urban - High Density",NA
9694,1277,40,4,2023-05-28,TRUE,6,"Orange","Winter",FALSE,3.87,15.48,59,"Urban - High Density",TRUE
9695,1362,46,2,2023-12-29,TRUE,50,"Chestnut","All Seasons",TRUE,-4.08,-8.16,41,"Urban - High Density",TRUE
9696,70,8,9,2023-06-13,TRUE,7,"Garlic","Winter",TRUE,3.66,32.94,50,"Urban - High Density",TRUE
9697,1774,29,6,2023-05-15,TRUE,4,"Orange","Summer",FALSE,9.07,54.42,37,"Urban - Medium Density",TRUE
9698,612,24,7,2023-01-19,TRUE,5,"Asparagus","Winter",FALSE,2.01,14.07,63,"Rural",FALSE
9699,1226,2,-3,2023-06-03,TRUE,50,"Grape","Unknown",TRUE,10.56,-31.68,25,"Urban - High Density",NA
9700,1057,11,2,2023-11-20,TRUE,7,"Strawberry","Summer",TRUE,5.35,10.7,28,"Urban - High Density",FALSE
9701,1733,31,8,2023-01-07,TRUE,50,"Chestnut","All Seasons",NA,0.13,1.04,38,"Unknown",FALSE
9702,1198,16,9,2023-04-02,TRUE,2,"Chestnut","Summer",TRUE,3.39,30.51,33,"Urban - High Density",FALSE
9703,1790,22,2,2023-03-25,TRUE,4,"Green Bean","All Seasons",FALSE,-4.21,-8.42,34,"Urban - High Density",FALSE
9704,43,26,6,2023-03-07,TRUE,50,"Mango","Summer",TRUE,-1.79,-10.74,65,"Urban - High Density",FALSE
9705,1164,31,10,2023-09-03,TRUE,-2,"Chestnut","All Seasons",NA,0.13,1.3,39,"Urban - High Density",FALSE
9706,450,1,-3,2023-01-29,FALSE,5,"Strawberry","Unknown",TRUE,4.42,-13.26,76,"Urban - High Density",NA
9707,1248,22,3,2023-05-30,TRUE,3,"Green Bean","All Seasons",FALSE,-4.21,-12.63,39,"Urban - Medium Density",FALSE
9708,1260,44,0,2023-12-14,TRUE,5,"Apple","Summer",TRUE,9.24,0,29,"Urban - Medium Density",FALSE
9709,276,43,9,2023-07-19,TRUE,7,"Pear","Unknown",TRUE,4.62,41.58,43,"Rural",TRUE
9710,93,19,5,2023-07-18,TRUE,50,"Banana","Winter",TRUE,-0.17,-0.85,55,"Urban - Medium Density",FALSE
9711,1648,17,-3,2023-05-15,TRUE,2,"Pea","All Seasons",TRUE,-2.07,6.21,34,"Rural",FALSE
9712,262,19,0,2023-12-10,TRUE,6,"Banana","Winter",TRUE,-0.17,0,33,"Urban - High Density",TRUE
9713,752,48,4,2023-10-04,TRUE,7,"Blueberry","Winter",TRUE,0.78,3.12,39,"Rural",TRUE
9714,725,27,2,2023-08-29,TRUE,5,"Peach","Winter",TRUE,13.88,27.76,61,"Rural",FALSE
9715,1730,37,6,2023-09-04,TRUE,2,"Radish","Unknown",TRUE,7.32,43.92,56,"Urban - High Density",TRUE
9716,1327,16,9,2023-12-28,TRUE,1,"Chestnut","Summer",TRUE,3.39,30.51,44,"Rural",FALSE
9717,705,12,8,2023-04-13,TRUE,-2,"Banana","All Seasons",TRUE,10.29,82.32,28,"Urban - High Density",FALSE
9718,1751,11,1,2023-01-04,TRUE,5,"Strawberry","Summer",TRUE,5.35,5.35,44,"Urban - High Density",FALSE
9719,1877,25,0,2023-04-11,TRUE,3,"Broccoli","All Seasons",TRUE,3.11,0,46,"Urban - Medium Density",FALSE
9720,1299,12,0,2023-12-01,TRUE,2,"Banana","All Seasons",TRUE,10.29,0,54,"Urban - Medium Density",TRUE
9721,996,34,3,2023-09-19,TRUE,7,"Celery","Winter",TRUE,5.77,17.31,48,"Rural",TRUE
9722,223,4,6,2023-05-26,TRUE,7,"Watermelon","Unknown",TRUE,12.08,72.48,57,"Urban - High Density",FALSE
9723,1681,44,7,2023-05-18,TRUE,4,"Apple","Summer",TRUE,9.24,64.68,27,"",TRUE
9724,1487,26,4,2023-10-14,TRUE,-2,"Mango","Summer",TRUE,-1.79,-7.16,71,"Urban - Medium Density",TRUE
9725,528,46,-3,2023-06-21,TRUE,7,"Chestnut","All Seasons",TRUE,-4.08,12.24,120,"Urban - High Density",TRUE
9726,663,30,6,2023-05-09,TRUE,-2,"Lychee","All Seasons",TRUE,1.21,7.26,51,"Urban - High Density",TRUE
9727,1663,5,9,2023-07-01,TRUE,5,"Apricot","Summer",FALSE,10.18,91.62,66,"Urban - High Density",FALSE
9728,1172,40,1,2023-02-20,TRUE,-2,"Orange","Winter",FALSE,3.87,3.87,40,"Urban - High Density",TRUE
9729,63,32,5,2023-03-11,TRUE,1,"Raspberry","All Seasons",TRUE,12.49,62.45,66,"Urban - Medium Density",FALSE
9730,210,39,3,2023-09-04,TRUE,1,"Mango","All Seasons",TRUE,10.84,32.52,56,"Urban - High Density",TRUE
9731,1511,2,3,2023-02-01,TRUE,2,"Grape","Unknown",TRUE,10.56,31.68,45,"Urban - High Density",FALSE
9732,20,27,2,2023-11-06,TRUE,1,"Peach","Winter",TRUE,13.88,27.76,24,"Urban - Medium Density",FALSE
9733,1757,4,6,2023-02-24,TRUE,3,"Watermelon","Unknown",TRUE,12.08,72.48,26,"Urban - Medium Density",TRUE
9734,614,16,2,2023-03-21,TRUE,7,"Chestnut","Summer",TRUE,3.39,6.78,80,"Urban - High Density",TRUE
9735,1225,6,5,2023-08-03,TRUE,6,"Walnut","Summer",TRUE,-3.25,-16.25,40,"Urban - High Density",FALSE
9736,106,45,3,2023-06-12,TRUE,5,"Apricot","All Seasons",TRUE,7.43,22.29,70,"Rural",FALSE
9737,1385,29,8,2023-05-16,TRUE,-2,"Orange","Summer",FALSE,9.07,72.56,77,"Urban - High Density",TRUE
9738,599,22,7,2023-11-20,FALSE,6,"Green Bean","All Seasons",FALSE,-4.21,-29.47,59,"Urban - Medium Density",FALSE
9739,1840,50,7,2023-07-04,TRUE,50,"Sweet Potato","Unknown",FALSE,1.01,7.07,55,"Urban - High Density",FALSE
9740,487,9,0,2023-09-05,TRUE,50,"Onion","Unknown",TRUE,5.01,0,19,"Rural",TRUE
9741,1808,3,-3,2023-04-25,TRUE,-2,"Raspberry","Unknown",FALSE,10.26,-30.78,56,"Urban - Medium Density",TRUE
9742,43,44,0,2023-05-22,TRUE,1,"Apple","Summer",TRUE,9.24,0,65,"Urban - High Density",FALSE
9743,1138,19,6,2023-01-10,FALSE,-2,"Banana","Winter",TRUE,-0.17,-1.02,47,"Urban - High Density",TRUE
9744,1725,26,1,2023-04-22,TRUE,1,"Mango","Summer",TRUE,-1.79,-1.79,61,"Rural",FALSE
9745,1154,2,0,2023-08-21,TRUE,5,"Grape","Unknown",TRUE,10.56,0,45,"Urban - High Density",TRUE
9746,74,42,5,2023-06-18,TRUE,3,"Pomegranate","Winter",TRUE,10.95,54.75,41,"Urban - Medium Density",FALSE
9747,35,17,5,2023-07-23,TRUE,1,"Pea","All Seasons",TRUE,-2.07,-10.35,36,"Urban - High Density",FALSE
9748,867,50,9,2023-09-20,TRUE,1,"Sweet Potato","Unknown",FALSE,1.01,9.09,46,"Urban - High Density",FALSE
9749,890,24,7,2023-02-11,TRUE,4,"Asparagus","Winter",FALSE,2.01,14.07,58,"Urban - High Density",NA
9750,437,39,9,2023-06-26,TRUE,2,"Mango","All Seasons",TRUE,10.84,97.56,56,"Urban - High Density",NA
9751,773,8,10,2023-02-05,TRUE,1,"Garlic","Winter",TRUE,3.66,36.6,33,"Urban - Medium Density",TRUE
9752,1275,38,5,2023-02-04,TRUE,2,"Apricot","Summer",TRUE,8.8,44,62,"Rural",FALSE
9753,1752,16,1,2023-09-11,TRUE,2,"Chestnut","Summer",TRUE,3.39,3.39,36,"Rural",TRUE
9754,856,4,0,2023-06-08,TRUE,2,"Watermelon","Unknown",TRUE,12.08,0,30,"Urban - High Density",TRUE
9755,345,29,0,2023-08-15,TRUE,4,"Orange","Summer",FALSE,9.07,0,49,"Urban - Medium Density",TRUE
9756,1175,3,0,2023-07-30,NA,5,"Raspberry","Unknown",FALSE,10.26,0,26,"Urban - High Density",TRUE
9757,1601,30,7,2023-04-13,TRUE,50,"Lychee","All Seasons",TRUE,1.21,8.47,34,"Urban - Medium Density",FALSE
9758,1004,47,6,2023-10-29,TRUE,2,"Mango","Summer",FALSE,2.32,13.92,41,"Urban - High Density",FALSE
9759,1306,31,1,2023-02-16,TRUE,6,"Chestnut","All Seasons",NA,0.13,0.13,54,"Urban - Medium Density",FALSE
9760,461,11,1,2023-02-16,TRUE,5,"Strawberry","Summer",TRUE,5.35,5.35,46,"Rural",FALSE
9761,142,40,2,2023-06-23,TRUE,3,"Orange","Winter",FALSE,3.87,7.74,47,"Rural",TRUE
9762,1488,26,9,2023-07-06,TRUE,4,"Mango","Summer",TRUE,-1.79,-16.11,67,"Urban - High Density",FALSE
9763,861,18,4,2023-01-11,TRUE,7,"Apple","All Seasons",TRUE,14.07,56.28,25,"Urban - High Density",FALSE
9764,1116,31,10,2023-04-27,FALSE,50,"Chestnut","All Seasons",NA,0.13,1.3,31,"Urban - Medium Density",FALSE
9765,1253,29,3,2023-03-28,TRUE,5,"Orange","Summer",FALSE,9.07,27.21,75,"Rural",TRUE
9766,1708,24,8,2023-09-17,TRUE,-2,"Asparagus","Winter",FALSE,2.01,16.08,59,"Urban - High Density",TRUE
9767,1716,41,2,2023-06-11,TRUE,2,"Strawberry","Summer",TRUE,4.94,9.88,46,"Urban - Medium Density",FALSE
9768,1505,33,2,2023-07-17,TRUE,-2,"Banana","All Seasons",TRUE,13.25,26.5,76,"Urban - High Density",TRUE
9769,1708,50,5,2023-11-14,TRUE,50,"Sweet Potato","Unknown",FALSE,1.01,5.05,59,"Urban - High Density",TRUE
9770,652,15,10,2023-03-17,TRUE,4,"Cabbage","All Seasons",FALSE,3.34,33.4,43,"Rural",TRUE
9771,322,10,4,2023-03-28,TRUE,2,"Blueberry","Summer",FALSE,4.44,17.76,52,"Urban - Medium Density",NA
9772,803,20,4,2023-11-01,TRUE,2,"Corn","All Seasons",TRUE,12.25,49,33,"Urban - Medium Density",TRUE
9773,345,44,0,2023-09-18,TRUE,5,"Apple","Summer",TRUE,9.24,0,49,"Urban - Medium Density",TRUE
9774,933,1,10,2023-07-21,TRUE,-2,"Strawberry","Unknown",TRUE,4.42,44.2,64,"Urban - High Density",TRUE
9775,1128,7,6,2023-08-08,TRUE,7,"Lettuce","Unknown",TRUE,8.68,52.08,79,"Urban - High Density",TRUE
9776,938,1,7,2023-08-30,TRUE,3,"Strawberry","Unknown",TRUE,4.42,30.94,77,"Urban - High Density",FALSE
9777,234,23,7,2023-11-09,TRUE,6,"Corn","Winter",FALSE,1.53,10.71,34,"Rural",FALSE
9778,221,3,2,2023-05-19,TRUE,7,"Raspberry","Unknown",FALSE,10.26,20.52,57,"Urban - Medium Density",NA
9779,1709,9,2,2023-06-11,TRUE,7,"Onion","Unknown",TRUE,5.01,10.02,25,"Urban - High Density",FALSE
9780,227,15,7,2023-02-11,TRUE,1,"Cabbage","All Seasons",FALSE,3.34,23.38,35,"Urban - Medium Density",FALSE
9781,1597,11,9,2023-06-05,TRUE,-2,"Strawberry","Summer",TRUE,5.35,48.15,51,"Urban - High Density",TRUE
9782,1160,40,-3,2023-09-21,TRUE,4,"Orange","Winter",FALSE,3.87,-11.61,56,"",TRUE
9783,527,21,9,2023-03-03,TRUE,6,"Sweet Potato","All Seasons",TRUE,12.3,110.7,25,"Urban - High Density",FALSE
9784,1468,44,-3,2023-09-06,TRUE,7,"Apple","Summer",TRUE,9.24,-27.72,44,"Rural",TRUE
9785,733,49,6,2023-01-29,TRUE,3,"Cherry","Summer",NA,1.84,11.04,75,"Urban - Medium Density",TRUE
9786,1904,20,0,2023-01-13,TRUE,7,"Corn","All Seasons",TRUE,12.25,0,77,"Urban - High Density",TRUE
9787,1056,16,4,2023-02-07,FALSE,6,"Chestnut","Summer",TRUE,3.39,13.56,57,"Urban - High Density",FALSE
9788,447,35,8,2023-12-31,TRUE,50,"Hazelnut","All Seasons",TRUE,6.96,55.68,71,"Urban - High Density",FALSE
9789,484,7,10,2023-09-26,TRUE,4,"Lettuce","Unknown",TRUE,8.68,86.8,63,"Urban - Medium Density",TRUE
9790,715,37,10,2023-03-12,TRUE,50,"Radish","Unknown",TRUE,7.32,73.2,29,"Urban - High Density",FALSE
9791,488,35,0,2023-03-17,TRUE,-2,"Hazelnut","All Seasons",TRUE,6.96,0,71,"Rural",FALSE
9792,1959,40,6,2023-06-14,TRUE,2,"Orange","Winter",FALSE,3.87,23.22,78,"Urban - High Density",NA
9793,670,31,0,2023-10-09,TRUE,50,"Chestnut","All Seasons",NA,0.13,0,45,"Urban - Medium Density",FALSE
9794,924,40,8,2023-08-20,TRUE,2,"Orange","Winter",FALSE,3.87,30.96,71,"Unknown",TRUE
9795,1398,13,7,2023-02-08,TRUE,50,"Cucumber","All Seasons",NA,8.17,57.19,21,"Urban - Medium Density",TRUE
9796,152,4,3,2023-04-25,TRUE,5,"Watermelon","Unknown",TRUE,12.08,36.24,42,"Urban - High Density",TRUE
9797,130,41,4,2023-01-10,TRUE,1,"Strawberry","Summer",TRUE,4.94,19.76,48,"Urban - Medium Density",FALSE
9798,1748,37,0,2023-03-06,FALSE,3,"Radish","Unknown",TRUE,7.32,0,74,"Urban - Medium Density",TRUE
9799,1972,13,7,2023-05-11,TRUE,3,"Cucumber","All Seasons",NA,8.17,57.19,70,"Rural",FALSE
9800,1481,5,-3,2023-11-21,TRUE,-2,"Apricot","Summer",FALSE,10.18,-30.54,23,"Urban - High Density",TRUE
9801,1518,42,4,2023-06-30,TRUE,1,"Pomegranate","Winter",TRUE,10.95,43.8,30,"Urban - High Density",TRUE
9802,1303,40,10,2023-10-05,TRUE,3,"Orange","Winter",FALSE,3.87,38.7,25,"Urban - High Density",TRUE
9803,1609,45,8,2023-05-04,TRUE,1,"Apricot","All Seasons",TRUE,7.43,59.44,61,"Urban - Medium Density",TRUE
9804,1247,18,10,2023-10-29,TRUE,50,"Apple","All Seasons",TRUE,14.07,140.7,57,"Urban - High Density",TRUE
9805,1849,43,0,2023-05-05,TRUE,1,"Pear","Unknown",TRUE,4.62,0,72,"Urban - Medium Density",TRUE
9806,1603,14,2,2023-02-10,TRUE,7,"Fig","Summer",TRUE,3.67,7.34,48,"Urban - Medium Density",TRUE
9807,1831,35,-3,2023-08-25,TRUE,3,"Hazelnut","All Seasons",TRUE,6.96,-20.88,23,"Urban - High Density",TRUE
9808,306,41,4,2023-07-09,TRUE,3,"Strawberry","Summer",TRUE,4.94,19.76,26,"Urban - Medium Density",TRUE
9809,1003,34,1,2023-09-13,TRUE,-2,"Celery","Winter",TRUE,5.77,5.77,20,"",TRUE
9810,1678,6,4,2023-07-01,TRUE,6,"Walnut","Summer",TRUE,-3.25,-13,45,"Urban - High Density",TRUE
9811,1932,22,2,2023-04-29,TRUE,7,"Green Bean","All Seasons",FALSE,-4.21,-8.42,60,"Urban - High Density",TRUE
9812,125,9,0,2023-11-24,TRUE,50,"Onion","Unknown",TRUE,5.01,0,39,"Urban - High Density",FALSE
9813,423,22,2,2023-05-11,TRUE,4,"Green Bean","All Seasons",FALSE,-4.21,-8.42,21,"",TRUE
9814,1050,12,5,2023-05-07,NA,-2,"Banana","All Seasons",TRUE,10.29,51.45,120,"Rural",FALSE
9815,1790,42,8,2023-06-18,TRUE,3,"Pomegranate","Winter",TRUE,10.95,87.6,34,"Urban - High Density",FALSE
9816,1526,42,4,2023-03-06,TRUE,-2,"Pomegranate","Winter",TRUE,10.95,43.8,50,"Urban - High Density",FALSE
9817,566,19,6,2023-01-22,TRUE,4,"Banana","Winter",TRUE,-0.17,-1.02,59,"Urban - High Density",FALSE
9818,1119,35,-3,2023-10-13,TRUE,6,"Hazelnut","All Seasons",TRUE,6.96,-20.88,60,"Urban - Medium Density",FALSE
9819,147,18,2,2023-10-30,FALSE,1,"Apple","All Seasons",TRUE,14.07,28.14,21,"Rural",TRUE
9820,1372,15,8,2023-11-20,TRUE,6,"Cabbage","All Seasons",FALSE,3.34,26.72,54,"Urban - High Density",TRUE
9821,1152,39,6,2023-02-11,TRUE,1,"Mango","All Seasons",TRUE,10.84,65.04,27,"Rural",TRUE
9822,1887,26,5,2023-08-11,TRUE,6,"Mango","Summer",TRUE,-1.79,-8.95,19,"Urban - High Density",FALSE
9823,333,13,1,2023-09-29,TRUE,1,"Cucumber","All Seasons",NA,8.17,8.17,120,"Urban - High Density",TRUE
9824,560,1,8,2023-07-13,TRUE,-2,"Strawberry","Unknown",TRUE,4.42,35.36,52,"Urban - High Density",FALSE
9825,1589,29,7,2023-05-10,TRUE,4,"Orange","Summer",FALSE,9.07,63.49,73,"Urban - High Density",FALSE
9826,213,38,6,2023-12-27,TRUE,6,"Apricot","Summer",TRUE,8.8,52.8,52,"Urban - High Density",FALSE
9827,268,29,9,2023-05-27,TRUE,50,"Orange","Summer",FALSE,9.07,81.63,20,"Urban - High Density",FALSE
9828,1097,34,7,2023-02-05,TRUE,7,"Celery","Winter",TRUE,5.77,40.39,56,"Urban - High Density",FALSE
9829,417,45,9,2023-12-07,TRUE,50,"Apricot","All Seasons",TRUE,7.43,66.87,63,"Urban - High Density",TRUE
9830,1945,26,9,2023-07-30,TRUE,6,"Mango","Summer",TRUE,-1.79,-16.11,19,"Urban - Medium Density",TRUE
9831,771,8,4,2023-12-31,TRUE,-2,"Garlic","Winter",TRUE,3.66,14.64,64,"Urban - Medium Density",TRUE
9832,1169,20,9,2023-01-05,TRUE,7,"Corn","All Seasons",TRUE,12.25,110.25,44,"Urban - Medium Density",FALSE
9833,1306,43,2,2023-08-14,TRUE,7,"Pear","Unknown",TRUE,4.62,9.24,54,"Urban - Medium Density",FALSE
9834,1587,47,6,2023-10-21,TRUE,4,"Mango","Summer",FALSE,2.32,13.92,23,"Rural",TRUE
9835,1077,9,7,2023-10-18,TRUE,50,"Onion","Unknown",TRUE,5.01,35.07,59,"Urban - High Density",TRUE
9836,790,30,5,2023-04-01,TRUE,7,"Lychee","All Seasons",TRUE,1.21,6.05,77,"Unknown",TRUE
9837,216,49,5,2023-12-25,TRUE,2,"Cherry","Summer",NA,1.84,9.2,36,"Urban - Medium Density",FALSE
9838,951,14,6,2023-06-28,TRUE,50,"Fig","Summer",TRUE,3.67,22.02,35,"Urban - Medium Density",TRUE
9839,1411,22,1,2023-05-22,TRUE,2,"Green Bean","All Seasons",FALSE,-4.21,-4.21,74,"Urban - High Density",TRUE
9840,343,42,1,2023-01-23,TRUE,1,"Pomegranate","Winter",TRUE,10.95,10.95,51,"Urban - High Density",FALSE
9841,428,7,8,2023-03-29,FALSE,6,"Lettuce","Unknown",TRUE,8.68,69.44,34,"Urban - Medium Density",TRUE
9842,403,33,6,2023-12-10,TRUE,-2,"Banana","All Seasons",TRUE,13.25,79.5,22,"Urban - Medium Density",TRUE
9843,132,2,0,2023-10-22,TRUE,7,"Grape","Unknown",TRUE,10.56,0,44,"Rural",FALSE
9844,183,41,10,2023-03-28,TRUE,7,"Strawberry","Summer",TRUE,4.94,49.4,78,"Urban - High Density",FALSE
9845,1209,27,1,2023-02-27,TRUE,3,"Peach","Winter",TRUE,13.88,13.88,75,"Urban - Medium Density",TRUE
9846,1128,26,4,2023-04-07,TRUE,-2,"Mango","Summer",TRUE,-1.79,-7.16,79,"Urban - High Density",TRUE
9847,262,2,4,2023-08-29,TRUE,3,"Grape","Unknown",TRUE,10.56,42.24,33,"Urban - High Density",TRUE
9848,257,48,2,2023-05-27,TRUE,50,"Blueberry","Winter",TRUE,0.78,1.56,63,"Urban - Medium Density",TRUE
9849,485,5,8,2023-02-18,TRUE,3,"Apricot","Summer",FALSE,10.18,81.44,58,"Urban - High Density",FALSE
9850,1606,36,7,2023-07-05,TRUE,50,"Raspberry","Summer",TRUE,5.87,41.09,30,"Urban - Medium Density",TRUE
9851,404,7,6,2023-09-04,TRUE,3,"Lettuce","Unknown",TRUE,8.68,52.08,60,"Urban - High Density",FALSE
9852,346,36,5,2023-04-25,TRUE,6,"Raspberry","Summer",TRUE,5.87,29.35,19,"Urban - Medium Density",FALSE
9853,1113,38,8,2023-10-14,TRUE,5,"Apricot","Summer",TRUE,8.8,70.4,34,"Urban - High Density",FALSE
9854,442,22,0,2023-03-10,TRUE,50,"Green Bean","All Seasons",FALSE,-4.21,0,33,"Urban - Medium Density",FALSE
9855,1208,34,9,2023-11-09,TRUE,2,"Celery","Winter",TRUE,5.77,51.93,70,"Unknown",TRUE
9856,818,37,-3,2023-07-16,TRUE,5,"Radish","Unknown",TRUE,7.32,-21.96,35,"Urban - High Density",FALSE
9857,1025,13,10,2023-05-05,TRUE,4,"Cucumber","All Seasons",NA,8.17,81.7,18,"Urban - Medium Density",TRUE
9858,391,9,6,2023-03-02,FALSE,6,"Onion","Unknown",TRUE,5.01,30.06,5,"Urban - Medium Density",TRUE
9859,1053,29,-3,2023-06-21,TRUE,50,"Orange","Summer",FALSE,9.07,-27.21,26,"Urban - High Density",FALSE
9860,335,22,5,2023-02-13,TRUE,4,"Green Bean","All Seasons",FALSE,-4.21,-21.05,78,"Urban - High Density",FALSE
9861,116,16,9,2023-11-23,TRUE,-2,"Chestnut","Summer",TRUE,3.39,30.51,48,"Urban - High Density",TRUE
9862,1478,8,3,2023-07-22,TRUE,3,"Garlic","Winter",TRUE,3.66,10.98,78,"Urban - Medium Density",TRUE
9863,1322,36,7,2023-09-13,NA,2,"Raspberry","Summer",TRUE,5.87,41.09,26,"Urban - Medium Density",TRUE
9864,1910,28,3,2023-02-06,TRUE,-2,"Raspberry","Unknown",TRUE,14.97,44.91,76,"Urban - Medium Density",NA
9865,333,9,10,2023-03-10,TRUE,50,"Onion","Unknown",TRUE,5.01,50.1,120,"Urban - High Density",TRUE
9866,681,2,3,2023-10-29,TRUE,1,"Grape","Unknown",TRUE,10.56,31.68,50,"Urban - Medium Density",TRUE
9867,1826,18,3,2023-07-03,TRUE,-2,"Apple","All Seasons",TRUE,14.07,42.21,79,"Urban - Medium Density",FALSE
9868,1529,45,10,2023-12-29,TRUE,7,"Apricot","All Seasons",TRUE,7.43,74.3,23,"Unknown",TRUE
9869,215,35,5,2023-09-18,TRUE,1,"Hazelnut","All Seasons",TRUE,6.96,34.8,27,"Urban - High Density",TRUE
9870,1113,12,3,2023-04-21,TRUE,-2,"Banana","All Seasons",TRUE,10.29,30.87,34,"Urban - High Density",FALSE
9871,187,45,5,2023-11-21,TRUE,2,"Apricot","All Seasons",TRUE,7.43,37.15,120,"Urban - Medium Density",FALSE
9872,778,3,2,2023-08-26,TRUE,7,"Raspberry","Unknown",FALSE,10.26,20.52,71,"Urban - Medium Density",TRUE
9873,562,10,4,2023-09-07,TRUE,1,"Blueberry","Summer",FALSE,4.44,17.76,44,"Urban - Medium Density",TRUE
9874,1984,50,3,2023-12-08,TRUE,3,"Sweet Potato","Unknown",FALSE,1.01,3.03,32,"Urban - High Density",TRUE
9875,855,38,9,2023-06-18,TRUE,3,"Apricot","Summer",TRUE,8.8,79.2,26,"Urban - High Density",TRUE
9876,1683,13,10,NA,TRUE,2,"Cucumber","All Seasons",NA,8.17,81.7,34,"Urban - High Density",FALSE
9877,91,8,10,2023-05-23,TRUE,5,"Garlic","Winter",TRUE,3.66,36.6,54,"Urban - High Density",FALSE
9878,1213,29,6,2023-11-03,TRUE,2,"Orange","Summer",FALSE,9.07,54.42,30,"Rural",FALSE
9879,1056,17,9,2023-01-23,TRUE,6,"Pea","All Seasons",TRUE,-2.07,-18.63,57,"Urban - High Density",FALSE
9880,1724,50,10,2023-11-12,TRUE,4,"Sweet Potato","Unknown",FALSE,1.01,10.1,22,"Urban - Medium Density",TRUE
9881,1592,11,8,2023-12-30,TRUE,6,"Strawberry","Summer",TRUE,5.35,42.8,76,"Urban - Medium Density",FALSE
9882,1096,50,5,2023-11-27,TRUE,4,"Sweet Potato","Unknown",FALSE,1.01,5.05,46,"Rural",FALSE
9883,441,37,9,2023-08-28,TRUE,5,"Radish","Unknown",TRUE,7.32,65.88,120,"Urban - Medium Density",FALSE
9884,1933,30,6,2023-02-22,TRUE,1,"Lychee","All Seasons",TRUE,1.21,7.26,45,"Unknown",FALSE
9885,952,19,6,2023-05-14,TRUE,5,"Banana","Winter",TRUE,-0.17,-1.02,19,"Urban - Medium Density",FALSE
9886,334,46,3,2023-09-02,TRUE,7,"Chestnut","All Seasons",TRUE,-4.08,-12.24,77,"Urban - Medium Density",TRUE
9887,484,5,10,2023-12-06,TRUE,2,"Apricot","Summer",FALSE,10.18,101.8,63,"Urban - Medium Density",TRUE
9888,1102,19,0,2023-03-30,TRUE,-2,"Banana","Winter",TRUE,-0.17,0,77,"Urban - High Density",TRUE
9889,1134,34,3,2023-11-01,TRUE,7,"Celery","Winter",TRUE,5.77,17.31,52,"Urban - High Density",TRUE
9890,506,3,2,2023-08-27,TRUE,4,"Raspberry","Unknown",FALSE,10.26,20.52,42,"Rural",TRUE
9891,781,29,5,2023-09-12,TRUE,2,"Orange","Summer",FALSE,9.07,45.35,67,"Urban - High Density",FALSE
9892,651,47,10,2023-11-05,TRUE,4,"Mango","Summer",FALSE,2.32,23.2,25,"Urban - High Density",TRUE
9893,914,46,6,2023-04-06,TRUE,5,"Chestnut","All Seasons",TRUE,-4.08,-24.48,25,"Urban - High Density",TRUE
9894,87,50,1,2023-05-02,FALSE,1,"Sweet Potato","Unknown",FALSE,1.01,1.01,69,"Urban - Medium Density",TRUE
9895,806,10,1,2023-12-29,TRUE,2,"Blueberry","Summer",FALSE,4.44,4.44,54,"Urban - High Density",FALSE
9896,519,9,5,2023-09-03,TRUE,7,"Onion","Unknown",TRUE,5.01,25.05,44,"Urban - Medium Density",TRUE
9897,1644,17,4,2023-11-25,TRUE,1,"Pea","All Seasons",TRUE,-2.07,-8.28,47,"Urban - High Density",NA
9898,1439,3,10,2023-04-14,TRUE,7,"Raspberry","Unknown",FALSE,10.26,102.6,42,"Urban - High Density",TRUE
9899,471,13,1,2023-08-16,TRUE,6,"Cucumber","All Seasons",NA,8.17,8.17,54,"Urban - High Density",TRUE
9900,1052,8,7,2023-03-31,TRUE,-2,"Garlic","Winter",TRUE,3.66,25.62,77,"Urban - Medium Density",TRUE
9901,328,6,9,2023-03-01,TRUE,2,"Walnut","Summer",TRUE,-3.25,-29.25,47,"Urban - Medium Density",TRUE
9902,280,42,2,2023-01-18,TRUE,5,"Pomegranate","Winter",TRUE,10.95,21.9,70,"Urban - Medium Density",TRUE
9903,1262,40,3,2023-04-06,TRUE,50,"Orange","Winter",FALSE,3.87,11.61,30,"Urban - High Density",TRUE
9904,357,1,7,2023-02-27,TRUE,1,"Strawberry","Unknown",TRUE,4.42,30.94,79,"Urban - High Density",TRUE
9905,946,16,1,2023-06-06,TRUE,2,"Chestnut","Summer",TRUE,3.39,3.39,58,"Urban - High Density",TRUE
9906,663,9,5,2023-11-25,TRUE,-2,"Onion","Unknown",TRUE,5.01,25.05,51,"Urban - High Density",TRUE
9907,797,32,10,2023-11-18,TRUE,2,"Raspberry","All Seasons",TRUE,12.49,124.9,37,"Urban - High Density",FALSE
9908,448,15,4,2023-04-05,TRUE,-2,"Cabbage","All Seasons",FALSE,3.34,13.36,30,"",TRUE
9909,1192,7,7,2023-08-24,TRUE,2,"Lettuce","Unknown",TRUE,8.68,60.76,19,"Urban - High Density",TRUE
9910,1266,2,10,2023-06-11,TRUE,2,"Grape","Unknown",TRUE,10.56,105.6,49,"Urban - High Density",TRUE
9911,1195,43,6,2023-06-06,TRUE,7,"Pear","Unknown",TRUE,4.62,27.72,51,"Urban - High Density",TRUE
9912,262,17,3,2023-07-02,TRUE,7,"Pea","All Seasons",TRUE,-2.07,-6.21,33,"Urban - High Density",TRUE
9913,487,41,7,2023-02-01,TRUE,4,"Strawberry","Summer",TRUE,4.94,34.58,19,"Rural",TRUE
9914,5,13,10,2023-02-18,TRUE,4,"Cucumber","All Seasons",NA,8.17,81.7,65,"Rural",TRUE
9915,1942,30,7,2023-05-02,TRUE,4,"Lychee","All Seasons",TRUE,1.21,8.47,46,"Urban - High Density",TRUE
9916,1775,35,8,2023-12-12,TRUE,3,"Hazelnut","All Seasons",TRUE,6.96,55.68,34,"Urban - Medium Density",TRUE
9917,164,17,7,2023-07-16,TRUE,2,"Pea","All Seasons",TRUE,-2.07,-14.49,50,"Urban - Medium Density",FALSE
9918,1682,6,5,2023-05-10,TRUE,6,"Walnut","Summer",TRUE,-3.25,-16.25,42,"Urban - High Density",TRUE
9919,1069,9,1,2023-10-16,TRUE,4,"Onion","Unknown",TRUE,5.01,5.01,5,"Rural",FALSE
9920,1152,26,-3,2023-05-21,TRUE,6,"Mango","Summer",TRUE,-1.79,5.37,27,"Rural",TRUE
9921,385,29,-3,2023-05-01,TRUE,5,"Orange","Summer",FALSE,9.07,-27.21,53,"Urban - High Density",FALSE
9922,906,11,7,2023-11-24,TRUE,2,"Strawberry","Summer",TRUE,5.35,37.45,32,"Urban - Medium Density",TRUE
9923,1354,36,5,2023-05-25,TRUE,3,"Raspberry","Summer",TRUE,5.87,29.35,27,"Urban - Medium Density",FALSE
9924,1574,34,8,2023-07-07,TRUE,5,"Celery","Winter",TRUE,5.77,46.16,38,"Urban - Medium Density",TRUE
9925,1002,8,7,2023-08-09,TRUE,6,"Garlic","Winter",TRUE,3.66,25.62,23,"Urban - High Density",FALSE
9926,1503,49,3,2023-11-25,TRUE,6,"Cherry","Summer",NA,1.84,5.52,43,"Urban - High Density",FALSE
9927,1521,15,9,2023-05-08,TRUE,-2,"Cabbage","All Seasons",FALSE,3.34,30.06,33,"Urban - High Density",FALSE
9928,1281,22,7,2023-01-20,TRUE,6,"Green Bean","All Seasons",FALSE,-4.21,-29.47,77,"Urban - High Density",TRUE
9929,769,15,-3,2023-04-22,TRUE,-2,"Cabbage","All Seasons",FALSE,3.34,-10.02,120,"Rural",FALSE
9930,808,31,4,2023-03-01,TRUE,4,"Chestnut","All Seasons",NA,0.13,0.52,64,"Urban - High Density",TRUE
9931,1107,42,10,2023-04-08,TRUE,3,"Pomegranate","Winter",TRUE,10.95,109.5,59,"Urban - High Density",TRUE
9932,491,9,7,2023-06-20,TRUE,1,"Onion","Unknown",TRUE,5.01,35.07,75,"Urban - Medium Density",TRUE
9933,1115,21,7,2023-01-30,TRUE,2,"Sweet Potato","All Seasons",TRUE,12.3,86.1,20,"Rural",NA
9934,1132,9,7,2023-12-27,TRUE,3,"Onion","Unknown",TRUE,5.01,35.07,53,"Urban - Medium Density",FALSE
9935,1864,3,5,2023-11-26,TRUE,6,"Raspberry","Unknown",FALSE,10.26,51.3,21,"Rural",FALSE
9936,546,21,-3,2023-10-02,TRUE,-2,"Sweet Potato","All Seasons",TRUE,12.3,-36.9,24,"Urban - Medium Density",TRUE
9937,493,27,7,2023-10-25,TRUE,50,"Peach","Winter",TRUE,13.88,97.16,55,"Rural",TRUE
9938,271,6,-3,2023-07-18,TRUE,50,"Walnut","Summer",TRUE,-3.25,9.75,41,"Rural",FALSE
9939,1181,33,9,2023-05-31,TRUE,50,"Banana","All Seasons",TRUE,13.25,119.25,51,"Urban - High Density",NA
9940,889,13,5,2023-06-02,TRUE,-2,"Cucumber","All Seasons",NA,8.17,40.85,52,"Urban - Medium Density",FALSE
9941,636,27,10,2023-04-21,TRUE,1,"Peach","Winter",TRUE,13.88,138.8,54,"Urban - Medium Density",FALSE
9942,1062,48,4,2023-08-11,TRUE,1,"Blueberry","Winter",TRUE,0.78,3.12,32,"Rural",FALSE
9943,1881,7,7,2023-01-22,TRUE,5,"Lettuce","Unknown",TRUE,8.68,60.76,23,"Urban - High Density",TRUE
9944,175,48,0,2023-09-20,FALSE,6,"Blueberry","Winter",TRUE,0.78,0,21,"Rural",TRUE
9945,407,50,1,2023-09-17,TRUE,50,"Sweet Potato","Unknown",FALSE,1.01,1.01,25,"Urban - High Density",FALSE
9946,1881,45,7,2023-10-02,TRUE,3,"Apricot","All Seasons",TRUE,7.43,52.01,23,"Urban - High Density",TRUE
9947,1109,2,6,2023-10-01,TRUE,1,"Grape","Unknown",TRUE,10.56,63.36,76,"Urban - High Density",TRUE
9948,1222,16,2,2023-12-01,TRUE,2,"Chestnut","Summer",TRUE,3.39,6.78,30,"Rural",TRUE
9949,1039,48,-3,2023-07-27,TRUE,50,"Blueberry","Winter",TRUE,0.78,-2.34,70,"Urban - High Density",TRUE
9950,120,13,10,2023-09-21,TRUE,7,"Cucumber","All Seasons",NA,8.17,81.7,24,"Unknown",TRUE
9951,1367,34,4,2023-10-26,TRUE,-2,"Celery","Winter",TRUE,5.77,23.08,77,"Urban - High Density",FALSE
9952,1263,45,2,2023-09-20,FALSE,50,"Apricot","All Seasons",TRUE,7.43,14.86,76,"Rural",TRUE
9953,1421,42,1,2023-12-07,TRUE,2,"Pomegranate","Winter",TRUE,10.95,10.95,65,"Urban - High Density",FALSE
9954,872,49,9,2023-05-08,TRUE,50,"Cherry","Summer",NA,1.84,16.56,51,"Urban - Medium Density",FALSE
9955,1840,17,9,2023-01-10,TRUE,6,"Pea","All Seasons",TRUE,-2.07,-18.63,55,"Urban - High Density",FALSE
9956,1435,7,6,2023-07-17,TRUE,7,"Lettuce","Unknown",TRUE,8.68,52.08,32,"Urban - Medium Density",FALSE
9957,1347,4,4,2023-05-24,TRUE,5,"Watermelon","Unknown",TRUE,12.08,48.32,28,"Rural",FALSE
9958,364,36,3,2023-05-02,TRUE,50,"Raspberry","Summer",TRUE,5.87,17.61,37,"Rural",FALSE
9959,1129,16,-3,2023-05-29,TRUE,5,"Chestnut","Summer",TRUE,3.39,-10.17,34,"Urban - High Density",TRUE
9960,1137,24,7,2023-08-27,TRUE,4,"Asparagus","Winter",FALSE,2.01,14.07,52,"Urban - High Density",TRUE
9961,955,25,3,2023-07-23,TRUE,5,"Broccoli","All Seasons",TRUE,3.11,9.33,51,"Urban - Medium Density",TRUE
9962,508,46,1,2023-05-31,TRUE,7,"Chestnut","All Seasons",TRUE,-4.08,-4.08,65,"Urban - High Density",NA
9963,1375,49,0,2023-04-25,TRUE,5,"Cherry","Summer",NA,1.84,0,35,"Urban - High Density",TRUE
9964,1931,24,4,2023-05-19,TRUE,2,"Asparagus","Winter",FALSE,2.01,8.04,120,"Urban - High Density",TRUE
9965,844,40,10,2023-10-15,TRUE,50,"Orange","Winter",FALSE,3.87,38.7,20,"Urban - High Density",TRUE
9966,107,11,1,2023-05-27,TRUE,5,"Strawberry","Summer",TRUE,5.35,5.35,23,"Urban - High Density",FALSE
9967,1595,23,7,2023-02-02,TRUE,4,"Corn","Winter",FALSE,1.53,10.71,20,"Urban - Medium Density",FALSE
9968,1398,42,8,2023-04-16,FALSE,5,"Pomegranate","Winter",TRUE,10.95,87.6,21,"Urban - Medium Density",TRUE
9969,94,34,6,2023-10-05,TRUE,50,"Celery","Winter",TRUE,5.77,34.62,45,"Urban - Medium Density",TRUE
9970,5,35,-3,2023-07-11,TRUE,3,"Hazelnut","All Seasons",TRUE,6.96,-20.88,65,"Rural",TRUE
9971,1341,48,8,2023-10-06,TRUE,5,"Blueberry","Winter",TRUE,0.78,6.24,23,"Urban - Medium Density",FALSE
9972,1390,14,2,2023-10-07,FALSE,6,"Fig","Summer",TRUE,3.67,7.34,20,"Rural",NA
9973,605,28,10,2023-08-28,TRUE,7,"Raspberry","Unknown",TRUE,14.97,149.7,50,"Urban - Medium Density",TRUE
9974,1385,26,9,2023-08-29,TRUE,1,"Mango","Summer",TRUE,-1.79,-16.11,77,"Urban - High Density",TRUE
9975,1663,18,-3,2023-07-09,TRUE,2,"Apple","All Seasons",TRUE,14.07,-42.21,66,"Urban - High Density",FALSE
9976,992,35,9,2023-04-23,TRUE,5,"Hazelnut","All Seasons",TRUE,6.96,62.64,36,"Urban - High Density",TRUE
9977,862,37,0,2023-01-10,TRUE,3,"Radish","Unknown",TRUE,7.32,0,33,"Urban - Medium Density",TRUE
9978,551,44,3,2023-05-21,TRUE,3,"Apple","Summer",TRUE,9.24,27.72,35,"Urban - Medium Density",TRUE
9979,1725,22,3,2023-01-14,TRUE,2,"Green Bean","All Seasons",FALSE,-4.21,-12.63,61,"Rural",FALSE
9980,1657,15,6,2023-02-06,FALSE,3,"Cabbage","All Seasons",FALSE,3.34,20.04,59,"Urban - High Density",TRUE
9981,542,26,8,2023-05-19,TRUE,5,"Mango","Summer",TRUE,-1.79,-14.32,32,"Urban - Medium Density",TRUE
9982,955,28,10,2023-08-25,TRUE,4,"Raspberry","Unknown",TRUE,14.97,149.7,51,"Urban - Medium Density",TRUE
9983,162,49,0,2023-08-18,TRUE,1,"Cherry","Summer",NA,1.84,0,72,"Rural",TRUE
9984,1281,26,2,2023-04-29,TRUE,2,"Mango","Summer",TRUE,-1.79,-3.58,77,"Urban - High Density",TRUE
9985,391,27,9,2023-06-07,TRUE,50,"Peach","Winter",TRUE,13.88,124.92,5,"Urban - Medium Density",TRUE
9986,788,46,3,2023-07-21,TRUE,5,"Chestnut","All Seasons",TRUE,-4.08,-12.24,37,"Urban - High Density",FALSE
9987,347,43,1,2023-11-14,TRUE,50,"Pear","Unknown",TRUE,4.62,4.62,69,"Urban - High Density",FALSE
9988,1518,34,3,2023-07-10,TRUE,3,"Celery","Winter",TRUE,5.77,17.31,30,"Urban - High Density",TRUE
9989,1212,49,4,2023-03-30,TRUE,2,"Cherry","Summer",NA,1.84,7.36,30,"Urban - Medium Density",NA
9990,1306,27,5,2023-03-31,TRUE,50,"Peach","Winter",TRUE,13.88,69.4,54,"Urban - Medium Density",FALSE
9991,969,29,4,2023-09-11,TRUE,4,"Orange","Summer",FALSE,9.07,36.28,31,"Urban - High Density",NA
9992,31,23,4,2023-04-09,TRUE,5,"Corn","Winter",FALSE,1.53,6.12,78,"Urban - Medium Density",NA
9993,1062,25,4,2023-03-12,TRUE,5,"Broccoli","All Seasons",TRUE,3.11,12.44,32,"Rural",FALSE
9994,1155,45,-3,2023-09-01,TRUE,3,"Apricot","All Seasons",TRUE,7.43,-22.29,26,"Urban - Medium Density",TRUE
9995,504,23,0,2023-04-27,TRUE,-2,"Corn","Winter",FALSE,1.53,0,61,"Urban - High Density",TRUE
9996,123,28,6,2023-06-15,TRUE,6,"Raspberry","Unknown",TRUE,14.97,89.82,73,"Urban - High Density",TRUE
9997,888,26,6,2023-04-16,TRUE,6,"Mango","Summer",TRUE,-1.79,-10.74,38,"Urban - Medium Density",TRUE
9998,124,44,-3,2023-09-03,TRUE,2,"Apple","Summer",TRUE,9.24,-27.72,76,"Urban - High Density",TRUE
9999,592,17,0,2023-12-08,TRUE,-2,"Pea","All Seasons",TRUE,-2.07,0,41,"Rural",FALSE
10000,1634,13,7,2023-02-22,NA,-2,"Cucumber","All Seasons",NA,8.17,57.19,75,"Urban - Medium Density",TRUE
